year,month,day,max_temp_C,min_temp_C,avg_temp_c,humidity,precipprob,windgust,windspeed,sealevelpressure,cloudcover,visibility,solarradiation,uvindex,precipitation,rain
2015,1,1,15.94,3.94,10.0,74.7,100,11.2,5.8,1020.4,79.1,2.4,96.6,4,0.8,1
2015,1,2,21.67,9.94,12.72,80.1,100,19.9,9.2,1022.2,93.3,2.9,40.4,2,0.0,0
2015,1,3,19.83,8.94,12.67,86.3,100,15.4,15.7,1021.0,90.3,2.8,58.6,4,0.5,1
2015,1,4,21.06,8.94,12.5,85.5,100,17.0,9.2,1018.1,67.1,2.7,118.0,6,0.5,1
2015,1,5,17.94,5.94,10.72,83.2,0,16.3,10.3,1013.9,41.6,3.9,139.2,6,0.0,0
2015,1,6,16.94,7.94,11.22,78.0,0,16.1,10.3,1016.4,62.5,3.7,98.8,5,0.0,0
2015,1,7,15.94,6.33,10.17,77.8,0,15.7,10.3,1017.1,65.7,3.4,102.8,5,0.0,0
2015,1,8,22.06,3.94,9.61,76.4,100,15.7,6.9,1018.9,50.1,3.9,114.1,5,0.0,0
2015,1,9,17.94,3.94,9.11,72.8,0,15.4,9.2,1020.3,24.0,3.8,173.6,7,0.0,0
2015,1,10,19.94,1.94,8.83,68.2,0,12.1,8.1,1018.8,22.9,3.9,190.1,7,0.0,0
2015,1,11,18.94,2.94,9.61,64.8,0,11.6,6.9,1019.3,52.2,3.7,185.8,7,0.0,0
2015,1,12,18.94,2.94,9.5,71.1,0,13.2,8.1,1020.7,31.3,3.3,188.1,7,0.0,0
2015,1,13,18.94,2.94,9.83,72.0,100,14.5,9.2,1020.3,27.0,3.4,191.5,7,0.0,0
2015,1,14,18.94,2.94,9.67,70.5,0,13.9,8.1,1021.1,25.0,3.5,187.5,7,0.0,0
2015,1,15,24.33,2.94,10.0,70.3,0,15.0,9.2,1021.1,23.0,4.1,167.1,7,0.0,0
2015,1,16,16.94,2.94,9.61,73.3,0,14.8,6.9,1021.1,27.1,3.6,151.2,7,0.0,0
2015,1,17,16.94,4.94,10.0,74.8,0,15.4,9.2,1020.0,29.2,3.8,170.2,6,0.0,0
2015,1,18,16.94,2.94,9.61,70.9,0,14.1,9.2,1019.8,25.2,4.1,193.5,7,0.0,0
2015,1,19,18.94,2.94,9.67,69.2,0,14.8,8.1,1019.9,25.1,4.2,192.9,7,0.0,0
2015,1,20,18.94,2.94,9.56,66.8,0,13.2,8.1,1022.5,33.3,4.1,181.8,7,0.0,0
2015,1,21,23.83,2.94,10.44,66.9,0,14.1,6.9,1024.5,25.1,4.0,193.7,7,0.0,0
2015,1,22,18.94,3.94,10.89,67.3,0,15.7,8.1,1022.8,69.7,3.8,187.8,7,0.0,0
2015,1,23,17.94,7.94,12.22,69.2,0,18.6,8.1,1020.0,71.8,4.2,186.9,7,0.0,0
2015,1,24,17.94,2.94,10.56,71.4,0,18.3,10.3,1020.1,44.7,3.9,194.5,7,0.0,0
2015,1,25,18.94,2.94,10.67,67.9,0,18.6,9.2,1021.2,61.3,4.3,189.6,7,0.0,0
2015,1,26,15.94,7.94,11.11,76.4,0,14.3,8.1,1021.9,88.9,3.0,94.0,4,0.0,0
2015,1,27,19.06,6.94,11.33,71.7,0,19.7,10.3,1020.2,55.0,3.7,123.3,5,0.0,0
2015,1,28,19.94,1.94,10.0,67.4,0,18.8,9.2,1017.7,25.4,3.7,206.6,8,0.0,0
2015,1,29,17.94,3.94,9.67,67.0,0,16.6,9.2,1018.8,51.8,3.9,176.5,7,0.0,0
2015,1,30,14.94,2.94,8.17,73.7,100,18.6,11.4,1018.0,31.1,3.4,164.7,7,0.0,0
2015,1,31,16.94,1.94,8.28,70.9,0,15.7,16.1,1018.6,28.0,3.6,176.3,7,0.0,0
2015,2,1,15.94,2.94,8.72,73.9,0,16.1,10.3,1020.7,29.2,3.1,162.2,7,0.0,0
2015,2,2,18.94,2.94,10.0,69.4,0,16.6,9.2,1023.5,27.1,3.4,197.1,7,0.0,0
2015,2,3,20.94,3.94,11.78,67.2,0,30.0,17.2,1025.8,38.1,3.5,193.9,8,0.0,0
2015,2,4,24.17,5.94,12.72,65.4,100,22.8,11.4,1021.9,30.6,4.4,213.5,8,1.0,1
2015,2,5,19.94,3.94,10.94,74.7,0,17.2,11.4,1020.3,27.4,4.0,199.3,7,0.0,0
2015,2,6,20.83,5.72,11.44,78.7,0,17.9,9.2,1019.5,52.0,3.4,158.1,7,0.0,0
2015,2,7,18.94,4.94,11.44,71.9,0,20.6,10.3,1019.3,41.5,3.9,204.0,8,0.0,0
2015,2,8,17.94,4.94,11.22,70.0,0,21.9,11.4,1020.3,65.9,3.9,157.3,7,0.0,0
2015,2,9,19.94,5.94,12.28,67.1,0,18.8,9.2,1021.1,30.2,4.0,203.3,8,0.0,0
2015,2,10,19.94,4.94,12.28,68.1,0,23.3,11.4,1020.8,24.8,4.1,219.7,8,0.0,0
2015,2,11,18.94,4.94,11.72,70.5,0,18.3,9.2,1019.4,48.3,3.3,198.7,8,0.0,0
2015,2,12,18.94,5.94,11.94,71.6,0,15.2,11.4,1017.3,57.0,3.4,162.0,7,0.0,0
2015,2,13,17.94,7.94,12.06,75.7,0,16.1,15.0,1015.1,55.4,3.3,152.4,6,0.0,0
2015,2,14,16.94,5.94,11.44,75.6,0,15.9,12.8,1015.0,51.7,2.8,132.3,5,0.0,0
2015,2,15,16.94,8.94,12.22,74.2,0,14.5,8.1,1017.0,76.9,2.6,108.8,5,0.0,0
2015,2,16,18.94,8.94,12.78,71.2,0,16.3,9.2,1020.2,53.3,2.5,186.0,7,0.0,0
2015,2,17,19.94,7.94,13.28,71.2,0,13.6,11.4,1018.1,42.8,3.0,155.3,6,0.0,0
2015,2,18,19.94,7.94,13.06,71.6,0,13.2,15.0,1017.1,61.1,2.9,139.8,6,0.0,0
2015,2,19,26.17,6.94,12.94,72.0,100,17.4,8.1,1018.6,39.6,4.4,177.7,7,10.9,1
2015,2,20,19.94,6.94,13.28,76.8,100,17.0,10.3,1018.8,27.9,3.2,176.9,7,0.0,0
2015,2,21,19.94,8.94,13.89,78.6,0,19.2,8.1,1017.0,47.0,3.1,170.1,7,0.0,0
2015,2,22,21.94,7.94,14.56,77.9,0,15.0,9.2,1018.3,27.1,3.0,213.0,8,0.0,0
2015,2,23,21.94,12.94,16.61,76.7,100,18.8,20.1,1018.8,46.2,2.7,182.9,7,0.1016,1
2015,2,24,20.94,12.94,16.89,76.9,0,19.2,8.1,1018.2,51.7,2.9,179.4,8,0.0,0
2015,2,25,20.94,10.94,15.89,82.2,0,18.1,10.3,1016.5,63.7,2.3,173.7,6,0.0,0
2015,2,26,14.94,9.94,12.17,89.7,100,23.7,15.0,1016.7,82.1,2.7,99.7,5,0.4064,1
2015,2,27,21.94,7.17,14.39,68.9,100,19.5,17.2,1017.3,49.3,3.9,234.9,8,1.8,1
2015,2,28,21.94,6.94,13.89,64.0,0,17.9,9.2,1019.5,64.5,4.1,191.0,8,0.0,0
2015,3,1,22.67,10.94,12.44,82.0,100,17.2,13.4,1022.1,92.9,2.9,43.3,2,9.7,1
2015,3,2,17.33,9.22,11.39,88.7,100,15.9,13.9,1021.4,95.9,3.5,41.3,1,33.5,1
2015,3,3,17.94,8.94,12.72,83.6,100,11.9,8.1,1016.2,71.0,3.6,109.3,5,3.9878,1
2015,3,4,18.94,4.72,12.0,75.1,100,21.9,19.7,1014.2,53.1,4.2,209.3,8,0.0,0
2015,3,5,18.94,5.94,12.22,71.8,0,19.9,10.3,1017.3,28.1,4.7,232.5,8,0.0,0
2015,3,6,20.94,5.94,13.17,70.4,0,19.2,10.3,1018.7,26.0,4.4,243.4,9,0.0,0
2015,3,7,25.33,4.83,13.44,73.7,100,16.8,9.2,1017.3,26.6,4.3,238.9,8,0.0,0
2015,3,8,21.94,7.94,14.5,72.3,0,19.0,12.8,1020.4,39.7,3.9,256.2,9,0.0,0
2015,3,9,22.94,8.94,15.39,58.3,0,24.4,16.1,1022.8,25.0,4.4,266.2,9,0.0,0
2015,3,10,22.94,5.94,14.78,51.3,0,27.7,15.0,1021.2,25.0,4.4,281.0,10,0.0,0
2015,3,11,24.94,6.94,15.39,58.2,0,19.0,10.3,1020.7,28.1,4.4,277.6,9,0.0,0
2015,3,12,23.94,7.94,16.28,67.4,0,21.3,9.2,1020.6,40.9,3.9,272.7,9,0.0,0
2015,3,13,24.94,9.94,17.22,64.5,0,20.4,11.4,1018.9,54.3,4.1,236.2,9,0.0,0
2015,3,14,23.94,12.94,17.56,61.4,100,25.1,11.4,1020.2,63.2,4.2,229.6,8,0.0,0
2015,3,15,20.94,10.94,15.5,68.2,0,20.6,11.4,1021.9,71.1,4.1,89.9,4,0.0,0
2015,3,16,22.94,11.94,16.22,70.1,100,18.6,10.3,1022.5,75.3,4.0,206.1,8,2.3,1
2015,3,17,22.94,8.94,16.06,62.8,0,21.9,12.8,1018.1,25.0,4.5,270.3,9,0.0,0
2015,3,18,21.94,9.94,15.06,65.4,0,15.9,22.4,1015.7,61.7,4.2,203.6,7,0.0,0
2015,3,19,21.94,7.94,14.89,60.0,0,20.6,9.2,1017.9,27.7,4.6,253.2,9,0.0,0
2015,3,20,23.94,8.94,16.11,64.6,0,18.6,15.0,1019.8,32.3,3.9,259.8,9,0.0,0
2015,3,21,22.94,10.94,17.33,70.2,0,19.0,11.4,1020.1,33.3,3.5,251.2,9,0.0,0
2015,3,22,24.94,10.94,18.28,67.9,0,16.1,22.4,1018.2,42.8,3.5,233.7,9,0.0,0
2015,3,23,33.17,12.94,18.78,76.0,100,14.8,6.9,1014.7,46.4,3.0,200.8,7,4.3,1
2015,3,24,34.83,11.83,19.0,76.2,100,14.5,22.4,1015.3,42.9,3.1,252.4,8,2.8,1
2015,3,25,26.94,13.94,19.72,73.7,100,15.0,12.8,1020.9,55.4,2.7,224.0,8,1.5,1
2015,3,26,24.94,13.94,17.89,82.3,100,14.1,12.8,1021.8,59.2,2.0,196.7,7,26.9,1
2015,3,27,21.94,14.94,17.06,85.9,100,19.5,10.3,1021.4,89.7,1.7,180.1,6,1.0,1
2015,3,28,24.94,11.94,18.83,73.2,100,15.4,11.4,1018.8,44.6,3.8,240.1,8,1.0,1
2015,3,29,32.06,14.94,19.39,77.5,100,15.7,11.4,1017.2,78.6,3.3,208.6,8,0.0,0
2015,3,30,25.83,11.56,15.28,87.3,100,17.4,8.1,1015.6,91.2,3.1,41.2,2,11.4,1
2015,3,31,23.06,10.33,16.44,72.8,100,17.4,10.3,1014.3,45.0,4.8,264.5,9,0.0,0
2015,4,1,23.94,10.94,17.61,69.1,0,17.7,8.1,1014.5,40.1,4.5,251.0,8,0.0,0
2015,4,2,23.94,12.94,18.61,65.2,0,23.9,12.8,1011.5,49.2,4.3,232.6,8,0.0,0
2015,4,3,24.94,12.94,18.0,69.7,0,25.9,11.4,1010.6,41.3,4.2,238.1,9,0.0,0
2015,4,4,25.94,10.94,16.11,74.2,100,29.3,17.2,1011.3,50.5,3.8,237.4,9,3.0,1
2015,4,5,23.94,9.94,16.5,66.9,100,19.0,15.0,1013.0,43.8,4.5,270.0,9,3.3,1
2015,4,6,29.33,9.94,17.72,63.9,0,17.9,15.0,1013.5,28.1,4.2,285.4,9,0.0,0
2015,4,7,22.94,11.94,17.72,64.6,0,18.3,10.3,1016.6,53.5,4.1,256.4,9,0.0,0
2015,4,8,33.17,10.94,18.83,55.7,0,23.0,12.8,1015.8,22.8,4.7,295.1,10,0.0,0
2015,4,9,32.67,10.56,18.5,56.4,0,18.3,10.3,1014.0,25.3,4.5,288.9,10,0.0,0
2015,4,10,25.94,11.94,18.83,56.7,0,19.7,13.9,1015.5,25.0,4.1,289.1,10,0.0,0
2015,4,11,34.33,11.94,20.06,54.7,0,21.5,15.0,1016.8,25.6,3.9,270.7,9,0.0,0
2015,4,12,24.94,11.94,17.83,65.4,100,19.5,10.3,1020.7,70.5,3.0,201.3,7,0.3,1
2015,4,13,22.06,13.94,15.5,88.1,100,16.3,4.7,1021.3,94.3,3.4,113.8,6,9.9,1
2015,4,14,23.94,12.94,17.56,78.0,0,15.2,4.7,1020.4,80.0,3.1,179.6,8,0.0,0
2015,4,15,31.06,13.94,17.94,78.8,100,19.9,9.2,1020.2,85.4,3.5,178.6,8,1.0,1
2015,4,16,23.94,12.94,17.67,75.4,0,17.2,11.4,1021.3,73.3,3.6,273.3,10,0.0,0
2015,4,17,21.94,12.94,16.22,82.2,0,15.7,11.4,1016.4,72.6,3.5,221.7,9,0.0,0
2015,4,18,21.94,12.94,17.83,77.1,100,21.9,10.3,1011.6,68.5,4.0,200.1,8,10.2,1
2015,4,19,25.94,12.94,19.56,76.1,0,17.4,11.4,1014.1,40.7,3.8,231.6,8,0.0,0
2015,4,20,25.94,16.94,21.17,76.3,100,20.1,15.0,1016.6,48.8,3.8,247.7,8,0.0,0
2015,4,21,27.94,16.94,21.39,71.6,0,27.7,13.9,1013.9,59.5,3.9,249.4,8,0.0,0
2015,4,22,25.94,13.94,19.22,71.2,100,31.1,19.7,1011.9,47.4,3.9,233.7,8,3.3,1
2015,4,23,32.67,11.94,20.17,61.4,0,17.9,15.0,1013.9,30.0,4.3,276.8,9,0.0,0
2015,4,24,24.94,13.94,18.44,68.1,0,17.9,11.4,1016.5,54.4,4.0,272.6,9,0.0,0
2015,4,25,19.94,13.67,15.78,77.8,100,19.7,13.9,1016.4,89.8,4.6,167.0,7,9.296399999999998,1
2015,4,26,22.94,13.06,16.5,80.0,100,16.6,13.9,1016.5,91.1,4.8,187.8,7,8.5852,1
2015,4,27,23.94,12.17,17.83,76.9,100,14.8,6.9,1017.6,51.5,5.2,206.0,7,4.3,1
2015,4,28,20.94,13.94,16.78,82.4,100,19.0,10.3,1016.1,73.7,4.2,202.2,7,3.0,1
2015,4,29,21.94,11.94,16.67,80.6,100,15.4,13.9,1015.1,66.9,4.4,188.4,6,0.0,0
2015,4,30,21.94,12.72,17.89,81.2,100,15.9,5.8,1015.8,70.5,4.2,245.0,8,8.6,1
2015,5,1,27.94,13.94,20.39,72.5,100,19.0,11.4,1014.8,36.0,4.6,249.9,9,0.9906,1
2015,5,2,26.94,14.22,20.67,68.8,0,28.9,15.0,1014.7,38.9,4.8,278.5,8,0.0,0
2015,5,3,27.94,12.94,20.56,58.5,0,16.6,11.4,1015.5,25.0,5.3,296.2,9,0.0,0
2015,5,4,27.94,12.94,21.22,53.4,0,19.2,13.9,1016.2,26.1,5.3,306.6,10,0.0,0
2015,5,5,28.94,13.94,21.33,54.2,0,19.5,8.1,1015.3,35.5,5.3,311.5,10,0.0,0
2015,5,6,28.94,14.94,22.11,55.0,0,19.9,9.2,1013.8,36.6,4.9,287.9,10,0.0,0
2015,5,7,27.94,16.94,21.72,71.4,0,19.5,13.9,1014.8,61.6,3.6,268.3,9,0.0,0
2015,5,8,25.94,16.94,21.56,75.8,0,16.3,13.9,1014.1,74.3,3.2,276.7,9,0.0,0
2015,5,9,25.94,17.94,21.22,82.0,100,14.1,8.1,1013.3,75.6,3.4,184.1,8,0.508,1
2015,5,10,26.94,16.94,21.56,79.7,100,15.7,16.1,1013.5,67.4,3.5,224.2,8,5.1,1
2015,5,11,28.94,14.67,22.06,75.0,100,19.5,15.0,1015.4,60.8,4.2,257.5,9,11.4,1
2015,5,12,27.94,15.94,21.39,73.0,100,24.8,8.1,1015.0,57.2,4.7,281.0,9,17.0,1
2015,5,13,35.06,17.94,23.0,72.1,100,16.3,12.8,1014.1,44.3,4.9,238.5,9,0.0,0
2015,5,14,33.83,17.94,24.56,63.9,100,19.9,12.8,1015.1,45.5,4.8,270.6,8,0.0,0
2015,5,15,27.94,19.94,23.89,62.6,0,19.2,10.3,1014.9,74.7,4.1,231.7,8,0.0,0
2015,5,16,27.94,17.94,21.17,71.7,100,18.3,9.2,1014.3,76.4,4.1,260.4,9,2.0,1
2015,5,17,26.94,16.94,22.06,69.0,100,15.0,11.4,1012.3,63.6,4.5,269.0,9,0.0,0
2015,5,18,34.17,17.33,22.67,72.7,100,18.1,9.2,1011.4,53.1,3.9,232.8,8,0.0,0
2015,5,19,33.83,17.94,23.28,73.5,100,13.6,13.9,1011.0,45.9,4.3,229.7,8,0.0,0
2015,5,20,28.94,20.94,24.33,73.0,100,16.3,13.9,1010.9,59.0,4.7,205.6,7,0.3,1
2015,5,21,30.06,17.33,24.17,65.3,0,19.5,12.8,1009.7,60.5,4.5,243.8,9,0.0,0
2015,5,22,30.94,16.94,23.94,60.6,100,17.4,11.4,1008.5,26.4,4.6,284.6,9,0.0,0
2015,5,23,31.94,16.06,22.22,61.6,100,34.4,20.8,1008.9,41.1,4.2,296.0,9,1.0,1
2015,5,24,30.94,13.94,22.56,62.9,100,23.3,15.0,1010.1,33.5,4.9,296.6,9,3.3,1
2015,5,25,30.94,16.83,24.0,61.5,0,23.0,13.9,1009.4,38.9,4.1,280.8,9,0.0,0
2015,5,26,28.94,16.94,23.11,65.6,100,20.8,9.2,1011.6,43.6,4.9,253.7,9,7.4,1
2015,5,27,29.94,15.94,22.94,66.3,100,20.4,11.4,1011.9,35.5,5.2,261.7,9,3.3,1
2015,5,28,28.94,16.56,23.5,68.0,0,19.2,9.2,1010.7,36.0,4.7,267.5,8,0.0,0
2015,5,29,28.94,19.94,24.22,70.8,0,19.9,15.0,1011.6,41.9,4.2,250.3,9,0.0,0
2015,5,30,27.94,20.94,24.39,72.9,100,19.5,11.4,1012.2,59.0,3.8,236.1,9,0.0,0
2015,5,31,30.94,19.94,25.33,64.9,0,24.2,15.0,1010.8,37.5,4.9,277.6,8,0.0,0
2015,6,1,30.94,18.94,25.39,54.3,0,27.7,16.1,1010.3,22.9,5.2,300.3,9,0.0,0
2015,6,2,32.94,17.94,24.72,53.8,100,21.0,13.9,1012.0,31.3,5.2,311.2,10,0.0,0
2015,6,3,31.94,18.94,25.44,56.9,0,20.1,13.9,1014.3,39.1,4.7,312.2,10,0.0,0
2015,6,4,28.94,20.94,23.06,75.3,100,17.2,9.2,1014.9,57.5,3.3,256.9,8,2.0,1
2015,6,5,30.94,18.94,25.22,63.6,0,21.7,12.8,1013.8,28.1,4.4,275.2,9,0.0,0
2015,6,6,32.94,18.94,25.94,57.8,0,19.5,13.9,1010.8,34.2,4.8,284.6,9,0.0,0
2015,6,7,31.94,18.94,25.94,54.1,100,21.0,13.9,1010.7,35.8,5.0,287.6,10,0.0,0
2015,6,8,37.06,18.94,26.56,55.0,0,22.4,13.9,1010.1,38.3,4.9,290.9,10,0.0,0
2015,6,9,32.94,20.94,27.17,54.6,0,25.3,13.9,1008.8,49.6,4.7,306.8,10,0.0,0
2015,6,10,29.94,20.94,24.39,76.0,100,19.2,15.0,1009.3,66.9,3.5,253.3,8,6.1,1
2015,6,11,28.94,20.56,24.28,76.8,100,23.0,11.4,1009.8,80.0,3.8,176.0,7,0.5,1
2015,6,12,31.83,18.94,24.33,77.0,100,25.7,11.4,1008.8,75.3,4.3,97.9,5,5.6,1
2015,6,13,27.94,17.94,22.94,76.2,100,24.2,11.4,1009.3,73.7,5.3,133.8,6,15.5,1
2015,6,14,27.94,19.94,23.33,70.5,100,17.9,11.4,1009.6,75.3,5.2,209.7,8,1.5,1
2015,6,15,27.94,19.94,23.72,68.9,0,14.5,11.4,1009.6,55.8,5.5,179.5,6,0.0,0
2015,6,16,26.94,18.94,23.0,76.1,100,15.7,9.2,1009.6,72.9,5.1,253.8,8,3.3,1
2015,6,17,31.06,19.78,24.61,74.6,100,16.3,10.3,1009.1,55.5,5.0,244.2,8,5.1,1
2015,6,18,29.94,20.94,24.56,76.2,100,15.2,13.9,1009.1,67.6,4.8,243.1,8,0.5,1
2015,6,19,35.06,20.94,24.33,77.5,100,13.6,12.8,1009.4,75.6,4.6,156.9,6,2.5,1
2015,6,20,28.94,19.94,23.56,83.0,100,15.7,19.7,1010.6,74.2,4.3,193.2,7,48.5,1
2015,6,21,28.94,20.33,24.06,80.9,100,17.7,11.4,1009.3,76.6,4.9,237.3,9,19.3,1
2015,6,22,27.94,20.94,23.56,82.5,100,14.5,10.3,1006.3,86.2,4.9,148.0,5,0.3,1
2015,6,23,27.94,20.94,23.61,82.1,100,13.0,13.9,1005.3,71.0,5.0,87.8,3,1.5,1
2015,6,24,27.94,20.33,24.17,77.8,100,14.3,15.0,1006.6,64.6,5.2,106.9,3,2.3,1
2015,6,25,28.94,19.94,24.11,81.0,100,16.1,12.8,1005.4,67.7,4.7,183.7,7,1.5,1
2015,6,26,28.94,20.94,22.94,88.2,100,14.8,10.3,1004.3,84.7,4.0,117.8,4,18.8,1
2015,6,27,26.94,20.94,22.28,89.3,0,12.3,11.4,1006.7,91.4,3.8,82.7,3,5.6,1
2015,6,28,26.06,20.94,23.28,82.7,100,29.1,11.4,1010.5,90.5,4.8,121.6,5,1.0,1
2015,6,29,27.94,19.78,23.61,77.9,100,16.6,11.4,1013.3,76.0,4.7,163.0,8,0.0,0
2015,6,30,33.33,20.33,24.72,80.2,100,15.7,10.3,1011.9,73.9,4.0,210.6,8,0.0,0
2016,7,1,21.94,19.94,21.06,96.8,100,21.9,9.2,1009.1,97.0,3.3,53.0,3,53.1,1
2016,7,2,26.94,19.94,21.67,93.9,100,20.8,9.2,1009.8,91.0,4.2,105.7,4,13.7,1
2016,7,3,28.94,20.94,23.22,88.4,100,18.3,12.8,1007.7,86.3,4.4,145.6,6,2.0,1
2016,7,4,26.94,20.94,23.72,84.5,100,15.4,5.8,1006.3,85.3,4.7,151.3,6,16.8,1
2016,7,5,26.94,21.94,24.28,82.7,100,31.1,11.4,1005.7,86.4,4.8,145.0,7,3.8,1
2016,7,6,26.94,20.06,23.56,85.3,100,21.9,19.7,1005.7,86.2,4.9,141.4,5,0.0,0
2016,7,7,28.94,20.94,24.0,84.8,100,17.7,12.8,1007.5,76.3,4.6,173.9,6,6.1,1
2016,7,8,27.94,20.94,24.39,83.0,100,18.8,6.9,1008.0,76.9,4.5,178.8,7,0.3,1
2016,7,9,27.94,20.22,23.89,85.5,100,19.7,11.4,1006.5,79.8,4.4,177.4,8,0.0,0
2016,7,10,27.94,20.56,23.61,84.5,100,17.2,12.8,1006.1,81.0,4.6,163.6,6,2.5,1
2016,7,11,26.94,20.94,23.39,88.4,100,18.6,6.9,1008.7,90.0,4.4,102.2,5,9.4,1
2016,7,12,27.94,21.06,24.11,84.6,100,17.2,10.3,1009.2,80.1,4.6,152.7,5,0.1016,1
2016,7,13,28.94,20.94,24.5,81.4,100,15.7,9.2,1009.4,88.0,4.7,0.0,0,1.0,1
2016,7,14,27.94,20.94,23.89,86.1,100,13.0,10.3,1008.3,87.8,4.3,138.7,6,39.1,1
2016,7,15,33.17,20.56,23.83,88.7,100,14.8,15.0,1008.1,86.3,3.8,130.2,5,14.2,1
2016,7,16,26.94,20.94,23.28,89.0,100,22.1,10.3,1010.3,90.5,4.2,151.0,6,29.0,1
2016,7,17,25.94,20.17,22.11,92.8,100,18.6,10.3,1011.0,90.9,3.8,91.8,4,0.2032,1
2016,7,18,25.94,20.67,22.89,88.5,100,12.5,9.2,1009.9,86.9,4.4,85.5,4,38.6,1
2016,7,19,26.94,20.44,23.78,86.6,100,14.8,8.1,1007.9,88.5,4.3,164.9,6,24.4,1
2016,7,20,25.06,20.67,22.83,91.3,100,13.2,9.2,1009.0,88.6,4.2,80.7,4,0.5,1
2016,7,21,23.94,20.94,22.28,92.1,100,13.9,8.1,1010.6,91.0,3.5,77.9,3,14.5,1
2016,7,22,25.83,20.94,21.44,94.6,100,15.0,5.8,1011.2,94.5,3.4,56.7,2,37.6,1
2016,7,23,30.06,19.56,22.78,88.2,100,16.3,6.9,1011.3,91.2,3.7,101.2,6,0.5,1
2016,7,24,27.94,19.94,23.39,85.9,100,15.7,11.4,1011.7,86.4,4.0,167.5,7,0.5,1
2016,7,25,24.94,19.94,21.61,94.1,100,15.7,5.8,1012.8,94.0,3.2,79.4,4,28.4,1
2016,7,26,25.94,18.94,22.28,88.5,100,15.7,9.2,1015.1,92.5,3.4,100.2,4,86.1,1
2016,7,27,25.94,20.94,22.22,86.9,0,18.8,9.2,1015.0,86.9,4.5,143.3,7,0.3,1
2016,7,28,25.94,19.94,22.22,89.7,100,13.0,6.9,1013.1,91.0,4.0,59.9,2,6.6,1
2016,7,29,25.94,19.94,22.5,86.9,100,14.1,6.9,1011.9,90.5,4.1,104.8,6,2.1082,1
2016,7,30,24.94,19.83,22.61,85.1,100,34.4,9.2,1012.0,88.5,4.3,108.3,4,29.9974,1
2016,7,31,32.06,19.94,22.89,88.9,100,11.4,4.7,1011.4,89.5,4.3,61.6,2,2.8,1
2016,8,1,27.94,19.94,22.22,88.5,100,16.3,10.3,1010.4,88.5,4.1,152.8,6,9.1,1
2016,8,2,27.94,19.94,22.94,85.2,100,16.6,15.0,1008.3,78.5,4.4,210.5,7,1.8,1
2016,8,3,27.94,19.94,23.89,83.5,100,15.7,9.2,1008.5,80.6,4.6,214.7,7,1.0,1
2016,8,4,28.94,20.94,24.33,84.0,100,15.0,13.9,1009.1,64.3,4.5,205.9,8,7.6,1
2016,8,5,35.06,21.94,24.56,85.1,100,16.1,16.1,1010.1,77.6,4.2,176.6,8,0.0,0
2016,8,6,33.83,20.94,24.0,84.9,100,13.9,8.1,1010.1,86.3,4.6,161.0,7,13.2,1
2016,8,7,28.94,20.67,24.39,80.9,100,18.3,13.9,1010.5,71.0,5.0,159.4,5,81.00059999999999,1
2016,8,8,28.94,20.72,23.67,85.9,100,26.4,15.0,1010.7,80.9,4.1,167.4,6,2.0,1
2016,8,9,27.94,20.44,23.56,84.2,100,32.2,13.9,1009.5,77.9,4.8,181.6,7,2.3,1
2016,8,10,26.94,20.33,23.0,86.1,100,15.2,15.0,1010.6,84.7,4.6,147.6,5,0.8128,1
2016,8,11,26.94,19.94,23.5,82.6,100,14.8,8.1,1011.8,90.0,4.4,178.4,7,10.9,1
2016,8,12,26.94,20.94,23.5,87.3,0,15.4,13.9,1011.1,86.8,4.0,196.1,7,0.0,0
2016,8,13,27.94,20.94,24.06,84.5,100,13.6,9.2,1010.0,83.3,4.3,148.7,6,10.4,1
2016,8,14,27.94,21.94,23.94,85.6,100,15.9,10.3,1008.9,86.4,4.4,163.5,6,0.8,1
2016,8,15,28.94,21.94,24.0,84.2,100,25.3,10.3,1007.5,78.5,4.1,183.3,8,0.5,1
2016,8,16,28.94,20.94,23.5,85.8,100,15.7,15.0,1006.8,76.2,4.0,166.0,8,19.6,1
2016,8,17,26.94,19.94,23.28,82.8,100,15.4,10.3,1007.7,86.3,4.6,169.0,6,4.6,1
2016,8,18,28.94,20.44,23.83,84.7,100,13.9,8.1,1008.0,81.0,4.5,163.8,7,0.0,0
2016,8,19,27.94,19.94,24.0,83.3,100,15.2,12.8,1010.3,72.2,5.0,159.0,6,0.5,1
2016,8,20,27.94,20.72,24.56,83.5,100,14.5,9.2,1010.2,80.6,4.9,171.5,6,5.1,1
2016,8,21,29.94,21.94,24.22,85.4,100,15.2,10.3,1010.8,80.6,3.9,199.6,7,2.5,1
2016,8,22,25.94,20.94,22.72,88.2,100,11.6,8.1,1012.5,89.0,4.2,82.4,3,8.9,1
2016,8,23,26.94,19.94,23.28,82.8,100,17.9,12.8,1013.2,59.0,4.9,200.5,7,2.3,1
2016,8,24,28.94,20.44,24.28,79.0,0,16.1,9.2,1013.2,77.4,4.7,161.2,7,0.0,0
2016,8,25,30.94,19.94,25.39,75.7,0,17.2,9.2,1014.0,44.3,4.9,232.3,8,0.0,0
2016,8,26,28.94,19.94,23.61,81.3,100,15.9,12.8,1015.7,79.8,4.9,231.4,8,15.5,1
2016,8,27,30.94,21.94,25.5,77.4,0,16.6,6.9,1016.0,64.8,5.1,260.2,9,0.0,0
2016,8,28,28.94,20.94,24.33,78.8,0,18.3,10.3,1015.8,64.3,5.3,229.8,8,0.0,0
2016,8,29,27.94,19.94,23.67,81.8,100,17.2,9.2,1013.1,69.5,4.7,190.1,7,0.5,1
2016,8,30,25.94,20.94,23.33,84.0,100,15.0,9.2,1011.7,83.8,4.3,162.0,7,0.5,1
2016,8,31,27.94,19.94,23.22,85.7,100,15.0,11.4,1011.4,80.1,4.0,175.2,7,18.008599999999998,1
2016,9,1,26.94,20.94,23.78,82.5,100,16.3,10.3,1010.5,83.3,4.3,168.1,7,0.0,0
2016,9,2,27.94,20.94,23.94,82.4,0,18.1,10.3,1008.3,78.5,4.9,146.7,6,0.0,0
2016,9,3,27.94,19.94,22.61,89.3,100,14.1,13.9,1008.2,87.8,4.0,124.9,4,35.9918,1
2016,9,4,24.94,18.94,22.11,88.4,100,16.8,5.8,1010.8,90.0,4.3,75.4,4,0.1016,1
2016,9,5,26.94,20.06,23.39,84.3,100,17.4,8.1,1010.8,88.5,4.4,135.9,6,0.0,0
2016,9,6,26.94,20.94,22.56,88.8,100,17.9,8.1,1012.1,86.4,4.1,70.2,5,2.0,1
2016,9,7,26.94,19.94,22.72,89.2,100,16.8,9.2,1011.5,90.5,4.4,168.3,6,6.1,1
2016,9,8,27.94,20.94,23.39,83.0,100,13.9,10.3,1013.4,86.4,4.7,124.5,7,2.3,1
2016,9,9,28.94,20.44,23.28,85.5,100,15.9,8.1,1014.0,88.5,4.4,169.5,6,0.0,0
2016,9,10,24.94,20.94,22.17,91.6,100,14.8,4.7,1014.0,87.3,4.0,125.2,6,15.7,1
2016,9,11,25.94,19.94,21.89,89.3,100,24.2,8.1,1013.6,87.9,3.8,46.2,2,31.0,1
2016,9,12,20.94,18.94,20.28,93.9,100,25.3,6.9,1013.9,93.4,3.8,52.2,2,56.4,1
2016,9,13,24.94,18.72,21.22,87.4,100,19.2,5.8,1016.5,80.5,4.1,158.4,6,0.3,1
2016,9,14,26.94,19.78,22.89,82.7,100,16.8,11.4,1016.0,77.2,4.4,170.6,8,8.6,1
2016,9,15,28.94,19.94,22.94,83.9,100,14.5,9.2,1015.3,80.1,4.5,201.9,8,0.1016,1
2016,9,16,27.94,19.94,22.89,84.0,0,15.0,12.8,1013.8,76.6,4.7,162.0,7,0.0,0
2016,9,17,25.94,20.94,22.56,85.0,100,14.3,10.3,1013.5,81.7,4.5,137.9,5,1.8,1
2016,9,18,25.94,18.33,22.17,84.2,100,15.2,8.1,1014.6,66.0,4.8,173.8,7,16.5,1
2016,9,19,27.94,19.17,23.5,80.7,100,14.8,9.2,1012.5,72.4,4.8,170.2,7,0.3,1
2016,9,20,27.94,19.94,23.39,82.1,0,17.0,8.1,1013.3,73.8,4.3,147.2,6,0.0,0
2016,9,21,27.83,18.94,21.61,84.5,100,13.6,8.1,1016.8,84.3,4.6,61.2,3,23.9,1
2016,9,22,26.94,9.94,21.5,81.3,100,14.3,10.3,1017.4,72.7,4.8,95.6,6,0.0,0
2016,9,23,31.17,19.17,22.11,82.7,100,14.8,12.8,1013.5,82.9,4.4,157.5,6,0.0,0
2016,9,24,22.94,18.44,20.06,92.6,100,11.2,5.8,1013.5,90.4,4.0,72.7,3,12.4,1
2016,9,25,22.94,17.56,20.22,89.8,100,15.4,8.1,1013.3,83.7,4.2,56.5,2,0.0,0
2016,9,26,25.94,18.94,21.33,83.9,0,14.3,8.1,1015.0,86.4,4.5,123.6,4,0.0,0
2016,9,27,25.94,18.56,22.44,81.3,100,15.7,9.2,1014.9,69.2,4.6,188.7,8,0.0,0
2016,9,28,24.94,18.94,21.33,86.1,100,16.3,6.9,1015.3,89.0,4.4,105.1,4,5.0038,1
2016,9,29,24.94,18.94,21.67,84.7,100,13.0,5.8,1014.5,88.5,3.8,128.1,6,0.3,1
2016,9,30,28.94,17.83,22.72,83.7,100,13.2,12.8,1014.1,68.7,4.5,204.9,8,1.5,1
2016,10,1,26.94,19.94,22.39,86.8,100,12.8,6.9,1017.0,76.3,4.3,182.3,8,21.6,1
2016,10,2,28.94,19.94,23.17,84.5,100,13.0,10.3,1018.2,68.9,3.9,190.4,7,0.0,0
2016,10,3,28.94,19.94,23.22,83.5,0,14.8,9.2,1016.7,79.0,4.0,201.4,8,0.0,0
2016,10,4,27.94,19.94,22.56,83.6,100,15.0,9.2,1015.1,79.9,4.3,171.9,7,0.0,0
2016,10,5,26.94,19.94,22.39,84.1,100,14.8,6.9,1014.4,82.2,3.8,171.6,6,1.8,1
2016,10,6,26.94,19.22,22.44,81.0,100,13.4,9.2,1015.4,82.1,3.9,141.8,6,1.5,1
2016,10,7,26.94,19.94,21.94,83.4,0,15.9,8.1,1015.7,76.7,4.3,178.2,7,0.0,0
2016,10,8,26.94,18.94,22.06,81.5,0,15.7,11.4,1015.7,88.0,4.5,154.3,6,0.0,0
2016,10,9,24.94,18.94,21.39,86.0,0,11.6,8.1,1014.1,80.6,4.6,87.6,3,0.0,0
2016,10,10,26.94,18.67,21.78,82.0,100,10.5,8.1,1013.3,62.3,5.2,83.2,3,0.3,1
2016,10,11,24.94,17.94,21.11,81.7,100,15.0,11.4,1012.7,68.6,5.0,166.8,8,0.3,1
2016,10,12,25.94,17.94,21.22,79.0,0,14.3,9.2,1012.7,47.5,5.1,210.0,8,0.0,0
2016,10,13,25.94,16.94,21.06,81.9,0,14.1,9.2,1014.5,60.2,4.5,159.6,7,0.0,0
2016,10,14,23.94,17.94,20.39,78.9,100,15.4,16.1,1016.7,80.1,4.0,145.1,6,0.5,1
2016,10,15,24.94,16.72,20.44,80.8,0,13.2,9.2,1017.6,74.3,3.3,151.1,6,0.0,0
2016,10,16,32.67,16.94,20.39,81.2,100,12.1,8.1,1017.5,62.2,3.4,135.8,5,0.0,0
2016,10,17,26.94,15.94,20.06,75.6,0,24.2,9.2,1017.6,47.3,4.1,172.5,7,0.0,0
2016,10,18,31.33,14.94,19.5,78.2,0,11.2,13.9,1016.0,42.7,4.2,160.1,6,2.5,1
2016,10,19,24.94,14.94,19.39,76.0,100,11.9,9.2,1016.8,64.4,4.4,179.9,7,25.9,1
2016,10,20,24.94,13.94,18.78,72.2,0,13.6,11.4,1014.9,24.9,4.8,195.5,8,0.0,0
2016,10,21,25.94,12.94,18.5,71.3,0,15.9,10.3,1014.8,26.7,5.0,192.6,7,0.0,0
2016,10,22,24.94,12.17,18.39,74.9,0,14.3,8.1,1015.1,34.9,4.2,186.4,7,0.4064,1
2016,10,23,23.94,12.94,17.89,76.7,0,13.4,9.2,1015.3,30.2,3.5,141.4,6,0.1016,1
2016,10,24,24.94,13.94,18.67,79.6,100,15.0,9.2,1014.4,45.2,3.1,146.4,6,0.0,0
2016,10,25,25.94,12.94,18.94,69.1,0,12.1,10.3,1015.3,25.0,3.7,134.6,5,0.0,0
2016,10,26,30.33,12.94,18.44,72.3,100,14.5,10.3,1018.1,33.5,4.7,176.3,7,0.0,0
2016,10,27,24.94,12.94,18.17,75.1,0,13.9,9.2,1020.7,27.1,4.8,182.3,7,0.0,0
2016,10,28,23.94,11.94,17.22,69.6,0,14.8,10.3,1018.8,31.8,4.5,204.3,7,1.1938,1
2016,10,29,23.94,11.94,16.94,70.6,0,16.6,9.2,1019.9,31.3,4.6,194.3,7,13.7922,1
2016,10,30,23.94,10.94,16.5,75.2,0,13.6,8.1,1019.2,18.9,5.1,199.0,7,0.0,0
2016,10,31,23.94,10.94,16.83,73.1,0,28.9,9.2,1023.1,28.1,4.6,187.1,7,0.0,0
2016,11,1,24.94,10.94,17.44,70.3,0,19.7,10.3,1021.1,36.4,4.9,185.6,7,0.0,0
2016,11,2,24.94,11.94,17.83,69.4,0,16.1,9.2,1021.0,24.5,5.8,186.3,7,0.0,0
2016,11,3,33.06,10.94,17.5,71.2,0,14.3,8.1,1022.4,24.6,5.1,182.6,7,0.0,0
2016,11,4,24.94,9.94,16.0,68.6,0,17.2,9.2,1019.1,23.1,5.1,209.1,8,0.0,0
2016,11,5,22.94,8.94,15.67,69.5,0,17.2,9.2,1017.0,23.4,5.1,206.8,8,0.0,0
2016,11,6,22.94,9.67,15.56,72.2,0,16.1,9.2,1015.9,27.1,4.8,208.7,8,0.0,0
2016,11,7,21.94,8.94,15.17,72.2,0,16.3,9.2,1017.2,28.4,4.3,203.3,8,0.0,0
2016,11,8,22.94,8.94,15.22,71.4,0,12.1,8.1,1020.1,24.4,4.6,183.9,7,0.0,0
2016,11,9,22.94,8.94,15.06,73.3,0,40.3,10.3,1019.7,22.9,4.7,203.0,7,0.0,0
2016,11,10,23.94,9.94,15.72,74.5,0,15.2,9.2,1019.7,25.0,4.6,198.1,7,0.0,0
2016,11,11,22.94,9.94,16.17,74.8,0,15.2,8.1,1020.8,32.3,4.3,162.3,6,0.0,0
2016,11,12,22.94,9.94,15.83,73.3,0,16.1,9.2,1021.2,27.2,4.8,191.5,7,0.0,0
2016,11,13,22.94,9.94,15.5,77.1,0,17.0,10.3,1021.8,24.2,4.8,194.1,7,0.0,0
2016,11,14,22.94,8.94,14.44,73.3,0,17.0,9.2,1020.8,35.7,4.3,182.5,7,0.0,0
2016,11,15,23.94,5.94,13.67,66.7,0,13.6,8.1,1020.4,25.0,4.4,184.0,7,0.0,0
2016,11,16,21.94,6.94,13.44,71.9,0,14.3,8.1,1020.9,27.1,3.9,183.4,7,0.0,0
2016,11,17,21.94,6.94,13.5,73.9,0,12.8,9.2,1020.7,24.0,3.7,196.9,7,0.0,0
2016,11,18,20.94,6.94,13.22,75.9,0,13.6,8.1,1018.9,24.2,3.6,186.3,7,0.508,1
2016,11,19,20.94,7.94,13.39,78.2,0,13.4,8.1,1017.4,28.1,3.7,137.0,6,0.0,0
2016,11,20,20.94,7.94,14.06,76.7,100,13.2,9.2,1018.2,33.9,3.5,129.1,5,0.0,0
2016,11,21,21.94,10.94,15.06,73.0,100,14.8,9.2,1017.6,53.2,3.6,173.3,7,0.0,0
2016,11,22,21.94,8.94,14.39,77.1,0,15.0,8.1,1016.6,27.6,3.3,177.9,7,0.0,0
2016,11,23,21.94,8.94,14.33,79.8,0,16.1,6.9,1016.8,37.0,3.1,136.2,6,0.0,0
2016,11,24,20.94,7.94,13.72,77.1,0,16.8,8.1,1019.0,27.6,2.9,136.0,6,0.0,0
2016,11,25,24.06,7.94,13.22,84.3,0,13.2,6.9,1016.2,36.3,2.8,98.4,5,0.0,0
2016,11,26,20.94,8.94,13.94,80.3,0,26.4,6.9,1017.5,29.2,2.6,95.1,4,0.0,0
2016,11,27,20.94,8.94,13.89,80.3,100,15.9,9.2,1016.2,43.4,2.8,128.9,5,0.0,0
2016,11,28,19.94,9.94,14.11,77.6,0,27.7,6.9,1018.2,57.0,3.2,107.1,5,0.0,0
2016,11,29,20.94,7.94,13.89,77.0,0,26.4,8.1,1018.7,32.8,3.5,127.0,5,0.0,0
2016,11,30,20.94,8.94,14.22,77.5,0,48.3,9.2,1022.0,38.3,3.7,106.9,4,0.0,0
2016,12,1,27.06,7.94,14.28,78.9,100,14.3,8.1,1021.4,30.0,3.7,110.2,5,0.0,0
2016,12,2,20.94,8.94,13.89,78.1,0,14.8,6.9,1021.8,33.6,3.5,103.2,4,0.0,0
2016,12,3,20.94,7.94,13.61,77.5,0,15.2,6.9,1024.1,29.2,3.2,151.2,6,0.0,0
2016,12,4,18.33,6.94,12.72,78.8,0,12.5,4.7,1022.0,20.2,3.2,176.8,7,0.0,0
2016,12,5,21.94,5.94,13.11,72.1,0,20.8,6.9,1021.6,28.1,3.3,178.3,7,0.0,0
2016,12,6,22.17,6.94,13.06,74.0,0,13.0,6.9,1022.1,21.9,3.0,172.3,7,0.0,0
2016,12,7,21.94,5.94,12.56,68.3,0,11.4,5.8,1021.2,23.1,3.5,175.3,7,0.0,0
2016,12,8,21.94,4.94,12.5,60.6,0,12.1,8.1,1020.0,22.9,3.5,175.2,7,0.0,0
2016,12,9,21.94,4.94,12.22,63.3,0,13.4,8.1,1017.8,23.1,3.4,175.8,7,0.0,0
2016,12,10,21.94,4.94,12.56,63.7,0,13.6,8.1,1017.7,22.9,3.7,177.1,7,0.0,0
2016,12,11,21.94,5.94,11.44,72.8,0,13.2,4.7,1016.4,18.9,3.0,169.5,6,0.0,0
2016,12,12,20.94,5.94,12.17,65.8,0,14.8,11.4,1015.9,20.7,3.5,173.7,7,0.0,0
2016,12,13,19.94,5.94,11.83,73.8,0,14.5,8.1,1017.5,25.5,3.3,160.1,6,0.0,0
2016,12,14,18.94,5.94,11.44,77.8,0,15.9,8.1,1018.4,35.7,3.2,167.1,7,0.0,0
2016,12,15,18.94,7.94,12.0,75.1,0,13.6,6.9,1018.7,47.3,3.5,127.8,6,0.0,0
2016,12,16,20.94,5.94,11.72,73.5,0,12.5,6.9,1021.1,26.0,3.4,128.7,5,0.0,0
2016,12,17,18.94,5.94,11.83,73.4,0,16.3,9.2,1020.1,30.3,3.5,152.4,6,0.0,0
2016,12,18,19.94,4.94,11.56,73.4,0,16.8,8.1,1021.1,25.0,3.9,171.0,6,0.0,0
2016,12,19,18.94,4.94,11.44,75.7,0,17.4,8.1,1019.4,25.0,3.6,163.1,7,0.0,0
2016,12,20,17.94,5.94,11.94,79.0,0,13.6,8.1,1017.7,38.3,3.2,94.8,4,0.0,0
2016,12,21,17.94,7.94,12.78,77.1,0,13.6,6.9,1018.5,69.5,3.2,113.8,6,0.0,0
2016,12,22,20.94,7.94,13.67,74.3,0,14.1,8.1,1019.8,48.0,2.9,157.1,6,0.0,0
2016,12,23,23.06,8.94,13.89,75.3,100,15.2,5.8,1017.9,60.8,3.2,112.7,5,0.0,0
2016,12,24,19.94,7.94,13.0,75.0,0,12.3,9.2,1017.2,28.1,3.6,66.5,3,0.0,0
2016,12,25,19.94,6.94,12.94,76.1,0,14.8,11.4,1018.2,30.2,3.7,124.4,5,0.0,0
2016,12,26,17.94,6.94,11.72,73.8,0,16.1,10.3,1018.0,28.1,3.1,148.3,5,0.0,0
2016,12,27,18.94,4.94,11.22,74.0,0,12.8,9.2,1020.2,27.1,2.6,171.7,6,0.0,0
2016,12,28,17.94,4.94,10.72,79.1,0,13.6,10.3,1019.4,30.2,2.8,170.7,7,0.0,0
2016,12,29,17.94,4.94,10.56,79.4,0,13.0,5.8,1021.1,31.3,2.1,163.8,7,0.0,0
2016,12,30,18.94,4.94,10.94,76.7,0,13.0,9.2,1021.9,25.0,2.6,148.6,6,0.0,0
2016,12,31,18.94,4.94,11.06,78.6,0,15.7,8.1,1021.3,38.6,3.1,155.1,6,0.0,0
2017,1,1,12.94,5.94,8.78,84.4,100,16.6,6.9,1021.9,27.0,2.9,138.3,5,0.0,0
2017,1,2,16.94,2.94,9.0,74.9,0,17.0,10.3,1022.7,25.0,2.9,146.7,6,0.0,0
2017,1,3,16.94,3.94,9.5,75.2,100,15.0,8.1,1021.2,26.1,3.9,161.7,7,0.0,0
2017,1,4,18.94,2.94,9.33,72.9,0,15.0,9.2,1019.4,24.4,3.5,174.8,7,0.0,0
2017,1,5,18.94,3.94,10.06,65.9,0,14.1,8.1,1017.4,24.8,3.9,157.6,6,0.0,0
2017,1,6,16.94,3.94,9.78,70.6,0,14.3,12.8,1017.5,31.5,3.8,107.6,4,0.0,0
2017,1,7,16.94,2.94,9.56,68.3,0,15.0,8.1,1016.6,25.0,4.0,169.8,7,0.0,0
2017,1,8,17.94,2.94,9.44,68.7,0,13.4,8.1,1017.0,25.0,3.8,142.1,6,0.0,0
2017,1,9,16.94,2.94,9.22,68.8,0,18.8,10.3,1016.5,25.0,3.4,165.2,6,0.0,0
2017,1,10,15.94,3.94,9.22,69.5,0,17.9,9.2,1015.7,25.6,3.5,170.7,7,0.0,0
2017,1,11,14.94,2.94,8.28,72.4,0,17.7,13.9,1016.0,24.9,3.1,148.3,6,0.0,0
2017,1,12,13.94,2.94,7.89,73.1,0,16.1,13.9,1016.1,25.0,2.5,144.0,5,0.0,0
2017,1,13,14.94,1.94,7.39,71.7,0,15.4,13.9,1017.0,25.2,2.7,162.2,6,0.0,0
2017,1,14,15.94,0.94,7.61,68.8,0,17.2,9.2,1019.2,27.5,2.7,191.4,7,0.0,0
2017,1,15,16.94,0.94,8.17,67.2,0,15.9,9.2,1020.4,25.0,3.0,188.9,7,0.0,0
2017,1,16,19.94,1.94,9.11,65.5,0,19.9,6.9,1018.2,24.0,3.3,187.9,7,0.0,0
2017,1,17,18.94,1.94,9.33,65.0,0,20.1,11.4,1019.0,25.0,3.2,188.1,7,0.0,0
2017,1,18,19.94,2.94,10.0,64.5,0,19.0,9.2,1022.8,25.0,3.5,191.5,7,0.0,0
2017,1,19,21.83,2.94,10.5,59.1,0,21.7,12.8,1023.2,25.0,3.8,197.1,7,0.0,0
2017,1,20,21.94,1.94,10.56,53.8,0,18.3,10.3,1022.0,25.0,3.4,200.7,7,0.0,0
2017,1,21,22.67,2.94,10.83,65.6,0,16.8,6.9,1022.4,25.0,3.5,188.1,7,0.0,0
2017,1,22,19.94,3.94,11.22,65.9,0,15.0,9.2,1023.0,27.9,3.1,186.4,7,0.0,0
2017,1,23,20.94,3.94,11.28,70.5,0,17.7,9.2,1021.3,24.3,2.9,190.0,7,0.0,0
2017,1,24,19.94,4.94,11.72,71.6,0,15.0,8.1,1023.1,25.0,2.7,184.2,7,0.0,0
2017,1,25,22.94,5.94,12.89,66.4,0,13.6,8.1,1025.0,25.0,3.0,181.1,7,0.0,0
2017,1,26,23.94,5.94,13.83,65.3,0,14.1,10.3,1023.4,24.4,3.2,183.3,7,0.0,0
2017,1,27,12.94,8.94,10.94,84.3,100,17.9,11.4,1021.4,28.1,2.9,67.8,3,5.1,1
2017,1,28,17.94,5.94,10.83,68.5,100,15.9,8.1,1019.1,25.0,4.2,193.8,7,6.6,1
2017,1,29,17.94,3.94,10.33,74.8,0,15.2,12.8,1018.8,27.1,3.8,175.1,7,0.0,0
2017,1,30,18.94,4.94,11.22,78.2,0,17.0,6.9,1017.9,25.0,3.3,169.2,7,0.1016,1
2017,1,31,18.94,7.94,12.56,73.8,0,17.9,12.8,1017.5,25.0,2.8,158.5,6,0.0,0
2017,2,1,18.94,7.94,12.56,76.1,0,16.1,10.3,1018.8,30.5,3.1,165.8,7,0.0,0
2017,2,2,18.06,6.94,12.11,77.7,0,16.1,11.4,1021.3,25.0,2.4,159.9,7,0.0,0
2017,2,3,19.94,6.94,12.78,74.4,0,13.4,8.1,1021.4,24.6,2.6,198.9,7,0.0,0
2017,2,4,22.94,6.94,14.06,71.3,0,15.2,6.9,1019.5,25.0,2.7,194.1,7,0.0,0
2017,2,5,22.94,7.94,14.72,68.4,0,15.9,9.2,1020.0,25.0,2.9,202.0,8,0.0,0
2017,2,6,20.94,7.94,14.11,66.1,0,21.5,12.8,1017.2,27.5,3.6,181.4,8,0.0,0
2017,2,7,22.94,6.94,13.78,65.6,0,17.9,10.3,1015.8,24.2,3.2,217.9,8,0.0,0
2017,2,8,22.94,6.94,14.11,70.3,0,18.3,8.1,1017.9,24.1,3.3,211.3,8,0.0,0
2017,2,9,22.94,5.94,13.83,65.5,0,17.7,11.4,1017.0,25.0,3.3,198.2,7,0.0,0
2017,2,10,25.06,5.94,12.72,63.5,0,18.1,10.3,1016.5,24.0,3.6,208.9,7,0.0,0
2017,2,11,20.94,4.94,12.72,63.1,0,17.2,8.1,1019.4,25.0,3.6,227.2,8,0.0,0
2017,2,12,20.94,6.94,12.89,63.1,0,18.6,10.3,1023.0,25.0,3.4,213.9,8,0.0,0
2017,2,13,27.33,4.94,12.5,62.1,100,20.4,8.1,1023.5,24.0,3.5,207.4,8,0.0,0
2017,2,14,20.94,4.94,12.44,65.9,0,18.8,10.3,1024.4,24.1,3.1,219.2,8,0.0,0
2017,2,15,19.94,6.94,13.22,71.9,0,15.4,6.9,1024.5,25.7,2.7,211.2,8,0.0,0
2017,2,16,21.94,6.94,13.67,70.8,0,16.6,11.4,1022.0,25.0,2.6,209.1,8,0.0,0
2017,2,17,21.94,8.94,14.89,68.8,0,17.4,9.2,1022.0,25.0,2.6,209.5,7,0.0,0
2017,2,18,22.94,8.94,15.78,69.1,0,17.0,10.3,1021.9,25.0,2.7,202.4,8,0.0,0
2017,2,19,21.94,9.94,15.67,71.7,0,20.1,9.2,1019.0,24.9,2.4,180.4,7,0.0,0
2017,2,20,23.94,8.94,15.72,70.6,0,25.1,10.3,1013.0,25.0,2.4,165.2,6,0.0,0
2017,2,21,23.94,8.94,16.06,59.3,100,21.5,10.3,1013.2,25.0,3.4,217.6,8,0.0,0
2017,2,22,22.94,8.94,15.22,60.0,0,19.0,13.9,1014.0,24.6,3.1,201.4,8,0.0,0
2017,2,23,22.94,6.94,14.39,63.2,0,20.4,12.8,1014.6,24.1,3.5,233.3,9,0.0,0
2017,2,24,22.94,6.94,13.39,66.3,0,22.6,17.2,1016.1,24.6,3.2,235.5,8,0.0,0
2017,2,25,19.94,6.94,12.89,70.6,0,18.3,13.4,1016.8,25.0,2.9,183.0,8,0.0,0
2017,2,26,19.94,8.94,13.94,69.7,0,21.7,15.0,1014.4,27.7,3.0,187.5,7,0.0,0
2017,2,27,20.94,7.94,13.89,69.4,0,20.4,13.9,1017.8,25.0,3.0,193.4,7,0.0,0
2017,2,28,20.94,7.94,14.0,71.9,0,19.7,12.8,1018.5,24.9,2.7,216.8,8,0.0,0
2017,3,1,22.94,9.94,16.0,65.9,0,23.7,10.3,1017.6,24.2,3.1,226.5,8,0.0,0
2017,3,2,23.94,8.94,15.44,61.6,0,32.0,15.0,1016.8,25.0,3.5,231.6,8,1.5,1
2017,3,3,23.94,7.94,15.39,52.8,100,21.5,11.4,1014.3,25.0,4.2,230.9,8,1.5,1
2017,3,4,23.94,7.94,15.56,48.9,0,23.0,17.9,1013.8,25.0,4.4,245.5,9,0.0,0
2017,3,5,22.94,6.94,14.94,47.1,0,21.5,16.1,1013.0,25.0,4.4,248.7,8,0.0,0
2017,3,6,22.94,5.94,14.11,49.9,0,24.2,13.9,1012.8,25.2,4.2,253.4,9,0.0,0
2017,3,7,21.94,6.94,14.17,55.0,0,20.4,13.9,1014.1,24.6,3.6,252.0,9,0.0,0
2017,3,8,21.94,7.94,14.67,52.8,0,20.8,16.1,1014.5,27.5,3.7,246.8,9,0.0,0
2017,3,9,21.94,8.94,14.72,58.5,0,18.1,15.0,1013.1,25.0,3.7,205.2,8,0.0,0
2017,3,10,19.94,8.94,12.5,73.8,100,17.7,15.0,1013.0,28.4,3.5,132.7,7,4.1,1
2017,3,11,14.94,8.72,10.89,81.0,100,17.0,9.2,1012.5,41.4,4.8,82.4,4,32.3,1
2017,3,12,16.94,5.94,11.39,66.0,100,17.7,11.4,1014.2,25.0,4.9,221.0,8,6.1,1
2017,3,13,18.94,5.94,12.06,67.6,0,18.8,13.9,1016.2,24.0,4.7,276.6,9,0.0,0
2017,3,14,19.94,7.94,13.61,66.3,0,18.3,13.9,1018.3,25.0,3.8,249.5,9,0.0,0
2017,3,15,20.94,6.94,13.56,65.4,100,20.4,12.8,1017.4,31.6,4.3,253.9,9,3.9878,1
2017,3,16,20.94,7.94,14.39,63.4,0,20.6,16.1,1015.9,25.5,3.7,241.1,9,0.0,0
2017,3,17,20.94,8.94,14.78,58.0,100,31.1,17.2,1014.4,25.0,3.9,206.2,7,0.0,0
2017,3,18,19.94,6.94,12.33,68.4,100,17.7,11.4,1015.3,25.0,4.0,223.8,9,6.9,1
2017,3,19,18.94,6.94,13.11,71.0,0,17.7,15.0,1017.0,27.7,3.3,186.3,7,0.0,0
2017,3,20,17.94,8.94,13.0,74.9,100,20.6,12.8,1016.8,25.0,3.3,213.7,8,0.5,1
2017,3,21,20.94,6.94,13.89,75.1,0,20.4,12.8,1017.8,25.0,3.0,242.9,9,0.0,0
2017,3,22,21.94,9.94,15.78,74.7,0,17.7,13.9,1017.0,25.8,3.3,201.5,7,0.0,0
2017,3,23,23.94,13.94,18.22,69.0,0,19.0,13.9,1017.0,25.0,3.4,186.2,7,0.0,0
2017,3,24,30.06,11.94,18.39,73.4,100,17.9,15.0,1016.2,27.8,3.1,164.2,8,0.0,0
2017,3,25,24.94,10.94,18.33,72.0,100,21.3,8.1,1017.0,25.0,3.7,234.9,8,15.5,1
2017,3,26,23.94,14.06,19.39,75.1,100,19.5,15.0,1017.3,28.5,3.1,220.6,7,0.0,0
2017,3,27,24.94,15.17,19.89,74.7,0,15.7,11.4,1017.3,25.4,3.2,171.2,6,0.0,0
2017,3,28,21.94,17.94,19.78,79.3,0,15.4,8.1,1017.4,25.0,2.6,180.1,5,0.0,0
2017,3,29,19.94,16.94,18.39,91.4,100,11.9,39.1,1015.2,25.0,2.1,91.7,3,4.3,1
2017,3,30,23.94,17.94,20.28,85.8,100,17.2,8.1,1014.0,25.0,2.6,140.1,6,5.6,1
2017,3,31,25.94,17.94,21.39,77.7,0,14.3,13.9,1016.5,25.0,3.5,135.2,6,0.0,0
2017,4,1,24.94,14.94,20.0,77.2,0,21.7,15.0,1014.5,25.0,3.7,198.9,8,0.0,0
2017,4,2,26.94,12.06,19.5,64.6,100,23.3,12.8,1012.5,29.6,4.4,240.5,9,6.4,1
2017,4,3,26.94,12.94,19.11,62.4,0,18.1,12.8,1013.8,25.0,4.1,236.9,8,6.6,1
2017,4,4,26.94,12.94,19.89,69.0,100,22.6,10.3,1014.5,25.0,3.9,271.5,10,0.0,0
2017,4,5,25.94,15.94,20.44,73.5,100,21.7,9.2,1014.7,26.1,4.0,241.0,9,0.0,0
2017,4,6,27.94,14.94,21.33,65.9,0,23.9,13.9,1015.4,24.5,4.3,247.2,9,0.0,0
2017,4,7,29.94,13.94,21.78,54.5,0,25.9,13.9,1016.0,25.0,4.1,283.6,9,0.0,0
2017,4,8,27.94,12.94,20.17,54.7,100,24.4,10.3,1017.0,25.0,4.6,285.7,10,5.1,1
2017,4,9,28.94,11.94,20.22,44.6,0,23.3,10.3,1015.0,24.0,4.8,321.3,10,0.0,0
2017,4,10,28.94,10.94,19.06,42.8,0,20.8,15.0,1012.5,24.0,3.9,303.4,10,0.0,0
2017,4,11,26.94,10.22,18.33,46.3,0,19.2,15.0,1013.0,24.0,2.8,316.8,10,0.0,0
2017,4,12,25.94,11.94,18.61,47.5,0,17.7,11.4,1016.1,24.6,2.6,308.9,10,0.0,0
2017,4,13,25.94,11.94,19.22,52.3,0,19.5,9.2,1017.3,25.0,2.5,279.9,10,0.0,0
2017,4,14,26.94,12.94,20.22,57.2,100,15.9,13.9,1016.3,26.5,2.7,252.1,9,0.0,0
2017,4,15,22.94,13.94,17.56,69.7,100,18.3,16.1,1013.8,26.5,3.9,214.4,8,2.8,1
2017,4,16,26.94,13.94,20.28,65.1,100,18.6,9.2,1014.0,25.0,4.0,264.4,9,0.0,0
2017,4,17,26.94,13.94,20.72,68.6,0,17.7,9.2,1015.5,25.0,3.6,261.4,8,0.0,0
2017,4,18,26.94,15.94,21.83,67.6,0,16.6,9.2,1015.0,25.0,3.2,149.5,6,0.0,0
2017,4,19,23.94,15.94,19.39,78.5,100,16.6,10.3,1013.4,25.0,3.2,132.7,6,0.8,1
2017,4,20,21.94,14.94,18.39,84.6,100,17.0,9.2,1012.3,31.1,3.2,105.7,5,1.8,1
2017,4,21,25.94,16.72,20.61,82.0,100,16.6,8.1,1012.0,30.6,3.2,199.3,8,10.9,1
2017,4,22,21.94,18.94,20.33,87.9,100,30.0,9.2,1011.7,27.9,2.9,163.8,5,12.7,1
2017,4,23,30.06,15.94,18.94,83.7,100,21.9,5.8,1012.4,28.6,4.2,179.6,7,12.2,1
2017,4,24,26.94,13.94,20.67,71.6,100,21.0,9.2,1011.4,25.0,4.4,198.7,8,0.3,1
2017,4,25,28.94,15.94,22.39,58.1,0,26.2,13.9,1011.3,25.0,4.5,284.9,9,0.0,0
2017,4,26,28.94,13.94,21.72,47.8,0,22.8,11.4,1013.1,25.2,4.4,292.7,9,0.0,0
2017,4,27,28.06,14.06,21.72,45.8,0,22.8,11.4,1014.8,34.9,4.3,300.6,10,0.0,0
2017,4,28,27.94,13.94,21.39,49.8,0,19.2,12.8,1014.4,25.0,3.7,303.1,10,0.0,0
2017,4,29,28.94,14.94,19.44,63.7,100,23.0,16.1,1016.8,25.0,3.8,279.9,9,0.0,0
2017,4,30,26.94,11.94,19.72,64.9,100,20.6,11.4,1016.3,26.4,4.4,289.6,10,0.0,0
2017,5,1,19.94,12.94,16.17,78.9,100,21.9,13.9,1017.7,30.4,4.4,276.9,9,14.5,1
2017,5,2,24.94,10.94,18.61,67.2,0,23.0,11.4,1017.8,24.9,4.7,288.6,10,0.0,0
2017,5,3,25.94,13.94,20.28,68.1,0,20.4,11.4,1017.4,23.1,4.1,239.4,9,0.0,0
2017,5,4,27.94,14.94,19.5,71.1,100,23.5,13.9,1017.1,24.2,4.0,277.2,9,2.5,1
2017,5,5,26.94,11.94,20.06,68.2,100,21.7,9.2,1015.9,25.0,4.8,294.1,10,10.7,1
2017,5,6,32.83,15.94,20.89,73.3,100,21.7,19.7,1016.8,24.0,3.5,256.7,9,0.0,0
2017,5,7,34.06,14.94,21.83,72.9,100,17.2,9.2,1016.7,23.5,3.1,266.7,10,0.1016,1
2017,5,8,27.94,17.94,21.94,75.8,0,18.1,9.2,1016.6,30.6,3.1,210.9,7,3.6,1
2017,5,9,21.94,16.94,19.11,80.0,100,20.6,9.2,1015.8,28.1,4.5,197.0,7,1.3,1
2017,5,10,25.94,16.94,20.5,71.3,100,16.3,8.1,1016.9,25.0,4.6,241.2,9,0.8,1
2017,5,11,24.94,15.94,20.61,78.7,0,15.7,8.1,1016.9,25.0,4.0,230.3,8,3.6,1
2017,5,12,26.94,18.94,21.83,79.6,100,15.4,8.1,1017.3,25.0,3.6,223.2,8,0.3,1
2017,5,13,27.94,17.94,22.44,70.8,0,15.4,12.8,1014.4,25.0,4.7,244.4,8,0.1016,1
2017,5,14,26.94,18.06,21.83,79.3,0,19.0,11.4,1011.9,25.1,4.2,240.4,9,8.2042,1
2017,5,15,25.94,17.94,20.33,88.4,100,20.1,11.4,1010.8,25.0,3.8,211.2,8,40.9,1
2017,5,16,25.94,17.94,21.56,82.9,100,16.1,6.9,1010.8,25.0,3.5,165.7,6,3.6,1
2017,5,17,25.94,18.94,21.44,77.6,100,12.1,17.9,1011.2,26.8,4.5,121.7,5,0.5,1
2017,5,18,27.94,15.94,22.22,73.0,0,19.0,9.2,1012.1,25.0,4.7,245.2,8,0.0,0
2017,5,19,28.94,17.94,23.56,68.7,0,18.6,10.3,1012.9,25.0,5.0,264.8,9,0.0,0
2017,5,20,29.94,17.28,23.72,64.7,0,22.8,13.9,1011.6,27.4,4.7,287.9,9,0.0,0
2017,5,21,35.67,16.83,24.17,66.1,100,19.5,11.4,1010.5,24.8,4.1,254.1,8,0.0,0
2017,5,22,29.94,17.94,23.89,64.7,100,24.8,13.9,1012.7,25.2,4.9,286.8,9,2.3,1
2017,5,23,30.94,18.94,25.0,59.4,100,22.6,13.9,1013.6,25.0,4.5,297.1,10,0.0,0
2017,5,24,29.94,18.94,23.39,67.3,100,17.0,13.9,1013.0,25.9,4.2,271.8,9,2.3,1
2017,5,25,28.94,17.94,23.22,69.8,0,16.1,15.0,1012.5,25.0,4.3,266.1,8,0.0,0
2017,5,26,27.94,17.94,21.06,82.4,100,17.9,11.4,1011.9,30.5,3.5,243.6,9,18.8,1
2017,5,27,22.94,16.94,19.89,83.0,100,19.7,9.2,1012.5,25.0,4.5,128.0,7,7.6,1
2017,5,28,25.94,16.94,21.61,76.7,0,17.7,8.1,1011.6,25.0,4.6,223.4,8,0.0,0
2017,5,29,26.94,16.94,21.89,75.7,0,18.6,6.9,1010.5,25.0,4.3,262.4,8,0.0,0
2017,5,30,23.94,17.94,20.56,84.9,0,16.8,10.3,1008.6,25.0,4.2,198.6,7,1.5,1
2017,5,31,27.94,17.94,22.39,75.4,100,18.1,10.3,1010.1,25.0,4.8,243.8,8,0.0,0
2017,6,1,31.83,18.94,24.0,72.1,100,15.2,13.9,1010.0,24.4,4.7,263.2,9,10.9982,1
2017,6,2,30.33,18.94,24.17,69.4,100,18.8,15.0,1010.0,26.4,5.0,261.7,9,0.0,0
2017,6,3,27.94,19.94,23.83,67.1,0,18.6,6.9,1009.5,25.0,4.2,264.5,8,0.0,0
2017,6,4,30.94,19.94,25.72,68.7,0,15.9,11.4,1009.7,25.0,4.2,317.5,10,0.0,0
2017,6,5,27.94,20.94,23.83,80.8,100,25.3,13.9,1011.0,25.0,3.8,262.8,9,6.1,1
2017,6,6,26.94,20.94,23.06,77.3,0,21.5,12.8,1013.6,25.0,4.7,180.5,6,0.0,0
2017,6,7,25.94,19.94,23.22,78.0,0,22.8,10.3,1013.4,25.0,3.8,215.5,9,0.0,0
2017,6,8,27.94,19.94,22.5,81.8,100,18.1,11.4,1012.0,29.9,4.0,201.5,7,7.1,1
2017,6,9,27.94,18.94,22.56,83.6,100,17.9,12.8,1011.1,27.3,3.8,237.7,9,2.5908,1
2017,6,10,27.94,19.94,23.67,78.3,0,17.2,12.8,1010.7,25.0,4.1,215.8,7,7.391399999999999,1
2017,6,11,28.94,19.94,24.17,76.4,100,15.7,9.2,1009.2,27.9,4.1,228.1,8,32.2072,1
2017,6,12,28.94,20.94,24.67,74.0,0,17.2,11.4,1007.3,25.4,4.8,237.9,8,0.0,0
2017,6,13,28.94,19.94,25.06,64.8,0,18.3,12.8,1008.1,25.0,5.0,278.9,9,0.0,0
2017,6,14,28.94,19.94,24.5,72.1,0,15.7,12.8,1011.2,25.0,4.7,239.8,8,0.0,0
2017,6,15,27.94,20.94,23.89,75.2,0,17.2,8.1,1011.2,25.0,4.1,230.5,8,0.0,0
2017,6,16,26.94,20.67,22.67,80.0,100,18.1,9.2,1010.6,30.0,4.1,227.4,8,0.0,0
2017,6,17,27.94,19.94,22.94,80.9,100,17.4,13.9,1009.8,25.0,4.9,231.6,8,0.3,1
2017,6,18,29.94,17.94,24.33,70.9,0,15.4,10.3,1008.0,25.0,4.7,262.1,8,0.0,0
2017,6,19,29.94,20.94,24.28,71.9,0,17.0,10.3,1007.5,25.0,4.5,216.5,8,3.9878,1
2017,6,20,24.94,19.44,22.33,85.2,100,17.0,8.1,1007.4,31.1,3.8,201.1,7,11.4,1
2017,6,21,25.94,18.94,22.56,85.3,100,16.6,9.2,1008.0,25.0,4.6,124.7,7,6.6,1
2017,6,22,27.94,20.94,23.83,81.4,100,14.5,11.4,1008.5,25.0,4.7,181.4,7,5.8,1
2017,6,23,28.94,20.94,24.39,75.4,0,15.7,10.3,1009.1,25.0,4.7,213.4,9,0.0,0
2017,6,24,29.94,19.94,23.94,81.5,100,18.6,11.4,1008.5,25.0,4.8,211.8,8,10.0076,1
2017,6,25,28.94,19.94,23.39,82.1,100,16.1,12.8,1009.4,27.7,4.9,118.4,5,30.2,1
2017,6,26,28.94,19.94,24.0,82.6,100,15.4,15.0,1010.8,25.0,4.9,180.1,7,24.6,1
2017,6,27,28.94,21.94,24.22,82.3,0,15.2,11.4,1011.0,25.0,4.8,152.3,6,0.0,0
2017,6,28,28.94,20.94,23.89,84.6,100,16.8,12.8,1011.4,25.0,4.5,175.8,7,0.889,1
2017,6,29,28.94,19.94,24.11,81.3,100,15.4,10.3,1010.0,28.1,5.5,191.3,8,5.1,1
2017,6,30,27.94,20.94,23.89,84.3,100,15.4,10.3,1005.9,28.1,4.4,155.2,6,68.9864,1
2017,7,1,26.94,21.94,23.5,86.3,0,15.4,13.9,1006.5,25.0,4.4,120.8,5,1.5,1
2017,7,2,27.94,20.06,23.44,86.9,100,18.6,10.3,1007.2,31.3,4.5,105.4,5,1.0,1
2017,7,3,27.94,21.94,24.06,85.2,100,14.3,9.2,1006.8,25.0,4.3,137.8,5,4.1,1
2017,7,4,26.94,20.94,23.39,89.3,100,15.0,11.4,1005.7,25.0,4.1,34.7,1,25.1,1
2017,7,5,25.94,20.94,22.61,91.4,100,25.3,12.8,1007.3,25.0,4.3,69.8,3,5.3,1
2017,7,6,27.94,20.94,23.28,88.9,100,22.1,11.4,1008.7,25.0,4.2,85.8,4,2.0,1
2017,7,7,27.94,20.94,24.89,81.1,0,21.9,12.8,1009.5,25.0,5.2,115.7,6,0.0,0
2017,7,8,28.94,20.94,24.06,84.3,100,16.3,16.1,1009.6,25.0,4.6,181.6,6,0.5,1
2017,7,9,26.94,20.72,23.11,90.4,100,17.4,9.2,1010.4,28.1,3.7,65.6,3,16.8,1
2017,7,10,26.94,20.94,22.94,87.2,100,18.3,10.3,1010.8,33.1,4.6,94.9,4,17.0,1
2017,7,11,24.94,20.94,22.22,88.6,100,22.6,9.2,1010.9,27.7,4.7,78.3,3,2.3,1
2017,7,12,27.94,19.94,23.17,79.3,100,20.1,9.2,1011.8,28.1,5.2,149.5,5,0.0,0
2017,7,13,28.94,20.94,24.39,77.6,0,20.1,11.4,1011.3,25.0,4.8,188.4,8,0.0,0
2017,7,14,27.94,19.78,23.78,83.0,100,15.9,12.8,1010.8,28.1,4.8,208.0,7,2.0,1
2017,7,15,28.94,19.94,23.39,87.4,100,12.8,10.3,1011.2,25.0,4.4,124.3,6,14.0,1
2017,7,16,28.94,20.94,23.89,87.4,100,15.7,9.2,1009.9,30.6,4.8,215.3,8,17.3,1
2017,7,17,30.67,19.78,24.5,82.1,100,18.3,13.9,1010.0,28.7,5.1,243.9,8,5.6,1
2017,7,18,29.94,20.94,24.72,81.6,100,15.7,13.9,1011.0,25.0,4.8,209.6,7,2.3,1
2017,7,19,28.94,20.83,23.67,86.2,100,19.0,11.4,1009.4,29.9,4.8,227.0,8,5.1,1
2017,7,20,27.94,20.17,23.0,88.3,100,15.4,13.9,1006.9,43.4,4.7,159.4,6,11.4,1
2017,7,21,27.94,21.94,24.06,84.8,100,25.5,9.2,1009.1,25.0,4.9,128.4,4,2.8,1
2017,7,22,28.94,19.94,23.89,85.6,100,25.1,10.3,1010.5,25.0,4.9,114.8,4,2.0,1
2017,7,23,27.94,19.94,23.06,88.4,100,13.4,12.8,1009.0,28.1,4.4,159.4,5,9.7,1
2017,7,24,26.94,20.94,23.28,84.2,100,15.9,10.3,1007.6,25.0,4.9,161.5,6,25.9,1
2017,7,25,26.94,20.94,22.56,90.1,100,14.5,11.4,1007.1,28.0,4.1,126.2,5,7.4,1
2017,7,26,26.94,20.94,23.22,85.8,100,28.9,11.4,1009.2,25.0,5.0,109.3,5,4.8,1
2017,7,27,29.94,19.94,24.11,81.5,100,24.8,12.8,1011.3,28.0,5.3,213.8,8,0.0,0
2017,7,28,27.94,20.94,23.67,83.4,0,19.0,13.9,1012.9,25.0,4.8,200.6,7,0.0,0
2017,7,29,26.94,20.67,23.0,88.5,100,13.2,9.2,1012.8,31.3,4.0,100.4,4,49.8,1
2017,7,30,25.94,20.83,22.67,89.4,100,13.0,5.8,1012.0,28.1,4.3,87.0,3,24.4,1
2017,7,31,27.94,20.94,24.06,84.4,100,16.8,8.1,1011.1,25.0,4.5,191.4,7,0.8,1
2017,8,1,27.94,20.94,23.72,87.4,100,16.1,6.9,1010.3,25.0,4.3,170.3,6,1.5,1
2017,8,2,27.94,20.94,23.89,88.4,100,16.1,10.3,1009.0,25.0,4.4,121.9,6,9.1948,1
2017,8,3,27.94,20.33,23.5,90.2,100,14.5,10.3,1006.5,28.1,4.2,107.7,4,30.5,1
2017,8,4,27.94,21.94,24.39,85.6,0,25.9,11.4,1006.4,25.0,4.8,98.9,5,0.0,0
2017,8,5,29.94,20.94,24.22,87.9,100,17.4,12.8,1009.1,25.0,4.7,132.4,7,7.1,1
2017,8,6,28.94,21.94,24.39,89.3,100,15.2,10.3,1010.5,25.0,4.4,172.3,6,10.4,1
2017,8,7,27.94,21.94,24.17,87.8,100,17.2,12.8,1012.1,26.0,4.4,141.3,5,6.6,1
2017,8,8,27.94,21.44,24.22,86.1,100,16.3,10.3,1011.3,28.1,4.1,106.2,4,0.4064,1
2017,8,9,26.94,20.94,23.17,88.8,100,13.0,5.8,1010.9,28.1,3.9,54.6,2,2.0066,1
2017,8,10,25.94,20.67,22.67,92.5,0,15.2,10.3,1007.8,25.0,3.7,58.0,2,0.3048,1
2017,8,11,26.94,20.94,22.94,93.7,100,18.1,10.3,1006.3,25.0,4.0,50.1,2,0.2032,1
2017,8,12,25.94,20.94,22.39,92.8,100,20.8,9.2,1007.1,31.3,3.9,36.5,2,10.9982,1
2017,8,13,26.06,19.94,22.39,88.5,100,28.4,10.3,1011.5,28.1,4.4,38.4,2,26.7,1
2017,8,14,26.94,19.94,22.89,86.1,100,12.3,9.2,1013.5,25.0,4.5,128.4,5,2.8,1
2017,8,15,26.94,20.94,23.56,85.1,100,16.3,8.1,1010.8,25.0,4.6,167.0,6,0.7874,1
2017,8,16,27.94,20.94,23.89,85.0,100,12.3,13.9,1008.6,25.0,4.6,114.0,4,0.5,1
2017,8,17,27.94,21.94,23.78,85.9,0,14.3,12.8,1009.5,25.0,4.6,92.1,3,0.0,0
2017,8,18,27.94,21.17,23.83,85.2,100,15.9,12.8,1010.8,31.1,4.3,161.6,6,0.0,0
2017,8,19,26.94,20.94,22.94,90.0,100,17.4,5.8,1014.7,28.1,4.4,114.1,4,8.4,1
2017,8,20,27.94,20.94,23.06,88.4,0,15.2,8.1,1013.7,25.0,4.5,132.1,6,0.4064,1
2017,8,21,27.94,20.94,23.28,85.8,100,13.2,8.1,1012.4,27.7,4.6,103.3,4,0.8,1
2017,8,22,25.94,20.94,22.67,90.4,100,13.6,10.3,1012.1,25.0,3.9,146.0,6,14.0,1
2017,8,23,25.94,19.94,22.44,90.0,100,13.6,9.2,1013.6,25.0,4.0,150.4,5,41.9,1
2017,8,24,28.94,19.94,22.5,89.0,100,17.0,12.8,1012.3,25.0,4.5,216.8,8,2.3,1
2017,8,25,28.94,19.94,23.83,83.5,100,17.7,9.2,1011.0,25.0,4.6,213.5,8,1.0,1
2017,8,26,30.94,18.94,24.44,77.4,100,14.3,9.2,1009.0,30.8,5.3,198.9,8,35.3,1
2017,8,27,26.94,20.94,23.39,85.9,100,17.2,9.2,1010.3,25.0,4.6,160.5,7,5.3,1
2017,8,28,28.94,20.56,23.17,87.1,100,17.2,9.2,1012.2,28.1,4.6,154.3,6,1.3,1
2017,8,29,27.94,19.83,23.78,82.7,100,19.5,12.8,1013.0,30.3,5.2,171.3,6,0.0,0
2017,8,30,28.94,19.94,24.56,81.7,100,12.3,10.3,1013.4,26.5,5.0,185.6,6,0.0,0
2017,8,31,27.94,18.94,23.11,86.1,100,17.2,10.3,1013.7,25.0,4.4,173.5,7,55.1,1
2017,9,1,27.94,20.94,23.56,83.8,0,15.0,8.1,1012.1,25.0,4.5,145.0,5,24.6,1
2017,9,2,26.94,19.94,22.67,88.2,100,13.9,9.2,1010.8,25.0,4.5,110.7,4,7.6,1
2017,9,3,26.94,19.67,22.89,86.6,100,16.8,9.2,1011.0,31.3,4.6,143.0,7,10.9,1
2017,9,4,28.94,19.94,23.56,83.8,0,16.3,9.2,1012.5,25.0,5.0,198.9,7,0.0,0
2017,9,5,28.94,19.94,23.39,82.9,0,13.4,13.9,1013.2,25.0,4.1,231.5,8,0.0,0
2017,9,6,28.94,20.67,24.33,77.8,100,14.8,9.2,1014.1,26.9,4.4,212.2,8,0.0,0
2017,9,7,27.94,19.17,22.89,83.8,100,16.6,8.1,1014.6,27.2,4.5,196.5,7,7.9,1
2017,9,8,28.94,19.94,23.61,81.2,0,20.6,11.4,1014.5,25.4,4.3,208.2,8,0.0,0
2017,9,9,28.94,19.94,24.0,79.0,0,17.2,9.2,1012.6,25.4,4.3,216.0,7,0.0,0
2017,9,10,28.94,19.94,24.44,78.1,0,16.1,10.3,1014.4,25.0,4.2,202.7,7,0.0,0
2017,9,11,27.94,19.94,23.89,76.9,0,16.6,12.8,1015.9,25.0,4.5,211.9,7,0.0,0
2017,9,12,27.94,19.94,24.06,79.8,100,15.0,9.2,1016.1,25.0,4.4,192.4,7,31.0896,1
2017,9,13,27.94,20.94,23.56,80.2,0,15.7,8.1,1016.2,25.0,4.5,158.3,6,0.0,0
2017,9,14,28.94,19.94,23.61,77.6,0,15.4,9.2,1015.7,25.0,4.4,191.5,8,0.0,0
2017,9,15,27.94,19.94,23.06,81.5,0,13.9,6.9,1014.7,25.0,3.9,166.2,6,0.0,0
2017,9,16,29.94,18.94,23.67,79.8,100,15.4,8.1,1014.3,25.0,3.9,231.1,9,0.0,0
2017,9,17,30.94,20.94,24.28,79.2,0,14.3,11.4,1013.5,25.0,4.1,231.5,8,0.0,0
2017,9,18,25.94,18.94,22.56,85.3,100,17.4,11.4,1013.9,25.0,4.6,146.8,6,11.2,1
2017,9,19,25.94,20.94,22.83,87.6,100,17.4,11.4,1013.3,25.0,4.4,204.0,7,16.586199999999998,1
2017,9,20,26.94,19.94,22.39,90.8,100,17.7,12.8,1012.7,25.0,4.4,149.2,6,1.5,1
2017,9,21,26.94,19.94,22.0,89.5,100,24.8,9.2,1013.8,25.0,4.5,67.4,4,0.0,0
2017,9,22,26.94,19.94,22.61,86.5,0,15.0,8.1,1014.8,27.7,4.6,94.1,4,0.0,0
2017,9,23,28.94,19.94,23.78,81.3,100,16.8,8.1,1015.8,28.1,4.9,190.9,8,0.0,0
2017,9,24,31.67,19.94,23.89,81.4,100,15.9,9.2,1014.1,32.5,4.5,165.0,6,0.0,0
2017,9,25,27.94,19.94,23.56,80.7,0,16.3,13.9,1013.0,25.0,4.2,200.0,7,0.0,0
2017,9,26,28.94,20.94,24.06,79.6,0,15.2,13.9,1014.3,25.0,3.9,206.5,7,0.0,0
2017,9,27,28.94,18.94,23.67,73.7,0,14.5,12.8,1015.5,25.0,4.7,185.9,7,0.0,0
2017,9,28,26.94,19.94,23.28,78.8,0,13.9,8.1,1014.9,25.0,3.9,188.9,8,0.0,0
2017,9,29,26.94,19.94,22.39,84.0,0,16.6,13.9,1014.4,25.0,4.1,174.4,7,16.5,1
2017,9,30,27.94,19.94,22.89,82.2,100,11.4,9.2,1016.1,25.0,4.9,100.4,4,0.5,1
2017,10,1,27.94,19.33,23.0,81.2,100,15.2,8.1,1015.6,27.7,5.2,167.4,7,0.5,1
2017,10,2,26.94,20.94,22.83,81.0,100,14.8,11.4,1014.5,26.0,4.9,151.6,7,7.1,1
2017,10,3,26.94,18.94,22.67,81.5,100,14.1,9.2,1015.6,27.5,4.8,169.5,6,13.0,1
2017,10,4,28.94,17.83,23.28,78.8,0,13.2,10.3,1017.1,28.1,4.9,226.1,8,0.0,0
2017,10,5,28.94,20.94,23.67,79.4,0,13.0,10.3,1017.8,25.0,4.8,218.5,8,0.0,0
2017,10,6,28.94,19.94,23.56,79.9,100,14.3,9.2,1017.4,26.0,4.6,221.1,8,12.4,1
2017,10,7,28.94,18.94,23.22,80.0,0,15.0,8.1,1016.9,25.0,5.1,207.9,7,0.0,0
2017,10,8,27.94,17.94,22.28,78.2,0,15.2,10.3,1016.3,25.0,5.1,181.5,6,0.0,0
2017,10,9,27.94,16.94,22.06,77.0,0,15.0,11.4,1016.7,24.3,4.8,173.4,8,0.0,0
2017,10,10,26.94,18.94,22.17,77.0,0,17.7,10.3,1015.9,25.0,4.8,180.2,7,0.0,0
2017,10,11,28.94,17.94,22.44,77.8,0,11.6,9.2,1015.7,25.0,4.8,137.1,6,0.0,0
2017,10,12,27.94,17.33,22.72,78.1,0,17.0,9.2,1014.5,27.0,4.8,189.3,8,0.0,0
2017,10,13,27.94,17.94,22.56,79.3,0,17.0,10.3,1012.9,25.0,4.9,175.0,7,0.0,0
2017,10,14,28.94,18.94,22.28,74.9,0,13.4,8.1,1012.0,25.0,4.7,123.9,4,0.0,0
2017,10,15,25.94,18.94,21.5,74.0,100,14.5,9.2,1012.8,26.4,3.2,187.7,7,0.4064,1
2017,10,16,25.94,17.94,21.28,76.2,0,15.0,10.3,1014.4,25.0,3.4,173.1,7,0.0,0
2017,10,17,26.94,17.94,21.61,70.0,0,10.5,8.1,1016.0,25.0,3.5,169.4,7,0.0,0
2017,10,18,28.94,15.94,21.33,66.0,0,13.0,8.1,1017.3,25.3,4.7,207.3,8,0.0,0
2017,10,19,28.94,14.94,21.0,68.2,0,11.6,8.1,1017.7,25.0,4.5,222.2,8,0.0,0
2017,10,20,27.94,14.94,20.83,75.9,0,15.4,9.2,1016.5,24.3,5.2,202.6,8,0.0,0
2017,10,21,23.94,16.94,20.5,79.5,0,17.2,9.2,1013.6,25.0,4.5,183.5,7,0.0,0
2017,10,22,25.94,15.94,20.39,78.1,100,18.8,10.3,1012.8,28.1,4.8,170.9,7,0.0,0
2017,10,23,25.94,14.94,19.78,68.6,0,16.6,12.8,1014.8,25.0,4.1,188.7,7,0.0,0
2017,10,24,23.94,12.94,17.78,64.7,0,14.8,8.1,1018.0,25.0,4.2,170.1,6,0.0,0
2017,10,25,23.94,10.94,16.61,70.0,0,13.0,8.1,1021.1,25.0,4.0,178.6,6,0.0,0
2017,10,26,22.94,11.94,16.94,77.2,0,13.2,9.2,1021.9,24.3,3.6,187.1,7,0.0,0
2017,10,27,23.94,13.94,17.94,77.8,0,13.4,8.1,1020.2,24.6,3.3,159.1,7,0.1016,1
2017,10,28,22.94,11.94,17.17,79.1,0,11.9,16.1,1020.3,27.8,3.4,120.7,4,0.0,0
2017,10,29,22.94,9.94,16.39,70.9,100,15.4,10.3,1022.7,25.0,4.5,179.5,7,26.4,1
2017,10,30,22.94,9.94,16.11,71.6,100,14.3,10.3,1021.6,25.0,4.9,197.8,8,4.1,1
2017,10,31,17.94,11.94,14.22,88.1,0,15.7,6.9,1020.7,25.0,3.9,165.2,6,0.0,0
2017,11,1,21.94,10.94,15.33,83.4,100,13.4,8.1,1021.5,34.4,3.7,195.3,7,0.0,0
2017,11,2,22.94,12.94,16.89,77.1,0,11.9,8.1,1019.6,22.7,4.1,205.3,8,0.0,0
2017,11,3,23.94,10.94,17.11,77.1,0,13.2,8.1,1020.8,25.0,4.2,192.0,7,0.0,0
2017,11,4,23.94,10.94,17.06,76.0,0,14.3,8.1,1022.6,24.2,4.5,196.7,8,0.0,0
2017,11,5,23.94,10.94,17.0,75.7,0,12.1,8.1,1022.4,25.0,4.3,206.0,8,0.0,0
2017,11,6,24.94,10.94,17.28,70.1,0,13.4,10.3,1020.7,24.0,4.5,205.6,8,0.0,0
2017,11,7,23.94,10.94,17.17,72.7,0,13.0,8.1,1020.8,24.8,4.4,198.6,7,0.0,0
2017,11,8,24.94,11.94,17.06,73.6,0,15.4,9.2,1020.7,25.0,4.6,179.0,7,0.0,0
2017,11,9,22.94,10.94,16.28,70.4,0,13.9,10.3,1019.5,25.0,4.6,177.2,6,0.0,0
2017,11,10,22.94,10.94,16.06,72.6,0,12.3,10.3,1020.0,25.0,4.5,176.0,7,0.0,0
2017,11,11,22.94,9.94,15.61,74.1,0,15.4,10.3,1020.6,25.4,4.4,185.2,7,0.0,0
2017,11,12,22.94,9.94,15.67,74.1,0,15.2,8.1,1018.0,25.0,4.8,192.2,7,0.0,0
2017,11,13,21.94,9.94,15.39,75.2,0,17.2,9.2,1017.4,25.0,4.1,189.1,7,0.0,0
2017,11,14,21.94,9.94,15.22,76.6,0,14.1,8.1,1018.5,25.0,3.7,184.3,7,0.0,0
2017,11,15,21.94,9.94,15.22,76.4,0,14.1,8.1,1019.5,25.0,3.2,181.8,7,0.0,0
2017,11,16,20.94,10.94,15.61,75.4,0,14.3,4.7,1019.9,25.0,3.4,134.0,6,0.0,0
2017,11,17,23.94,9.94,16.39,74.4,0,14.8,8.1,1019.0,25.0,3.6,167.8,7,0.0,0
2017,11,18,24.94,9.94,16.33,74.1,0,15.9,10.3,1019.3,25.8,4.2,183.6,7,0.0,0
2017,11,19,23.94,9.94,15.72,69.8,0,18.1,9.2,1019.6,25.0,4.5,186.4,7,0.0,0
2017,11,20,23.94,8.94,15.33,67.5,0,19.0,10.3,1019.4,25.0,4.3,177.8,7,0.0,0
2017,11,21,21.94,7.94,14.22,70.2,0,17.0,9.2,1017.6,26.7,3.9,187.5,7,0.0,0
2017,11,22,20.94,8.94,14.0,73.1,0,16.1,8.1,1016.5,27.1,4.0,172.3,7,0.0,0
2017,11,23,20.94,7.94,13.44,72.1,0,13.0,8.1,1016.6,25.0,4.0,161.5,6,0.0,0
2017,11,24,19.94,6.94,13.22,75.3,0,14.1,8.1,1018.5,25.0,3.7,171.2,6,0.0,0
2017,11,25,19.94,7.94,13.06,74.5,0,12.8,6.9,1020.4,25.0,3.6,130.7,5,0.0,0
2017,11,26,20.94,6.94,13.22,74.6,0,14.1,8.1,1020.9,25.0,3.9,130.6,5,0.0,0
2017,11,27,19.94,7.94,12.78,76.2,0,14.1,10.3,1017.7,25.0,4.0,95.8,5,0.0,0
2017,11,28,18.94,6.94,12.33,79.0,0,12.3,11.4,1017.5,25.0,3.3,103.2,4,0.0,0
2017,11,29,25.17,7.94,12.61,79.7,100,13.4,8.1,1020.1,24.0,2.7,110.4,4,0.0,0
2017,11,30,19.94,6.94,12.0,80.8,0,14.8,6.9,1019.6,25.0,2.2,109.2,4,0.0,0
2017,12,1,18.94,6.44,11.94,78.1,100,13.6,6.9,1019.7,27.8,2.6,132.4,6,0.0,0
2017,12,2,20.94,5.94,12.06,73.0,0,15.0,8.1,1021.1,25.4,3.0,136.7,6,0.1016,1
2017,12,3,19.94,5.94,11.78,74.4,0,15.4,8.1,1020.4,25.0,3.7,146.9,6,0.0,0
2017,12,4,19.94,5.94,12.06,75.5,0,16.1,6.9,1018.8,25.0,3.7,158.7,6,0.0,0
2017,12,5,19.94,5.94,12.94,71.7,0,15.9,6.9,1018.7,25.0,3.8,126.2,5,0.0,0
2017,12,6,20.94,8.94,14.17,73.1,100,17.4,10.3,1017.7,25.0,3.8,152.3,6,0.0,0
2017,12,7,21.94,7.94,13.78,77.9,0,17.7,8.1,1018.3,25.0,4.0,134.2,6,0.0,0
2017,12,8,21.94,7.94,14.06,79.0,0,16.1,10.3,1018.9,28.1,3.6,142.7,6,0.0,0
2017,12,9,21.94,8.94,14.33,75.1,0,13.9,5.8,1019.8,24.4,3.9,142.7,5,0.0,0
2017,12,10,22.94,7.94,14.17,71.5,0,14.5,6.9,1020.1,25.0,4.0,171.3,7,0.0,0
2017,12,11,22.94,7.94,13.94,72.5,0,15.4,8.1,1019.5,25.0,4.0,159.9,6,0.0,0
2017,12,12,21.94,6.94,13.39,70.7,0,17.9,9.2,1019.5,24.2,4.3,164.8,6,0.0,0
2017,12,13,20.94,6.94,12.83,67.9,0,21.3,8.1,1020.0,25.0,3.8,174.3,7,0.0,0
2017,12,14,20.94,4.94,11.78,65.6,0,19.7,10.3,1020.3,25.0,3.7,176.5,7,0.0,0
2017,12,15,20.94,2.94,10.94,62.9,0,19.2,9.2,1020.4,24.0,3.7,179.3,7,0.0,0
2017,12,16,19.94,2.94,10.17,65.2,0,16.1,8.1,1021.5,25.0,3.4,176.3,7,0.0,0
2017,12,17,19.94,2.94,10.28,73.3,0,15.4,6.9,1022.5,27.1,2.9,168.4,7,0.0,0
2017,12,18,18.94,4.94,10.83,79.0,0,14.8,6.9,1023.3,34.4,2.6,164.7,7,0.0,0
2017,12,19,18.94,5.94,11.72,77.0,0,15.4,8.1,1023.5,25.0,2.7,163.8,6,0.0,0
2017,12,20,18.94,5.94,11.94,76.4,0,14.5,5.8,1024.8,28.1,2.6,136.5,5,0.0,0
2017,12,21,19.94,5.94,12.0,74.4,0,16.8,8.1,1024.0,25.0,2.9,150.3,6,0.0,0
2017,12,22,18.94,4.94,11.39,76.3,0,16.8,6.9,1020.5,25.0,3.2,141.6,6,0.0,0
2017,12,23,18.94,3.94,10.72,80.3,0,16.1,6.9,1017.8,34.4,2.7,143.4,6,0.0,0
2017,12,24,17.94,7.94,12.17,78.6,0,16.1,5.8,1018.9,25.1,2.5,163.2,6,0.0,0
2017,12,25,18.94,4.94,11.17,76.9,0,17.2,8.1,1019.4,25.0,2.9,155.9,6,0.0,0
2017,12,26,18.94,4.94,11.28,74.2,0,15.9,41.4,1020.8,25.0,2.7,178.8,7,0.0,0
2017,12,27,20.94,3.94,11.44,68.0,0,12.8,8.1,1020.8,25.0,3.0,178.0,7,0.0,0
2017,12,28,21.94,3.94,11.33,61.3,0,13.9,9.2,1020.8,25.0,3.3,175.7,7,0.0,0
2017,12,29,20.94,3.94,11.06,63.2,0,14.8,10.3,1021.5,25.0,3.1,176.1,7,0.0,0
2017,12,30,19.94,4.94,10.89,67.0,0,14.1,9.2,1021.0,25.0,3.0,173.2,7,0.0,0
2017,12,31,19.94,3.94,10.61,70.3,0,14.8,9.2,1019.4,25.0,3.4,171.4,6,0.0,0
2018,1,1,17.94,6.94,11.06,72.9,0,6.9,11.4,1016.8,46.3,3.4,0.0,0,0.0,0
2018,1,2,17.94,3.94,9.67,68.7,0,19.7,11.4,1015.8,29.2,4.1,74.9,5,0.0,0
2018,1,3,16.94,2.94,9.06,64.1,0,18.1,9.2,1015.4,25.0,3.7,181.3,7,0.0,0
2018,1,4,17.94,1.94,9.0,64.9,0,14.8,11.4,1017.3,24.0,3.9,178.5,7,0.0,0
2018,1,5,16.94,1.94,8.56,68.7,0,15.2,11.4,1016.0,25.0,3.6,174.3,7,0.0,0
2018,1,6,15.94,1.94,8.22,63.9,0,15.7,11.4,1013.5,25.0,3.3,169.7,6,0.0,0
2018,1,7,16.94,0.94,7.39,58.3,0,15.9,9.2,1013.5,25.0,3.7,153.8,6,0.0,0
2018,1,8,14.94,0.94,7.22,64.2,0,16.1,8.1,1017.1,25.0,3.6,157.9,6,0.0,0
2018,1,9,16.94,0.06,7.56,68.1,0,16.1,8.1,1019.2,25.2,2.6,170.1,7,0.0,0
2018,1,10,16.94,0.94,8.11,71.2,0,16.8,8.1,1018.5,26.9,2.6,169.0,6,0.0,0
2018,1,11,16.94,1.94,8.67,70.9,0,15.4,8.1,1017.3,25.0,2.7,169.7,7,0.0,0
2018,1,12,17.94,2.94,9.39,73.1,0,16.8,9.2,1017.5,29.2,2.5,178.1,7,0.0,0
2018,1,13,17.94,3.94,10.06,73.0,0,18.3,10.3,1017.0,38.4,3.0,176.9,7,0.0,0
2018,1,14,16.94,4.94,10.22,74.1,0,16.6,9.2,1018.2,53.8,3.0,112.6,5,0.0,0
2018,1,15,17.94,3.94,10.22,71.3,0,15.9,8.1,1017.0,28.1,3.3,138.0,7,0.0,0
2018,1,16,18.94,3.94,9.67,76.2,0,13.4,8.1,1016.8,24.8,3.4,144.0,6,0.0,0
2018,1,17,18.94,3.94,10.89,72.4,0,17.7,9.2,1017.8,25.0,2.9,178.3,7,0.0,0
2018,1,18,18.94,3.94,11.06,74.3,0,16.6,8.1,1017.3,26.9,2.6,177.6,7,0.0,0
2018,1,19,18.94,4.94,10.89,72.1,0,15.9,8.1,1017.9,25.0,2.6,162.6,7,0.0,0
2018,1,20,18.94,3.94,10.72,72.2,0,17.4,6.9,1016.5,25.0,2.9,155.2,7,0.0,0
2018,1,21,17.94,6.94,11.78,71.0,0,13.6,8.1,1017.5,50.7,3.0,141.7,6,0.0,0
2018,1,22,20.94,4.94,11.83,71.6,0,14.1,9.2,1016.5,25.0,2.8,174.1,7,0.0,0
2018,1,23,20.94,4.94,12.0,73.8,0,16.6,49.4,1015.5,25.5,3.1,181.6,7,0.0,0
2018,1,24,11.94,4.94,9.06,84.3,100,17.4,13.9,1014.3,62.7,3.1,90.5,5,6.1,1
2018,1,25,16.94,2.94,9.11,76.6,0,18.1,10.3,1013.3,25.0,3.2,188.9,7,0.0,0
2018,1,26,16.94,2.94,9.39,77.7,0,17.0,11.4,1013.9,36.5,3.0,167.9,7,0.0,0
2018,1,27,15.94,3.94,9.22,74.7,0,16.8,12.8,1013.3,31.8,3.0,156.0,7,0.0,0
2018,1,28,17.94,2.94,8.72,72.3,0,17.9,9.2,1014.5,25.0,2.8,158.4,6,5.0038,1
2018,1,29,16.94,2.94,9.0,74.7,0,18.3,10.3,1016.2,25.0,2.6,173.5,7,0.0,0
2018,1,30,15.94,4.94,10.0,75.7,0,18.1,9.2,1014.4,32.9,2.3,185.5,7,0.0,0
2018,1,31,15.94,4.94,9.61,80.5,0,16.1,9.2,1015.2,40.7,1.9,159.7,6,0.0,0
2018,2,1,17.94,6.94,11.39,73.6,0,19.0,10.3,1016.4,42.3,1.9,156.3,6,0.0,0
2018,2,2,18.94,4.94,11.06,78.1,0,18.6,9.2,1015.8,28.7,1.9,145.3,6,0.0,0
2018,2,3,18.94,6.94,12.11,73.2,0,20.1,11.4,1017.5,36.5,2.4,164.8,6,0.0,0
2018,2,4,19.94,3.94,11.89,63.5,0,21.3,16.1,1016.9,28.1,3.3,210.7,8,0.0,0
2018,2,5,21.94,4.94,12.83,57.0,0,20.4,12.8,1020.1,49.1,3.3,209.6,8,0.0,0
2018,2,6,22.94,8.94,15.06,56.3,0,22.1,16.1,1018.2,77.5,3.5,170.5,6,0.0,0
2018,2,7,19.94,7.94,13.33,58.9,0,18.8,6.9,1015.0,80.5,2.8,139.7,5,0.0,0
2018,2,8,20.94,5.94,13.0,45.5,0,24.6,12.8,1014.7,28.1,4.1,221.1,8,0.0,0
2018,2,9,21.94,6.94,13.06,41.1,0,24.6,11.4,1014.7,37.0,3.7,213.9,8,0.0,0
2018,2,10,21.94,3.06,12.0,47.6,0,22.4,12.8,1018.0,27.1,4.0,227.7,8,0.0,0
2018,2,11,20.94,3.94,13.11,52.0,0,20.4,13.9,1020.9,45.7,3.6,221.3,8,0.0,0
2018,2,12,18.94,7.94,12.11,62.7,0,17.4,10.3,1024.0,73.2,2.5,112.5,4,0.0,0
2018,2,13,18.94,8.94,12.89,73.2,100,13.2,6.9,1024.3,88.5,3.5,137.6,6,1.5,1
2018,2,14,19.94,6.94,13.22,68.1,0,25.9,11.4,1021.6,48.0,3.1,212.6,8,0.1016,1
2018,2,15,22.94,5.94,13.39,68.9,0,17.9,11.4,1021.5,25.0,3.3,233.6,8,0.0,0
2018,2,16,20.94,7.94,13.56,76.9,0,17.9,10.3,1020.4,41.8,2.8,207.9,8,0.0,0
2018,2,17,20.94,10.94,14.33,73.9,0,18.3,15.0,1015.6,43.8,2.9,179.5,7,0.0,0
2018,2,18,19.94,6.94,13.39,70.0,0,19.5,15.0,1015.4,34.4,3.0,179.9,7,0.0,0
2018,2,19,19.94,7.94,13.44,72.1,0,21.0,11.4,1017.1,37.0,2.9,196.8,8,0.0,0
2018,2,20,20.94,7.94,13.44,72.1,0,18.1,12.8,1017.9,45.3,2.6,209.5,8,0.0,0
2018,2,21,20.06,8.06,13.67,71.6,0,18.3,10.3,1015.8,40.8,2.7,180.9,7,0.0,0
2018,2,22,21.06,8.06,13.72,73.3,0,19.7,17.2,1015.1,57.8,2.8,148.6,7,0.0,0
2018,2,23,19.94,8.94,14.44,72.8,0,18.1,11.4,1016.1,46.5,2.3,192.5,7,0.0,0
2018,2,24,21.94,8.94,15.0,73.3,0,20.8,9.2,1019.5,27.5,2.4,198.4,7,0.0,0
2018,2,25,22.94,8.94,15.89,65.0,0,26.8,16.1,1019.3,50.1,2.8,186.9,8,0.0,0
2018,2,26,22.94,7.94,15.72,62.2,0,20.4,11.4,1016.4,29.7,3.7,239.0,9,0.0,0
2018,2,27,21.94,11.94,16.22,74.9,0,19.2,12.8,1017.5,44.9,2.5,189.1,8,0.0,0
2018,2,28,22.94,13.94,17.06,73.8,0,19.2,12.8,1017.3,52.8,2.9,150.4,5,0.0,0
2018,3,1,22.94,11.94,17.06,74.6,0,19.0,17.2,1015.8,48.0,3.2,187.8,7,0.0,0
2018,3,2,22.94,11.94,16.67,70.9,0,28.9,15.0,1014.0,54.3,3.0,185.9,7,0.0,0
2018,3,3,24.94,8.94,16.22,64.7,100,19.2,11.4,1011.3,26.0,4.2,236.7,9,2.5,1
2018,3,4,25.94,10.94,17.67,61.9,0,27.7,13.9,1013.6,53.3,3.6,219.5,8,2.0066,1
2018,3,5,23.94,9.94,17.5,53.1,0,24.8,16.1,1016.3,44.9,4.3,212.6,8,0.0,0
2018,3,6,23.94,9.94,16.56,49.5,0,20.6,11.4,1015.4,30.8,4.7,259.1,9,0.0,0
2018,3,7,24.94,8.94,16.22,59.6,0,18.1,15.0,1017.0,25.0,3.8,264.9,9,0.0,0
2018,3,8,23.94,9.94,16.06,69.6,0,19.2,13.9,1019.4,30.2,3.4,230.2,9,0.0,0
2018,3,9,28.33,9.94,17.06,64.4,0,20.4,11.4,1017.4,31.1,3.4,203.5,8,0.0,0
2018,3,10,22.94,9.94,16.39,63.4,0,19.7,12.8,1016.5,29.2,3.6,251.7,9,0.0,0
2018,3,11,23.94,10.94,14.89,75.9,100,17.4,12.8,1017.6,48.6,2.9,220.4,9,14.2,1
2018,3,12,21.94,9.94,14.67,76.6,100,20.4,12.8,1017.5,59.8,2.8,200.2,7,0.3,1
2018,3,13,22.94,10.94,16.67,70.8,100,18.8,12.8,1016.4,62.4,2.7,230.3,9,0.0,0
2018,3,14,24.94,11.94,17.67,72.2,0,20.1,13.9,1015.8,33.9,2.8,243.2,8,0.0,0
2018,3,15,23.94,12.94,17.67,65.6,0,23.3,17.9,1015.8,64.7,3.2,183.5,6,0.0,0
2018,3,16,23.94,9.94,17.0,57.8,100,21.3,11.4,1014.3,38.6,4.6,250.8,8,5.1,1
2018,3,17,23.94,9.94,16.78,51.4,0,19.7,107.1,1014.3,39.2,4.3,252.4,9,0.0,0
2018,3,18,24.94,8.94,16.33,53.1,0,19.2,12.8,1016.8,25.0,3.3,282.9,10,0.0,0
2018,3,19,24.94,9.94,17.39,54.6,0,17.0,9.2,1019.3,30.4,2.9,280.9,9,0.0,0
2018,3,20,25.94,10.94,18.11,57.6,0,21.5,16.1,1016.7,30.3,2.9,265.2,9,0.0,0
2018,3,21,26.94,10.94,18.78,57.0,0,18.6,13.9,1016.3,24.4,2.8,251.5,9,0.0,0
2018,3,22,25.94,11.94,19.17,54.3,0,21.9,15.0,1014.8,35.9,3.2,251.9,9,0.0,0
2018,3,23,25.94,10.94,18.78,51.1,0,20.1,11.4,1015.3,33.3,3.1,279.8,9,0.0,0
2018,3,24,25.94,10.94,18.61,49.6,0,20.4,13.9,1018.4,28.1,3.1,273.2,9,0.0,0
2018,3,25,25.94,11.94,18.56,54.7,0,20.4,15.0,1019.9,26.0,2.9,275.9,10,0.0,0
2018,3,26,24.06,11.94,16.67,63.4,100,19.7,16.1,1018.1,51.4,2.4,255.3,9,0.5,1
2018,3,27,27.94,10.94,18.61,58.9,0,20.6,15.0,1016.6,31.3,2.7,296.0,10,0.2032,1
2018,3,28,25.06,11.94,18.67,64.8,0,18.3,15.0,1015.8,36.5,2.4,245.8,9,0.0,0
2018,3,29,24.94,12.67,18.78,57.6,0,22.6,16.1,1015.6,43.3,4.2,236.7,9,0.0,0
2018,3,30,22.94,12.94,17.17,53.0,100,17.0,16.1,1016.5,77.0,4.6,211.4,8,1.8,1
2018,3,31,23.94,10.94,18.06,51.5,0,17.4,16.1,1016.7,57.5,4.5,259.3,9,5.0038,1
2018,4,1,24.94,11.94,18.56,59.1,0,15.4,10.3,1017.9,39.1,4.0,210.4,8,0.0,0
2018,4,2,26.94,14.94,19.67,63.2,100,12.1,16.1,1019.0,63.2,3.5,274.5,10,0.5,1
2018,4,3,25.94,12.94,18.28,74.4,100,13.9,10.3,1018.2,60.1,3.4,272.0,9,5.9944,1
2018,4,4,23.94,13.94,16.39,85.2,0,16.1,15.0,1016.9,80.0,3.3,211.4,8,0.0,0
2018,4,5,22.94,13.94,17.56,75.8,0,15.7,13.9,1014.0,67.1,4.2,213.9,8,7.010400000000001,1
2018,4,6,24.94,13.94,18.44,73.2,0,14.5,13.9,1015.4,62.1,3.7,226.2,8,0.3048,1
2018,4,7,23.94,14.94,18.56,77.6,100,13.9,12.8,1018.4,62.8,3.6,244.8,9,6.1,1
2018,4,8,25.94,12.94,18.5,72.6,100,14.5,9.2,1019.0,45.9,3.7,255.8,9,0.0,0
2018,4,9,23.94,14.56,18.78,74.4,100,17.4,11.4,1018.3,62.0,3.5,229.6,9,5.0038,1
2018,4,10,22.94,14.94,18.28,74.5,0,15.7,13.9,1016.8,60.1,3.9,212.4,8,0.0,0
2018,4,11,24.94,13.94,18.67,71.7,100,17.2,16.1,1014.8,64.9,4.0,230.0,9,0.0,0
2018,4,12,23.94,11.94,18.33,71.5,100,19.7,16.1,1014.2,56.4,3.9,208.2,8,0.3,1
2018,4,13,27.06,11.94,19.67,56.0,100,22.4,15.0,1013.4,31.8,5.4,274.3,10,0.0,0
2018,4,14,26.94,12.94,19.5,50.9,0,20.4,13.9,1014.0,35.0,4.6,281.5,10,0.0,0
2018,4,15,26.94,12.94,20.11,52.5,100,18.6,12.8,1015.7,39.0,4.0,268.8,10,0.0,0
2018,4,16,25.94,14.94,20.72,63.2,0,18.8,13.9,1016.8,52.8,3.3,267.4,9,0.0,0
2018,4,17,25.94,14.94,19.94,74.7,100,24.8,12.8,1016.8,64.3,3.8,223.9,8,9.4,1
2018,4,18,26.94,13.94,19.94,71.6,100,20.1,11.4,1014.5,49.6,3.8,243.7,8,3.3,1
2018,4,19,25.94,16.94,20.67,73.4,0,19.9,12.8,1012.4,63.2,3.6,256.8,9,0.0,0
2018,4,20,27.94,15.94,21.5,64.7,100,27.3,13.9,1013.1,42.4,4.1,278.3,10,1.5,1
2018,4,21,28.94,13.94,21.61,54.6,0,27.7,15.0,1013.5,31.8,4.7,310.4,10,0.0,0
2018,4,22,28.94,13.94,21.89,46.7,0,19.2,12.8,1014.3,24.0,4.1,319.3,10,0.0,0
2018,4,23,27.94,12.94,20.83,46.5,0,19.5,16.1,1014.9,24.0,3.4,316.4,10,0.0,0
2018,4,24,27.94,12.94,20.39,49.2,0,19.9,11.4,1015.3,32.3,3.2,288.2,10,0.0,0
2018,4,25,25.94,14.94,20.5,57.4,0,21.5,15.0,1014.1,56.5,3.3,277.0,10,0.0,0
2018,4,26,24.94,14.94,18.61,73.5,100,15.9,15.0,1015.0,67.5,2.9,239.5,9,0.5,1
2018,4,27,24.94,13.94,18.28,75.5,100,15.9,8.1,1017.6,56.0,3.5,204.8,7,8.9,1
2018,4,28,22.94,14.94,17.72,85.6,100,14.3,9.2,1016.8,76.9,3.2,221.7,7,26.9,1
2018,4,29,21.94,15.94,18.56,83.5,100,15.2,6.9,1013.7,88.0,3.4,190.3,7,5.1,1
2018,4,30,20.94,15.94,18.06,82.5,100,15.7,12.8,1012.8,83.3,4.0,107.2,4,0.3,1
2018,5,1,25.94,13.94,19.28,78.0,0,16.8,13.9,1015.0,60.8,4.0,245.0,9,8.4,1
2018,5,2,24.94,16.94,20.44,78.9,100,14.5,10.3,1015.7,77.5,3.6,242.8,8,4.6,1
2018,5,3,20.94,15.94,18.06,85.0,100,20.1,8.1,1017.8,82.1,3.8,170.9,8,2.8,1
2018,5,4,23.94,14.94,19.06,78.0,0,17.7,15.0,1015.6,71.2,4.0,239.1,8,0.0,0
2018,5,5,25.94,16.94,20.44,75.7,100,16.6,9.2,1014.2,74.2,4.1,218.8,8,0.5,1
2018,5,6,25.94,16.94,20.94,76.5,0,23.9,10.3,1014.4,61.2,4.0,233.6,8,0.0,0
2018,5,7,28.94,15.94,22.33,68.8,0,26.4,15.0,1012.6,36.0,3.8,281.6,8,0.0,0
2018,5,8,29.94,15.33,22.94,57.1,100,27.7,17.2,1012.0,29.7,4.5,301.2,9,0.5,1
2018,5,9,28.94,15.94,22.06,53.0,100,19.9,13.9,1014.3,38.1,5.4,293.8,9,0.0,0
2018,5,10,26.94,15.67,20.72,57.1,0,21.5,15.0,1015.4,45.1,4.7,288.2,10,0.0,0
2018,5,11,26.94,13.94,20.67,65.1,0,18.1,12.8,1014.2,32.7,4.2,297.1,10,0.0,0
2018,5,12,25.94,15.94,21.67,73.1,0,15.0,9.2,1015.4,51.2,4.1,264.1,9,0.0,0
2018,5,13,24.94,18.94,21.28,80.1,0,13.9,9.2,1014.7,72.8,3.7,152.5,5,4.8,1
2018,5,14,19.94,15.94,18.11,85.9,100,18.1,9.2,1015.8,79.5,4.0,203.8,8,17.0,1
2018,5,15,24.94,13.94,19.17,76.7,0,16.8,9.2,1013.5,69.6,3.9,258.5,9,0.0,0
2018,5,16,24.94,14.94,20.22,79.0,100,16.3,10.3,1011.8,68.9,4.2,243.7,8,0.0,0
2018,5,17,23.94,16.94,20.06,82.9,100,15.2,6.9,1013.5,73.2,4.2,114.0,6,10.4,1
2018,5,18,25.94,17.94,21.06,78.4,0,15.4,9.2,1012.3,60.1,3.8,220.3,7,0.0,0
2018,5,19,25.94,18.94,21.28,81.6,0,17.9,8.1,1012.9,83.3,4.0,220.6,7,10.7,1
2018,5,20,26.94,17.94,22.39,77.9,100,18.8,10.3,1013.0,74.3,4.0,209.2,8,0.0,0
2018,5,21,28.94,19.94,23.33,76.1,100,15.9,12.8,1013.6,70.1,3.9,217.6,8,7.1,1
2018,5,22,26.94,19.94,23.5,80.3,100,14.3,10.3,1013.8,75.3,4.0,114.0,4,0.8,1
2018,5,23,27.94,21.94,24.22,77.9,0,14.1,11.4,1013.2,81.7,4.0,179.8,7,0.0,0
2018,5,24,28.94,19.94,23.44,78.3,100,17.2,10.3,1011.5,59.1,4.1,155.5,8,16.5,1
2018,5,25,29.94,19.94,24.72,69.1,0,16.8,13.9,1011.0,51.1,4.0,252.2,8,0.0,0
2018,5,26,29.94,19.94,24.67,69.8,100,18.8,11.4,1011.2,55.4,3.9,271.3,8,0.5,1
2018,5,27,30.94,19.94,24.67,67.0,0,26.4,15.0,1012.0,53.8,3.5,284.3,9,0.0,0
2018,5,28,28.94,15.94,20.83,67.1,100,25.3,15.0,1010.6,51.8,4.2,273.3,8,1.5,1
2018,5,29,26.94,16.94,21.33,70.8,0,16.3,9.2,1010.3,73.3,4.2,264.1,9,0.0,0
2018,5,30,24.94,16.94,20.56,85.3,100,17.7,9.2,1011.0,72.2,3.9,238.9,9,65.8,1
2018,5,31,33.83,17.94,21.56,82.3,100,16.6,13.9,1012.7,58.1,3.8,267.9,9,4.1,1
2018,6,1,26.94,17.94,21.5,80.9,100,19.9,9.2,1014.4,79.4,3.8,230.8,9,3.0,1
2018,6,2,25.94,18.94,21.28,83.9,100,19.9,12.8,1014.3,76.4,4.3,205.7,7,0.1016,1
2018,6,3,27.94,17.94,22.06,78.1,100,16.6,9.2,1011.8,64.8,4.0,255.1,8,1.0,1
2018,6,4,28.94,18.94,22.83,82.6,0,35.8,20.8,1012.0,78.5,3.8,243.0,8,37.6,1
2018,6,5,29.94,18.94,23.56,78.5,100,16.3,13.9,1014.5,67.5,4.6,278.2,9,5.1,1
2018,6,6,29.94,19.94,24.06,78.5,0,17.0,13.9,1014.5,71.1,4.4,262.6,9,5.9944,1
2018,6,7,28.94,19.94,23.56,85.1,100,14.1,9.2,1011.0,83.8,4.2,199.8,7,69.9,1
2018,6,8,26.94,20.06,23.06,84.7,100,15.4,9.2,1008.7,71.3,4.0,157.9,6,17.5,1
2018,6,9,28.94,20.94,24.39,79.4,0,19.9,9.2,1006.2,75.3,4.2,217.9,8,0.0,0
2018,6,10,28.94,19.94,24.67,78.6,100,15.4,10.3,1005.5,60.1,4.9,212.7,8,1.8,1
2018,6,11,29.94,19.94,24.67,78.9,0,18.8,16.1,1003.0,56.5,4.6,224.9,9,0.0,0
2018,6,12,28.94,18.94,24.06,80.7,100,15.7,11.4,1001.8,78.9,4.5,161.2,6,14.5,1
2018,6,13,34.06,20.94,25.06,77.0,100,20.6,11.4,1001.3,68.2,4.1,202.7,7,0.0,0
2018,6,14,27.94,19.94,23.78,77.1,0,22.4,9.2,1002.9,86.4,4.4,123.2,6,0.0,0
2018,6,15,25.94,19.94,22.06,87.9,100,30.2,5.8,1006.3,88.5,3.7,177.6,7,7.9,1
2018,6,16,23.94,19.94,21.72,91.1,100,27.3,8.1,1007.9,88.0,3.3,156.8,6,4.8,1
2018,6,17,25.94,19.94,22.11,88.1,100,30.0,11.4,1007.8,81.7,3.3,111.6,4,11.4,1
2018,6,18,28.94,19.94,24.11,78.1,100,21.0,9.2,1007.6,51.3,3.8,260.9,8,15.0,1
2018,6,19,29.94,19.94,25.22,69.0,0,17.2,12.8,1008.7,36.5,4.3,288.7,9,0.0,0
2018,6,20,29.94,19.94,24.61,72.9,0,18.1,12.8,1010.6,51.7,4.2,266.6,9,0.0,0
2018,6,21,28.94,20.94,24.44,77.7,100,16.8,10.3,1010.8,61.7,4.3,261.7,8,2.0,1
2018,6,22,29.94,19.94,24.5,79.7,100,18.6,10.3,1010.1,61.6,4.2,260.2,9,18.7198,1
2018,6,23,28.94,20.94,23.89,86.0,100,12.5,8.1,1009.5,83.3,3.6,178.4,8,1.8,1
2018,6,24,27.94,20.94,24.22,82.5,0,17.2,8.1,1008.0,65.8,3.8,149.2,6,2.8,1
2018,6,25,27.94,20.94,24.17,83.2,100,19.0,9.2,1006.2,88.0,4.1,102.1,4,5.6,1
2018,6,26,28.94,18.94,23.06,87.2,100,11.9,11.4,1007.5,86.4,3.7,119.0,4,23.1,1
2018,6,27,28.94,20.94,24.39,83.5,100,18.6,12.8,1009.7,86.4,4.2,125.0,5,2.5,1
2018,6,28,27.94,20.94,24.22,79.7,0,23.3,13.9,1011.8,70.6,5.5,111.0,4,0.0,0
2018,6,29,25.94,20.94,23.56,82.0,0,17.2,8.1,1011.3,88.0,4.3,153.6,6,0.0,0
2018,6,30,25.94,19.94,22.89,86.9,100,15.7,10.3,1010.3,88.0,4.4,142.9,7,3.8,1
2018,7,1,23.94,20.94,22.44,91.9,100,15.0,5.8,1009.0,88.5,3.9,91.1,4,4.8,1
2018,7,2,23.94,19.94,21.22,96.8,100,25.1,5.8,1007.5,94.0,3.7,16.9,1,0.0,0
2018,7,3,26.94,19.94,22.33,90.6,100,20.8,6.9,1005.3,81.6,4.2,112.4,4,2.9972,1
2018,7,4,26.94,19.94,23.56,86.3,100,18.3,12.8,1005.5,78.0,4.6,157.4,6,3.9878,1
2018,7,5,27.94,21.06,23.28,84.3,100,17.0,6.9,1006.8,87.6,4.3,164.7,6,25.6032,1
2018,7,6,28.94,20.94,24.83,81.9,0,15.0,11.4,1007.5,73.6,4.6,190.6,7,5.4102,1
2018,7,7,29.94,21.72,25.28,79.8,100,12.3,12.8,1007.6,65.3,4.8,137.7,5,0.0,0
2018,7,8,25.94,21.94,23.56,89.2,0,13.0,10.3,1008.2,88.5,3.8,105.8,4,0.0,0
2018,7,9,26.94,20.94,23.33,89.8,100,12.5,6.9,1008.7,91.0,3.9,117.3,4,18.8,1
2018,7,10,25.94,20.94,23.0,91.1,0,13.0,8.1,1009.1,92.0,4.0,97.0,3,16.6878,1
2018,7,11,27.94,20.22,22.83,92.8,100,13.4,12.8,1007.7,91.5,4.0,128.9,5,16.9926,1
2018,7,12,26.94,19.94,22.89,90.4,0,17.7,9.2,1007.7,92.5,4.1,171.1,6,2.3114,1
2018,7,13,28.94,20.94,24.22,83.6,0,17.4,10.3,1007.7,81.7,4.5,153.7,7,0.4064,1
2018,7,14,28.94,20.44,23.33,88.2,100,14.3,9.2,1007.3,85.3,4.5,190.6,8,0.0,0
2018,7,15,28.94,20.94,24.06,84.8,0,13.0,12.8,1007.6,80.1,4.3,130.0,6,2.0066,1
2018,7,16,28.94,20.94,24.06,86.3,100,16.6,6.9,1007.7,84.2,4.4,152.6,8,13.9954,1
2018,7,17,27.94,22.94,24.72,85.8,0,16.8,13.9,1007.8,88.0,4.9,171.4,6,10.0076,1
2018,7,18,28.94,21.94,24.06,87.6,0,14.1,10.3,1008.8,86.4,4.6,113.8,5,13.0048,1
2018,7,19,30.94,21.94,24.78,83.2,0,13.9,11.4,1008.7,78.5,4.9,215.2,7,2.2097999999999995,1
2018,7,20,30.94,21.94,24.89,83.8,0,17.2,8.1,1008.0,81.7,4.4,232.1,9,5.1054,1
2018,7,21,26.94,20.94,23.72,87.3,100,14.5,11.4,1008.6,88.5,4.4,117.6,5,11.5062,1
2018,7,22,28.94,20.33,23.94,87.7,100,13.6,10.3,1007.6,86.9,4.2,122.8,5,2.8956,1
2018,7,23,28.94,20.94,24.17,84.9,100,19.0,11.4,1007.5,88.5,4.9,135.6,6,2.1082,1
2018,7,24,28.94,20.94,23.56,89.5,0,16.3,15.0,1008.3,88.0,4.2,164.0,5,9.6012,1
2018,7,25,27.94,20.94,23.11,90.4,100,19.2,10.3,1008.5,88.2,4.3,104.4,5,24.3078,1
2018,7,26,26.94,20.56,23.33,88.6,100,19.9,11.4,1008.5,86.3,4.2,124.1,4,8.001,1
2018,7,27,27.94,20.94,23.17,90.2,100,14.3,12.8,1008.0,88.2,4.1,122.0,4,5.4102,1
2018,7,28,27.94,20.94,23.22,89.7,0,15.7,9.2,1008.4,84.8,4.4,151.2,5,0.2032,1
2018,7,29,27.94,20.94,23.11,90.2,100,14.5,11.4,1007.2,88.5,4.4,108.4,4,0.0,0
2018,7,30,25.94,20.94,22.83,89.8,0,23.9,9.2,1007.1,84.8,4.4,77.7,3,81.00059999999999,1
2018,7,31,26.94,20.94,22.72,90.4,0,17.2,9.2,1006.7,88.0,4.2,93.9,4,13.9954,1
2018,8,1,25.94,20.06,22.11,94.0,100,16.6,8.1,1006.5,92.0,3.7,115.8,5,1.0,1
2018,8,2,26.94,20.94,22.61,91.5,100,19.0,11.4,1008.4,88.5,4.0,176.4,7,2.0066,1
2018,8,3,24.94,20.56,22.22,94.9,100,13.0,6.9,1008.5,88.5,3.9,135.8,6,5.1,1
2018,8,4,24.94,20.94,22.22,95.2,100,12.5,8.1,1008.8,88.0,3.9,131.9,5,7.9,1
2018,8,5,25.94,20.94,22.89,92.1,100,17.0,12.8,1009.5,88.0,4.0,74.2,3,27.2,1
2018,8,6,26.94,19.94,22.06,93.7,100,15.9,12.8,1009.2,92.0,3.7,145.9,5,50.3,1
2018,8,7,28.94,19.94,23.39,88.4,0,32.2,19.7,1009.3,86.4,4.3,172.8,7,10.4902,1
2018,8,8,28.94,20.94,24.06,84.6,0,38.0,26.4,1010.5,80.1,4.7,207.2,7,7.010400000000001,1
2018,8,9,28.94,20.94,24.39,79.3,100,12.3,12.8,1012.1,76.9,4.6,122.4,5,10.4,1
2018,8,10,26.94,21.94,23.56,87.6,100,13.4,10.3,1010.8,88.0,4.1,139.7,5,8.9,1
2018,8,11,26.94,19.94,22.83,88.6,0,15.2,9.2,1008.3,90.0,4.1,116.6,5,0.0,0
2018,8,12,25.94,20.94,22.56,93.7,0,13.0,6.9,1006.4,91.0,3.7,113.0,4,21.0058,1
2018,8,13,26.94,20.56,22.61,91.3,100,12.3,10.3,1007.4,88.4,4.5,73.3,3,52.8,1
2018,8,14,27.94,20.94,23.94,86.0,100,14.3,9.2,1007.9,86.4,4.5,187.9,7,0.5,1
2018,8,15,28.94,19.78,23.5,87.5,100,15.7,13.4,1011.1,85.2,4.9,172.5,8,40.6,1
2018,8,16,28.94,20.94,23.94,87.9,100,17.4,12.8,1011.1,74.0,4.6,195.8,8,0.6096,1
2018,8,17,29.94,21.94,24.33,85.1,100,13.4,10.3,1009.7,88.0,4.8,183.4,7,5.0038,1
2018,8,18,28.94,20.94,24.56,84.4,0,14.8,10.3,1008.8,82.2,4.7,193.9,8,0.0,0
2018,8,19,28.94,20.94,24.17,84.4,0,15.9,8.1,1009.0,83.3,4.5,205.1,8,1.9812,1
2018,8,20,29.94,20.94,23.94,83.2,0,15.9,11.4,1011.0,80.1,4.6,194.2,8,8.509,1
2018,8,21,29.06,20.94,24.22,87.5,100,16.6,12.8,1010.0,87.9,4.3,179.2,7,0.0,0
2018,8,22,28.06,21.06,23.67,88.9,0,13.0,10.3,1009.7,89.6,4.4,133.5,5,15.798799999999998,1
2018,8,23,28.94,20.94,23.72,88.9,0,15.2,10.3,1009.8,84.8,4.4,126.4,5,13.8176,1
2018,8,24,27.94,20.94,22.94,90.7,100,17.9,11.4,1009.3,88.0,4.2,103.8,5,41.80839999999999,1
2018,8,25,24.94,20.94,22.28,93.8,0,16.6,6.9,1009.0,89.0,3.9,113.7,5,2.3876,1
2018,8,26,27.94,20.94,23.61,85.9,0,15.2,9.2,1008.3,88.0,4.4,131.0,5,0.889,1
2018,8,27,27.94,20.56,23.33,89.9,100,15.4,9.2,1010.0,86.3,4.2,125.1,7,33.0962,1
2018,8,28,25.94,20.94,22.56,94.7,0,15.0,9.2,1012.1,90.5,4.1,78.0,3,5.4102,1
2018,8,29,28.94,20.94,23.11,90.0,0,15.9,10.3,1012.2,88.0,4.3,170.8,7,1.2954,1
2018,8,30,25.94,20.06,22.33,92.1,100,14.5,6.9,1009.2,91.5,4.1,94.6,3,0.1016,1
2018,8,31,27.94,20.94,22.89,91.3,0,23.3,9.2,1011.2,86.4,4.2,78.9,5,0.2032,1
2018,9,1,28.94,19.94,23.78,85.8,0,14.8,15.0,1012.1,74.3,4.4,184.4,7,55.1942,1
2018,9,2,26.94,19.94,22.44,91.1,0,13.4,11.4,1012.1,91.0,4.2,128.8,5,0.0,0
2018,9,3,26.94,20.94,23.28,85.6,0,14.1,10.3,1011.5,88.0,4.3,141.2,6,32.9946,1
2018,9,4,28.94,20.94,24.39,80.0,0,14.8,11.4,1011.8,68.0,4.5,164.7,7,10.9982,1
2018,9,5,28.94,20.94,24.44,83.7,0,13.2,12.8,1010.9,72.2,4.3,179.5,7,0.0,0
2018,9,6,28.94,20.94,23.22,89.5,0,13.4,10.3,1011.5,73.3,4.1,183.0,6,0.0,0
2018,9,7,28.94,19.78,24.06,83.7,100,18.8,12.8,1013.4,63.2,5.1,185.8,7,0.889,1
2018,9,8,28.94,19.94,23.89,81.4,0,14.8,10.3,1014.5,77.2,5.5,192.7,7,8.001,1
2018,9,9,27.94,20.94,24.06,84.0,0,16.6,11.4,1014.8,75.3,4.6,201.6,7,0.0,0
2018,9,10,26.94,20.94,22.39,91.3,0,19.9,6.9,1015.9,89.0,4.1,166.1,7,0.0,0
2018,9,11,23.94,18.94,21.06,89.9,0,19.5,9.2,1015.4,88.0,4.0,146.2,6,0.0,0
2018,9,12,26.94,19.94,22.11,88.7,100,17.9,9.2,1011.6,78.7,4.3,151.6,6,0.5,1
2018,9,13,26.94,19.78,22.5,85.1,100,15.7,10.3,1011.3,83.2,4.4,153.9,7,3.0,1
2018,9,14,26.94,19.94,22.33,85.8,0,17.7,12.8,1013.5,75.3,4.1,154.7,5,0.0,0
2018,9,15,27.94,19.94,23.0,79.4,100,16.3,165.8,1014.7,69.5,4.3,199.4,8,0.0,0
2018,9,16,26.94,19.94,22.78,81.6,100,15.2,10.3,1012.7,83.3,4.3,179.2,7,0.0,0
2018,9,17,28.94,19.94,23.61,79.6,100,15.2,12.8,1009.3,54.3,4.8,236.0,8,0.1016,1
2018,9,18,29.94,19.94,23.67,79.1,100,15.4,11.4,1009.9,36.0,4.7,237.2,8,0.0,0
2018,9,19,28.94,19.94,23.22,82.7,0,14.3,12.8,1014.0,66.4,4.3,231.5,8,10.9982,1
2018,9,20,25.67,17.17,22.06,82.8,100,15.9,9.2,1013.8,69.8,4.2,220.0,8,2.0066,1
2018,9,21,26.94,19.94,22.0,88.3,0,18.1,10.3,1018.5,83.3,4.1,127.2,5,1.1938,1
2018,9,22,24.94,18.94,21.78,87.7,0,17.7,9.2,1021.0,86.4,4.5,103.1,4,6.5024,1
2018,9,23,26.94,18.94,22.5,80.3,0,17.4,10.3,1020.0,53.3,4.8,219.2,8,0.0,0
2018,9,24,27.94,18.94,22.67,79.1,0,20.4,12.8,1017.0,56.4,4.6,201.5,8,0.2032,1
2018,9,25,27.94,18.94,22.89,81.0,0,17.9,9.2,1014.8,60.6,4.1,210.7,7,0.4064,1
2018,9,26,27.94,18.94,22.22,83.0,100,16.1,11.4,1013.6,63.2,4.2,175.6,7,0.0,0
2018,9,27,27.94,19.33,23.06,78.7,100,14.3,13.9,1015.9,76.6,4.4,190.8,7,0.0,0
2018,9,28,26.94,18.94,22.5,78.1,0,14.8,12.8,1016.9,50.7,4.2,171.5,6,0.0,0
2018,9,29,26.94,17.94,22.17,81.0,100,15.0,9.2,1016.7,39.4,4.5,202.8,7,0.0,0
2018,9,30,27.94,18.94,22.89,80.4,0,16.3,11.4,1015.7,59.6,4.2,175.1,6,0.0,0
2018,10,1,27.94,18.94,22.5,77.6,0,16.8,15.0,1016.2,61.2,4.0,192.0,8,16.9926,1
2018,10,2,25.94,16.94,20.94,79.6,100,15.9,10.3,1016.7,38.7,3.8,201.6,8,0.508,1
2018,10,3,24.94,15.94,20.56,79.5,0,14.3,11.4,1017.4,53.8,4.0,144.7,6,7.010400000000001,1
2018,10,4,24.94,16.94,20.11,76.8,0,16.6,13.9,1018.8,59.0,4.0,189.7,7,13.0048,1
2018,10,5,24.94,15.94,19.78,78.5,0,16.1,9.2,1019.3,47.5,3.9,175.2,7,0.0,0
2018,10,6,24.94,15.94,19.33,78.8,0,14.3,10.3,1018.7,40.7,3.9,195.7,8,0.0,0
2018,10,7,24.94,14.94,19.0,76.6,0,16.3,12.8,1018.1,41.7,4.2,190.2,7,12.4968,1
2018,10,8,23.94,13.94,18.44,72.0,0,13.9,9.2,1017.0,31.4,4.4,183.0,6,0.0,0
2018,10,9,24.94,13.94,18.72,76.1,0,14.5,8.1,1017.3,28.3,4.1,202.9,7,0.0,0
2018,10,10,24.94,13.72,19.06,80.7,100,13.0,11.4,1017.9,53.1,3.9,176.1,7,0.0,0
2018,10,11,25.94,15.94,20.11,75.2,0,13.4,10.3,1018.5,69.0,4.2,195.0,7,0.0,0
2018,10,12,23.94,15.94,19.28,79.0,0,16.6,13.9,1019.0,76.9,4.0,176.0,6,0.0,0
2018,10,13,24.94,14.94,19.33,74.4,0,16.1,13.9,1018.2,49.6,4.7,205.8,8,0.0,0
2018,10,14,24.94,14.94,19.06,74.0,0,18.6,10.3,1017.1,28.7,4.7,202.9,7,0.0,0
2018,10,15,24.94,12.94,18.22,76.4,0,16.8,12.8,1018.4,36.0,4.4,189.6,7,0.0,0
2018,10,16,23.94,13.94,18.39,77.9,0,15.4,13.9,1019.1,66.9,3.9,166.1,6,0.3048,1
2018,10,17,23.94,14.94,18.67,75.9,0,18.1,9.2,1017.7,55.3,3.8,168.0,6,0.0,0
2018,10,18,24.94,12.94,18.22,78.3,0,18.3,10.3,1017.3,30.2,3.7,220.2,8,0.0,0
2018,10,19,24.94,12.94,18.0,74.5,0,18.6,11.4,1018.8,30.1,4.1,224.4,8,0.0,0
2018,10,20,23.94,12.94,17.94,76.4,0,17.7,10.3,1020.4,28.1,4.0,227.5,8,0.0,0
2018,10,21,23.94,12.94,18.0,77.3,0,17.2,9.2,1020.7,38.6,4.1,214.5,8,0.0,0
2018,10,22,23.94,12.94,17.39,68.1,0,20.8,16.1,1019.3,32.9,4.4,219.7,8,0.0,0
2018,10,23,23.94,10.94,16.06,67.0,0,18.3,6.9,1019.2,46.0,4.2,207.0,8,0.1016,1
2018,10,24,21.94,9.94,15.72,68.8,0,15.4,11.4,1019.3,29.7,4.4,221.4,8,0.0,0
2018,10,25,22.94,8.94,15.39,73.2,0,15.0,10.3,1021.5,37.3,4.1,200.1,7,0.0,0
2018,10,26,23.94,9.94,15.83,67.6,0,16.3,12.8,1023.2,25.0,4.2,210.7,8,0.0,0
2018,10,27,23.94,8.94,15.89,65.2,0,15.4,10.3,1023.8,26.0,4.8,214.6,8,0.0,0
2018,10,28,23.94,8.94,16.0,66.2,0,15.9,10.3,1023.2,27.6,4.9,208.5,8,0.0,0
2018,10,29,23.94,9.94,16.5,69.6,0,15.7,10.3,1022.0,28.3,4.6,201.0,8,0.0,0
2018,10,30,24.94,10.94,17.22,69.0,0,12.5,10.3,1022.7,26.0,4.3,220.6,8,26.0096,1
2018,10,31,25.94,10.94,17.39,66.5,0,11.0,11.4,1023.0,25.0,4.4,219.3,8,3.9878,1
2018,11,1,24.94,9.94,16.89,69.4,0,14.3,10.3,1022.0,25.0,4.7,214.6,8,0.0,0
2018,11,2,23.94,10.94,16.44,69.4,0,17.0,11.4,1020.8,25.0,4.8,194.6,7,0.9906,1
2018,11,3,22.94,9.94,15.72,69.7,0,15.9,9.2,1020.6,37.0,4.6,200.1,7,0.0,0
2018,11,4,22.94,8.94,15.44,68.1,0,19.5,15.0,1019.5,26.1,4.2,194.7,7,0.0,0
2018,11,5,21.94,8.94,14.89,66.1,0,19.2,11.4,1018.6,25.0,4.0,207.7,8,0.0,0
2018,11,6,21.94,6.94,14.11,68.1,0,17.0,9.2,1018.0,25.0,4.2,204.3,8,0.0,0
2018,11,7,22.94,6.94,14.17,71.5,0,14.8,9.2,1020.5,25.0,4.0,203.0,7,0.0,0
2018,11,8,22.94,7.94,14.5,75.1,0,14.3,9.2,1020.5,26.0,3.6,197.5,7,0.0,0
2018,11,9,20.94,8.94,14.56,77.7,0,14.8,12.8,1018.7,26.0,3.7,157.4,6,0.0,0
2018,11,10,21.94,9.94,14.67,75.1,0,13.9,10.3,1019.9,25.0,4.1,122.6,6,0.0,0
2018,11,11,20.94,8.94,14.06,75.4,0,13.9,11.4,1020.7,28.1,4.1,143.4,6,0.0,0
2018,11,12,21.94,8.94,14.39,75.4,0,15.2,10.3,1018.4,31.2,4.1,140.9,6,0.0,0
2018,11,13,20.94,9.94,14.72,77.2,0,13.9,8.1,1016.7,38.6,3.2,109.8,5,0.0,0
2018,11,14,20.94,8.94,14.44,75.0,0,20.4,11.4,1017.3,30.2,3.3,174.2,6,0.0,0
2018,11,15,21.94,7.94,14.39,69.3,0,17.0,13.9,1018.4,25.0,3.8,180.4,7,0.0,0
2018,11,16,20.94,7.94,13.67,70.1,0,16.8,6.9,1016.7,24.8,3.3,170.9,7,0.0,0
2018,11,17,19.94,6.94,13.0,74.0,0,17.4,10.3,1015.7,24.5,3.3,177.9,7,0.0,0
2018,11,18,19.94,6.94,12.83,79.1,100,15.7,9.2,1018.9,32.4,3.2,144.8,6,0.0,0
2018,11,19,18.94,7.94,12.72,80.7,0,16.8,8.1,1021.4,25.0,2.6,140.9,6,0.0,0
2018,11,20,19.94,6.94,12.56,82.2,0,17.2,9.2,1020.1,32.5,2.0,142.6,6,0.0,0
2018,11,21,18.94,8.94,13.28,82.0,0,16.1,8.1,1021.1,52.3,2.0,160.5,6,0.0,0
2018,11,22,21.94,9.94,14.22,76.4,0,17.4,10.3,1022.0,48.6,2.3,149.4,7,0.0,0
2018,11,23,21.94,6.94,13.72,75.2,0,16.1,11.4,1021.7,25.0,3.1,134.5,6,0.0,0
2018,11,24,27.06,6.94,13.61,77.3,0,15.7,6.9,1020.9,25.3,3.1,161.5,7,0.0,0
2018,11,25,22.94,6.94,13.89,75.9,0,13.9,8.1,1021.9,25.0,3.1,178.3,7,0.0,0
2018,11,26,21.94,6.94,13.61,75.6,0,14.8,9.2,1021.0,25.0,3.4,154.5,6,0.0,0
2018,11,27,20.94,7.94,13.72,78.1,0,14.8,6.9,1023.6,25.0,3.4,179.7,7,0.0,0
2018,11,28,27.06,7.94,14.11,77.0,0,15.2,9.2,1023.3,59.8,3.6,162.6,7,0.0,0
2018,11,29,21.94,9.94,14.39,77.4,0,18.6,9.2,1022.8,45.5,3.5,152.3,7,0.0,0
2018,11,30,21.06,9.94,13.78,80.2,100,15.9,11.4,1021.9,62.6,3.3,85.1,4,0.0,0
2018,12,1,23.17,7.94,12.89,80.5,100,16.6,6.9,1019.4,56.1,3.1,111.7,5,0.0,0
2018,12,2,19.94,8.94,12.83,75.4,100,13.6,9.2,1018.5,58.2,3.0,90.2,4,0.0,0
2018,12,3,18.94,7.94,12.11,78.1,0,14.1,10.3,1019.4,44.0,2.7,105.2,4,0.0,0
2018,12,4,17.94,6.94,11.72,77.8,0,15.4,9.2,1021.3,31.5,2.8,124.8,5,0.0,0
2018,12,5,17.94,6.94,11.67,78.2,0,14.8,8.1,1018.7,66.4,2.7,129.3,5,0.0,0
2018,12,6,18.94,5.94,11.5,77.9,0,15.9,10.3,1017.4,40.5,3.2,132.5,5,0.0,0
2018,12,7,18.94,5.94,11.28,78.4,0,15.7,10.3,1016.8,34.8,3.2,138.1,6,0.0,0
2018,12,8,17.94,5.94,10.89,76.3,0,13.2,8.1,1019.8,40.2,3.0,150.1,6,0.0,0
2018,12,9,18.94,4.94,11.0,74.8,0,14.3,6.9,1018.9,31.6,3.3,154.3,6,0.0,0
2018,12,10,17.94,4.94,10.89,72.7,0,14.1,8.1,1019.5,25.0,4.0,150.4,6,0.0,0
2018,12,11,18.94,4.94,10.61,73.0,0,14.8,10.3,1019.7,25.0,3.8,151.7,6,0.0,0
2018,12,12,19.06,3.94,11.0,68.8,0,14.1,9.2,1021.1,56.6,4.2,148.2,6,0.0,0
2018,12,13,20.33,4.94,11.17,70.4,100,13.6,8.1,1021.5,40.8,4.3,153.3,6,0.0,0
2018,12,14,26.83,5.56,11.61,70.4,100,14.8,3.8,1020.3,18.9,5.2,158.8,6,0.0,0
2018,12,15,19.94,3.94,11.11,64.0,0,16.8,8.1,1023.3,21.6,4.5,177.2,7,0.0,0
2018,12,16,18.94,3.94,10.28,68.0,0,15.0,5.8,1025.4,25.0,4.0,176.4,7,0.0,0
2018,12,17,15.94,2.94,9.56,69.1,0,16.8,6.9,1024.1,69.6,2.8,147.4,6,0.0,0
2018,12,18,14.94,7.94,10.89,68.4,100,15.0,10.3,1020.5,80.6,3.1,63.3,2,0.0,0
2018,12,19,17.94,6.94,11.33,73.2,0,15.7,6.9,1019.9,41.3,2.7,158.4,6,0.0,0
2018,12,20,18.94,3.94,10.06,81.2,0,15.2,9.2,1019.9,25.0,2.1,160.7,7,0.0,0
2018,12,21,16.94,4.94,10.83,75.7,0,15.4,8.1,1018.5,48.4,2.7,134.6,6,0.0,0
2018,12,22,15.94,6.94,11.0,75.9,0,13.4,9.2,1020.5,58.6,2.9,116.0,4,0.0,0
2018,12,23,18.94,3.94,9.89,76.5,0,15.0,5.8,1021.1,25.0,2.9,149.1,6,0.0,0
2018,12,24,18.94,3.94,10.11,74.7,0,16.8,8.1,1019.1,30.8,2.9,168.1,7,0.0,0
2018,12,25,17.94,2.94,9.39,72.4,0,17.2,10.3,1017.4,25.0,3.3,159.9,7,0.0,0
2018,12,26,15.94,2.94,8.56,76.5,0,17.4,9.2,1017.0,35.5,3.5,143.0,6,0.0,0
2018,12,27,14.94,5.06,9.11,76.0,100,17.7,10.3,1016.0,53.7,3.4,152.9,6,0.0,0
2018,12,28,14.94,1.94,8.11,72.4,0,15.0,6.9,1016.2,34.4,3.2,163.4,6,0.0,0
2018,12,29,16.94,1.94,8.61,69.5,0,13.9,8.1,1020.6,25.0,2.9,174.4,7,0.0,0
2018,12,30,17.94,1.94,8.39,69.0,0,13.2,6.9,1023.3,25.0,2.8,176.1,7,0.0,0
2018,12,31,18.94,0.94,8.78,67.3,0,15.2,9.2,1022.8,25.0,2.8,170.2,7,0.0,0
2019,1,1,17.94,1.94,8.72,68.0,0,13.2,6.9,1023.1,25.0,3.0,169.9,7,0.0,0
2019,1,2,17.94,1.94,8.72,67.1,0,16.3,9.2,1022.9,25.0,3.6,159.4,7,0.0,0
2019,1,3,15.94,1.72,8.28,68.2,0,14.3,10.3,1021.8,23.1,3.7,142.4,5,0.0,0
2019,1,4,14.94,1.94,7.78,68.5,0,15.4,11.4,1022.4,25.2,3.3,148.5,6,0.0,0
2019,1,5,15.94,0.94,8.17,71.6,0,14.8,8.1,1023.0,26.0,2.9,150.6,6,0.0,0
2019,1,6,18.94,1.94,9.56,67.7,0,14.8,6.9,1021.6,25.0,2.9,147.3,6,0.0,0
2019,1,7,15.94,6.94,9.89,68.4,100,21.0,10.3,1021.0,25.0,3.4,68.8,3,0.0,0
2019,1,8,17.94,1.94,9.61,64.7,0,14.3,10.3,1018.0,25.0,3.5,184.3,7,0.0,0
2019,1,9,16.94,4.94,10.0,70.2,0,15.7,9.2,1017.6,25.0,3.5,146.9,6,0.0,0
2019,1,10,15.94,3.94,9.39,76.6,0,15.0,9.2,1019.1,25.0,2.6,162.5,7,0.0,0
2019,1,11,15.94,4.94,9.94,78.4,0,12.8,9.2,1020.5,24.9,2.4,118.2,5,0.0,0
2019,1,12,16.94,4.94,9.89,76.2,0,15.0,8.1,1020.8,25.0,2.2,155.5,7,0.0,0
2019,1,13,17.94,2.94,9.83,73.3,0,14.3,10.3,1021.3,25.0,2.5,168.3,6,0.0,0
2019,1,14,16.94,2.94,9.56,70.4,0,18.8,12.8,1018.1,25.0,3.1,179.6,7,0.0,0
2019,1,15,16.94,2.94,9.33,71.5,0,18.3,9.2,1018.8,25.2,3.0,187.2,7,0.0,0
2019,1,16,16.94,2.94,9.72,74.8,0,14.8,8.1,1021.0,25.0,2.7,165.5,7,0.0,0
2019,1,17,17.94,3.94,9.89,74.6,0,13.9,8.1,1019.0,25.2,2.8,150.9,6,0.0,0
2019,1,18,17.94,3.94,10.11,74.5,0,15.0,10.3,1018.6,25.0,2.9,167.7,6,0.0,0
2019,1,19,17.94,3.94,10.22,73.3,100,16.3,9.2,1019.6,25.0,2.8,172.4,7,0.0,0
2019,1,20,18.94,3.94,10.44,72.3,0,16.3,8.1,1020.0,25.0,2.8,185.0,7,0.0,0
2019,1,21,19.94,4.94,11.22,70.1,0,15.2,10.3,1020.1,25.0,2.9,182.6,7,0.0,0
2019,1,22,18.94,5.94,12.06,69.1,0,14.3,11.4,1020.9,25.0,2.7,118.1,5,0.0,0
2019,1,23,11.94,7.94,9.44,91.5,100,16.8,11.4,1022.4,27.7,3.5,118.4,5,0.0,0
2019,1,24,18.94,5.94,10.28,77.0,100,16.1,10.3,1021.8,37.5,3.0,169.1,7,0.0,0
2019,1,25,16.94,5.94,10.33,75.2,0,15.4,11.4,1022.8,25.0,3.3,126.9,6,0.0,0
2019,1,26,11.94,7.94,9.89,88.3,100,14.3,8.1,1023.7,25.0,3.5,132.3,5,3.8,1
2019,1,27,16.94,4.56,10.33,80.0,100,15.4,6.9,1022.6,40.6,2.9,166.0,7,0.0,0
2019,1,28,16.94,3.94,9.72,76.8,100,15.2,12.8,1021.3,25.0,3.2,147.3,6,0.0,0
2019,1,29,15.94,3.94,8.94,75.5,100,18.1,12.8,1019.6,25.2,3.3,171.5,7,0.0,0
2019,1,30,17.94,2.94,9.39,70.1,0,16.8,8.1,1020.9,25.0,3.5,206.3,8,0.0,0
2019,1,31,17.94,3.94,10.39,72.9,0,15.4,8.1,1022.5,25.0,2.8,115.4,4,0.0,0
2019,2,1,18.94,6.94,11.72,70.7,0,13.0,9.2,1021.4,25.0,2.9,142.0,5,0.0,0
2019,2,2,19.94,4.94,11.28,67.8,100,17.0,11.4,1019.0,25.0,3.3,195.9,7,0.0,0
2019,2,3,19.94,3.94,11.28,65.9,0,17.4,10.3,1020.8,25.0,3.8,213.9,8,0.0,0
2019,2,4,20.94,4.94,11.94,70.3,0,19.0,10.3,1021.8,25.0,3.4,215.6,8,0.0,0
2019,2,5,19.94,3.67,11.83,73.6,0,16.3,10.3,1020.7,27.1,3.1,198.8,8,0.0,0
2019,2,6,20.94,6.94,12.78,73.0,0,19.7,10.3,1017.9,25.0,3.1,193.7,8,0.0,0
2019,2,7,10.94,7.94,9.89,95.8,100,17.2,5.8,1020.9,25.0,2.3,62.2,3,0.0,0
2019,2,8,15.94,7.94,11.17,87.2,100,14.5,15.0,1020.6,25.0,3.3,118.9,5,0.0,0
2019,2,9,12.94,5.94,8.39,82.8,100,17.4,17.2,1019.2,25.0,4.7,153.0,6,0.0,0
2019,2,10,16.94,1.94,9.39,73.4,0,17.4,9.2,1021.3,25.0,4.1,225.0,8,0.0,0
2019,2,11,18.94,6.94,11.5,77.2,0,17.4,10.3,1022.5,25.0,3.6,182.7,8,0.0,0
2019,2,12,18.94,4.94,12.06,76.6,0,16.6,10.3,1023.8,34.4,3.3,189.4,8,0.0,0
2019,2,13,19.94,6.94,12.83,76.5,0,16.3,9.2,1023.8,25.0,3.2,198.7,8,0.0,0
2019,2,14,17.94,8.94,13.06,80.5,100,15.7,8.1,1021.0,25.0,2.4,150.0,6,0.0,0
2019,2,15,19.94,9.94,13.56,76.8,0,18.1,12.8,1020.6,26.0,2.8,150.0,7,0.0,0
2019,2,16,16.94,6.94,11.61,80.7,100,16.1,10.3,1018.6,23.8,3.4,153.3,7,5.1,1
2019,2,17,16.94,5.94,10.5,78.4,100,20.8,13.9,1014.1,25.0,3.5,189.1,7,1.0,1
2019,2,18,19.94,5.94,11.61,76.4,0,17.2,13.9,1012.6,25.0,3.4,176.2,7,0.0,0
2019,2,19,17.94,7.94,12.0,77.1,100,32.0,10.3,1017.3,25.0,3.4,182.5,7,1.3,1
2019,2,20,19.94,5.94,12.67,72.0,0,18.8,11.4,1020.3,25.0,3.9,228.5,8,0.0,0
2019,2,21,21.94,7.94,14.39,72.1,0,25.7,16.1,1021.5,25.0,3.8,226.9,8,0.0,0
2019,2,22,23.94,7.94,15.72,65.4,0,28.6,17.2,1018.8,25.0,4.0,209.8,8,0.0,0
2019,2,23,22.94,8.94,15.11,61.3,0,21.3,12.8,1015.1,25.0,4.2,234.8,9,0.0,0
2019,2,24,20.94,7.94,14.72,59.2,0,16.3,8.1,1014.7,25.0,3.7,151.2,6,0.0,0
2019,2,25,18.94,8.94,13.94,52.6,100,14.1,8.1,1015.0,32.2,4.6,178.7,7,0.0,0
2019,2,26,19.94,7.94,13.39,48.4,0,17.4,12.8,1015.3,25.0,5.1,219.4,8,0.0,0
2019,2,27,14.94,8.94,11.22,66.0,100,22.1,12.8,1014.6,25.0,4.4,76.8,3,2.3,1
2019,2,28,13.94,1.94,8.39,75.7,100,18.1,13.9,1015.2,25.2,4.4,156.6,7,26.9,1
2019,3,1,17.94,2.94,10.06,72.6,100,17.2,12.8,1016.7,25.0,4.4,250.0,9,0.0,0
2019,3,2,17.94,4.94,11.11,75.0,0,19.2,9.2,1018.3,25.2,3.9,220.5,8,0.0,0
2019,3,3,17.94,6.94,12.39,79.1,100,20.6,8.1,1015.8,26.0,3.7,178.8,7,0.0,0
2019,3,4,20.94,6.94,13.44,73.0,0,17.2,9.2,1012.1,28.1,3.9,221.7,8,0.0,0
2019,3,5,19.94,7.94,13.22,70.2,0,18.3,16.1,1011.9,25.0,3.9,225.8,8,0.0,0
2019,3,6,19.94,6.94,13.0,67.0,0,18.1,13.9,1013.1,25.0,4.6,247.6,9,0.0,0
2019,3,7,20.94,6.94,13.39,70.2,0,18.1,15.0,1014.2,25.2,3.8,249.3,9,0.0,0
2019,3,8,19.06,7.94,13.39,69.5,0,21.0,13.9,1015.6,27.9,3.8,230.2,8,0.0,0
2019,3,9,21.94,7.94,14.06,68.2,0,21.5,9.2,1015.8,25.0,4.1,238.9,9,0.0,0
2019,3,10,22.94,7.94,15.22,59.6,0,22.4,11.4,1017.8,25.0,4.3,245.5,9,0.0,0
2019,3,11,22.94,7.94,15.56,60.0,0,20.6,11.4,1019.3,25.0,4.1,267.7,9,0.0,0
2019,3,12,23.94,8.94,16.44,51.9,0,25.5,17.2,1019.0,25.0,4.5,270.5,9,0.0,0
2019,3,13,26.94,8.94,17.39,47.9,0,22.1,15.0,1018.0,25.0,4.5,278.9,9,0.1016,1
2019,3,14,24.94,12.94,18.39,46.2,0,30.4,11.4,1019.8,25.0,4.5,184.5,9,0.0,0
2019,3,15,24.94,9.94,17.61,45.5,0,24.6,13.9,1020.9,25.0,4.9,231.4,8,0.0,0
2019,3,16,24.94,8.94,16.83,52.1,0,19.2,11.4,1018.2,25.0,4.6,257.1,9,0.0,0
2019,3,17,23.94,8.94,16.44,59.8,0,24.4,17.2,1018.7,25.0,3.9,239.3,9,0.0,0
2019,3,18,22.94,9.94,15.39,65.0,100,15.4,16.1,1018.7,27.7,4.0,212.5,8,3.3,1
2019,3,19,21.94,8.94,14.17,73.0,100,18.3,15.0,1015.5,25.0,3.5,221.7,8,0.5,1
2019,3,20,22.94,8.94,15.06,70.7,100,19.0,16.1,1016.0,25.0,3.9,248.3,9,11.2,1
2019,3,21,23.94,7.94,16.28,59.6,100,27.3,13.9,1017.8,25.0,4.6,263.3,8,0.5,1
2019,3,22,24.94,9.94,17.56,51.0,0,20.1,13.9,1016.9,25.0,4.6,259.4,9,0.0,0
2019,3,23,24.94,9.94,17.39,52.9,0,20.6,13.9,1015.4,25.4,3.9,286.7,10,0.0,0
2019,3,24,25.94,10.22,17.67,60.5,0,17.4,15.0,1016.0,24.0,3.0,266.6,9,0.0,0
2019,3,25,23.94,11.94,16.83,72.2,0,17.9,28.9,1017.6,25.2,2.5,208.5,8,0.0,0
2019,3,26,19.94,10.94,13.89,81.2,100,31.1,12.8,1019.2,25.0,4.0,167.2,6,14.0,1
2019,3,27,21.94,7.94,15.33,73.4,100,20.8,10.3,1019.6,25.0,4.6,273.2,9,7.9,1
2019,3,28,24.94,9.94,17.39,69.5,0,18.1,12.8,1019.0,25.0,4.7,272.7,10,0.0,0
2019,3,29,23.94,14.94,18.83,71.1,0,17.7,15.0,1016.5,25.0,3.3,188.4,7,0.0,0
2019,3,30,21.94,14.94,17.83,81.2,0,15.2,11.4,1016.3,25.0,2.5,149.8,5,0.0,0
2019,3,31,24.94,13.94,18.56,74.2,100,34.4,19.7,1014.0,25.0,3.2,226.0,8,9.7,1
2019,4,1,25.94,9.94,18.28,61.3,100,23.0,12.8,1015.7,25.0,4.7,248.1,9,3.6,1
2019,4,2,24.94,10.94,18.39,53.9,0,21.5,10.3,1015.6,25.0,5.0,278.4,10,0.0,0
2019,4,3,24.94,11.94,18.33,68.2,100,20.1,13.9,1016.4,32.8,4.0,239.9,8,0.0,0
2019,4,4,22.94,14.22,18.44,79.4,100,19.5,15.0,1017.5,31.0,3.2,209.3,7,0.3,1
2019,4,5,22.94,14.94,18.17,85.3,100,17.4,10.3,1017.6,46.7,2.3,179.1,7,3.0,1
2019,4,6,17.94,12.94,15.5,92.8,100,15.9,6.9,1017.3,47.1,3.2,157.8,6,0.0,0
2019,4,7,20.94,14.06,16.83,80.9,100,19.2,10.3,1017.0,46.7,4.6,187.4,7,4.3,1
2019,4,8,23.94,11.22,18.11,75.0,0,18.8,9.2,1014.5,29.5,4.2,244.4,8,5.9944,1
2019,4,9,21.94,13.94,17.56,79.1,100,19.9,13.9,1014.5,35.6,3.9,207.1,8,6.6,1
2019,4,10,24.94,13.72,19.39,73.9,0,15.9,8.1,1016.7,42.1,4.1,252.5,9,0.0,0
2019,4,11,24.94,14.94,20.06,74.4,0,15.9,12.8,1016.2,28.6,4.1,231.2,8,0.0,0
2019,4,12,25.94,15.94,20.83,75.3,0,12.3,9.2,1016.3,35.6,3.7,221.6,8,0.0,0
2019,4,13,26.94,16.94,21.28,75.4,100,15.7,11.4,1016.3,39.2,3.7,238.5,8,0.2032,1
2019,4,14,26.94,16.06,20.17,83.4,100,16.8,10.3,1016.2,44.0,3.6,246.4,8,3.0,1
2019,4,15,25.94,15.94,20.17,83.1,0,17.2,15.0,1015.5,46.7,3.6,243.7,8,0.0,0
2019,4,16,27.94,14.22,20.94,77.8,100,31.1,16.1,1016.8,37.3,3.5,249.3,8,0.1016,1
2019,4,17,24.94,14.94,19.17,74.7,100,25.1,10.3,1018.8,40.2,4.9,167.0,8,6.6,1
2019,4,18,25.94,13.06,19.56,63.4,0,19.2,11.4,1017.3,26.7,5.0,267.3,9,0.0,0
2019,4,19,25.94,11.94,17.5,71.9,0,17.9,16.1,1015.9,26.7,4.3,257.4,9,25.9,1
2019,4,20,24.94,10.94,17.83,68.5,100,14.8,15.0,1014.8,30.0,4.4,261.3,8,0.0,0
2019,4,21,24.94,13.94,18.06,74.8,0,17.7,11.4,1013.9,29.3,3.6,230.3,7,0.0,0
2019,4,22,23.94,14.06,18.0,79.6,100,16.6,15.0,1015.0,34.2,3.3,239.8,9,6.1,1
2019,4,23,24.94,13.06,19.17,77.1,100,15.9,10.3,1016.8,30.6,3.4,218.1,8,0.0,0
2019,4,24,26.94,15.06,21.33,72.8,100,14.3,9.2,1018.3,31.7,3.3,265.5,9,3.3,1
2019,4,25,26.94,16.94,20.78,78.6,100,21.9,11.4,1017.5,28.3,3.5,247.9,9,1.3,1
2019,4,26,26.94,15.06,19.83,86.2,100,17.4,9.2,1015.0,31.9,3.0,240.1,7,8.6,1
2019,4,27,28.06,17.94,22.67,74.8,100,17.7,11.4,1013.5,41.7,3.0,262.2,8,0.3,1
2019,4,28,28.94,17.72,23.5,72.2,0,20.1,11.4,1012.5,39.2,3.6,293.0,10,0.0,0
2019,4,29,28.94,19.94,23.94,70.5,0,20.6,16.1,1012.9,26.9,3.3,272.3,9,0.0,0
2019,4,30,29.94,18.06,23.78,67.2,0,22.1,12.8,1012.8,25.8,3.3,277.6,9,0.0,0
2019,5,1,31.94,17.94,23.83,59.4,0,26.2,18.3,1013.0,27.5,4.0,304.9,10,0.0,0
2019,5,2,31.94,16.06,23.83,56.4,100,20.8,15.0,1014.1,28.1,4.9,304.7,10,0.0,0
2019,5,3,24.94,17.94,19.94,81.2,100,32.2,20.8,1015.0,38.1,3.6,210.5,8,6.1,1
2019,5,4,25.94,15.06,20.83,71.9,100,19.9,13.9,1013.2,38.3,4.6,264.7,9,0.0,0
2019,5,5,27.94,16.94,22.61,61.0,0,24.6,13.9,1013.9,31.7,4.6,288.6,10,0.0,0
2019,5,6,28.94,15.06,21.89,56.3,0,20.8,12.8,1011.8,25.5,4.3,300.9,10,0.0,0
2019,5,7,29.94,15.94,22.72,58.2,0,18.8,12.8,1011.3,26.7,3.7,310.0,10,0.0,0
2019,5,8,29.94,16.94,23.28,59.7,0,24.8,13.9,1010.4,25.5,3.5,321.1,10,0.0,0
2019,5,9,29.94,17.06,23.72,61.9,0,23.9,12.8,1009.6,26.7,2.9,319.5,10,0.0,0
2019,5,10,30.94,15.72,24.22,58.3,0,22.6,11.4,1011.3,27.6,3.1,305.1,9,0.0,0
2019,5,11,33.67,17.33,24.94,54.9,0,31.1,15.0,1013.5,32.2,3.5,286.6,10,0.0,0
2019,5,12,30.94,15.94,21.28,58.5,100,18.1,15.0,1014.4,29.0,4.2,282.5,10,0.3,1
2019,5,13,24.94,14.06,19.22,72.6,100,19.5,8.1,1014.0,27.1,3.9,269.4,10,0.0,0
2019,5,14,27.94,15.44,21.11,66.1,100,26.4,16.1,1013.5,32.8,3.9,271.6,9,0.0,0
2019,5,15,26.94,15.06,20.56,69.9,100,19.9,13.9,1014.6,28.3,4.1,242.5,9,1.0,1
2019,5,16,26.94,16.06,21.28,76.1,100,19.9,11.4,1015.1,40.8,3.7,248.1,9,5.8,1
2019,5,17,28.94,16.06,22.33,64.4,100,26.4,13.9,1013.9,26.7,4.6,294.7,9,0.8,1
2019,5,18,28.94,17.06,23.11,57.8,0,35.8,18.3,1013.3,26.7,4.6,297.0,10,0.0,0
2019,5,19,27.94,15.06,22.72,60.7,100,16.6,12.8,1014.6,26.7,4.5,275.7,9,1.0,1
2019,5,20,28.94,17.06,23.72,63.1,100,19.5,11.4,1015.9,29.8,4.0,268.3,9,0.0,0
2019,5,21,28.94,19.06,24.28,64.9,0,19.7,12.8,1015.1,39.1,3.7,262.3,8,0.0,0
2019,5,22,29.94,18.06,23.11,71.8,0,28.9,17.2,1014.2,31.9,3.7,271.1,10,0.0,0
2019,5,23,27.94,14.94,22.83,71.9,100,21.0,10.3,1013.3,29.2,4.0,240.1,8,3.6,1
2019,5,24,28.94,18.94,23.0,76.3,0,33.3,15.0,1012.6,30.8,3.4,268.3,8,0.0,0
2019,5,25,29.94,18.06,23.39,66.7,100,26.4,16.1,1010.4,28.9,4.7,253.4,8,2.0,1
2019,5,26,28.94,16.06,22.67,66.0,100,20.1,12.8,1010.8,28.4,4.8,267.8,8,1.0,1
2019,5,27,28.94,18.94,24.06,63.4,0,19.0,13.9,1011.7,29.2,4.1,285.1,9,0.0,0
2019,5,28,28.94,18.06,23.89,63.2,0,21.7,13.9,1011.9,26.7,4.1,284.4,9,0.0,0
2019,5,29,28.94,16.94,21.83,78.3,100,18.3,17.2,1011.8,29.2,3.6,258.1,8,13.0,1
2019,5,30,27.94,16.94,20.28,85.5,100,20.8,11.4,1011.8,46.7,3.4,248.9,9,10.9,1
2019,5,31,26.94,16.94,21.33,79.9,0,15.9,6.9,1012.0,38.3,3.7,236.2,8,65.8114,1
2019,6,1,27.94,16.94,22.0,80.9,0,17.7,13.9,1012.8,37.9,3.7,249.0,8,8.4,1
2019,6,2,27.94,17.06,21.44,80.2,100,17.4,16.1,1013.3,46.7,4.3,244.0,8,15.5,1
2019,6,3,27.94,18.94,21.78,77.6,0,19.0,9.2,1013.4,41.7,4.6,239.1,8,0.0,0
2019,6,4,27.94,18.06,22.83,73.8,0,14.3,8.1,1012.3,29.9,4.3,254.1,9,0.9906,1
2019,6,5,26.94,20.06,22.83,82.8,100,14.3,10.3,1011.6,37.5,4.2,170.2,6,0.3,1
2019,6,6,25.94,21.06,22.89,86.8,0,17.4,8.1,1013.5,38.8,4.2,118.0,5,4.6,1
2019,6,7,28.94,17.94,23.78,75.8,100,17.9,9.2,1014.4,42.1,5.0,211.0,8,17.0,1
2019,6,8,28.94,19.06,24.44,71.3,0,17.7,10.3,1012.8,26.7,4.8,225.1,9,0.0,0
2019,6,9,29.94,20.06,24.44,73.4,0,18.3,16.1,1010.8,34.2,4.3,241.0,9,0.0,0
2019,6,10,28.94,19.94,23.44,77.6,100,17.4,19.7,1009.4,41.7,4.0,260.1,9,4.3,1
2019,6,11,28.94,20.06,24.06,75.3,0,16.1,13.9,1009.2,37.5,4.0,269.4,9,2.0066,1
2019,6,12,28.94,21.06,24.83,72.8,0,18.8,12.8,1010.3,41.4,4.4,251.4,9,0.0,0
2019,6,13,30.94,20.06,25.0,73.9,0,16.6,10.3,1009.9,26.7,4.1,254.6,8,0.0,0
2019,6,14,30.94,20.06,25.94,72.7,100,18.1,11.4,1007.8,38.3,4.0,234.6,8,0.0,0
2019,6,15,30.94,20.06,25.78,71.6,100,22.8,12.8,1007.8,42.5,4.6,263.6,9,9.7,1
2019,6,16,30.94,20.06,26.33,65.8,0,20.4,10.3,1007.0,29.1,4.1,282.7,9,0.0,0
2019,6,17,29.94,19.94,24.39,75.1,0,18.3,13.9,1007.6,33.3,3.9,207.6,7,5.0038,1
2019,6,18,29.94,18.94,23.83,76.1,100,20.4,15.0,1009.3,45.0,4.3,263.3,8,14.5,1
2019,6,19,27.94,19.94,24.17,76.3,100,20.1,13.9,1010.0,35.8,4.5,253.5,8,1.3,1
2019,6,20,28.94,20.83,24.44,74.6,100,15.4,10.3,1010.8,44.1,4.9,220.9,7,0.0,0
2019,6,21,28.94,20.06,24.61,77.4,0,15.2,12.8,1011.6,35.0,4.8,247.6,8,0.0,0
2019,6,22,25.94,19.94,21.72,93.9,100,16.8,8.1,1012.8,46.7,3.9,153.1,6,20.3,1
2019,6,23,28.94,20.06,24.17,86.7,100,23.7,8.1,1012.9,46.7,4.5,167.9,6,13.5,1
2019,6,24,29.94,21.94,25.56,80.7,100,14.5,11.4,1013.3,43.3,4.8,210.0,7,0.8,1
2019,6,25,29.94,21.94,26.11,76.6,0,19.9,10.3,1012.3,32.5,4.6,226.8,8,0.0,0
2019,6,26,28.94,22.06,24.83,81.8,0,17.4,12.8,1009.5,32.5,4.2,169.5,7,0.0,0
2019,6,27,29.06,20.94,24.44,81.4,100,17.0,10.3,1006.6,42.5,4.2,166.1,6,4.6,1
2019,6,28,28.94,20.94,24.72,80.2,100,15.4,10.3,1006.1,42.1,3.8,92.6,3,5.1,1
2019,6,29,28.94,20.94,24.61,78.0,100,16.3,11.4,1007.2,38.3,4.3,247.3,8,0.0,0
2019,6,30,27.94,21.17,24.83,79.4,0,15.9,11.4,1008.0,43.6,4.1,200.1,6,0.0,0
2019,7,1,29.94,20.94,25.11,79.2,0,16.3,12.8,1008.4,28.5,3.8,241.9,8,4.0894,1
2019,7,2,29.94,21.94,25.33,81.1,100,17.7,17.2,1008.5,25.0,4.3,192.6,7,1.5,1
2019,7,3,28.94,22.06,25.22,82.2,100,15.0,12.8,1008.8,37.3,5.1,171.0,6,0.0,0
2019,7,4,28.94,22.94,25.44,79.6,100,14.3,16.1,1007.5,25.0,4.5,125.4,5,0.0,0
2019,7,5,28.94,21.94,25.06,82.1,100,16.6,13.9,1005.7,25.0,4.6,175.2,7,0.3,1
2019,7,6,28.94,20.94,24.11,88.0,100,13.0,13.9,1004.5,25.0,4.7,129.4,4,10.9,1
2019,7,7,27.94,20.94,23.11,91.8,100,11.9,8.1,1004.3,25.0,4.6,107.5,3,65.8,1
2019,7,8,26.94,21.94,23.56,90.6,100,23.5,11.4,1005.4,28.1,4.3,69.1,2,2.3,1
2019,7,9,24.94,20.94,22.78,91.4,100,23.3,13.9,1005.6,30.8,4.3,67.3,2,3.3,1
2019,7,10,24.94,20.94,22.33,94.6,100,17.7,6.9,1005.0,25.0,4.1,108.1,4,18.8976,1
2019,7,11,25.94,20.94,22.11,93.1,100,26.8,18.3,1005.0,25.0,4.2,58.1,2,5.6,1
2019,7,12,19.94,18.94,19.67,99.2,100,30.0,18.3,1006.3,34.4,3.1,27.8,1,115.3,1
2019,7,13,23.94,18.94,20.89,93.4,100,19.5,12.8,1007.3,25.0,4.3,40.8,2,39.9,1
2019,7,14,25.94,19.94,21.39,95.1,100,33.6,9.2,1005.9,25.0,4.1,52.1,2,2.5,1
2019,7,15,27.94,18.94,22.89,87.0,100,26.4,8.1,1006.0,27.7,3.7,134.9,6,27.4,1
2019,7,16,26.94,18.94,22.56,86.4,100,17.7,10.3,1009.5,25.0,4.1,130.8,7,6.1,1
2019,7,17,27.94,19.94,24.06,83.2,0,18.1,10.3,1009.8,25.0,4.4,192.2,7,0.0,0
2019,7,18,27.94,19.94,23.89,86.9,100,16.6,9.2,1010.2,25.0,4.3,224.0,8,52.6,1
2019,7,19,33.06,20.94,24.11,88.7,100,16.1,10.3,1010.7,28.8,4.4,213.9,8,0.0,0
2019,7,20,28.94,21.94,23.89,87.2,100,16.3,9.2,1012.3,25.0,4.1,200.5,7,0.0,0
2019,7,21,28.94,20.94,24.44,80.6,100,16.3,9.2,1011.3,29.4,4.5,166.7,7,0.0,0
2019,7,22,28.94,20.94,24.22,84.1,100,16.8,8.1,1010.3,25.0,4.2,173.2,6,0.5,1
2019,7,23,26.94,20.94,23.72,88.4,100,19.9,10.3,1008.8,25.0,4.1,102.4,3,17.5,1
2019,7,24,22.94,20.94,22.0,97.3,100,26.4,9.2,1008.7,25.0,3.9,28.1,1,1.1938,1
2019,7,25,26.94,20.17,22.89,90.1,100,17.9,10.3,1009.2,28.1,4.6,133.7,5,0.8,1
2019,7,26,26.94,20.94,23.0,90.3,100,18.3,8.1,1008.5,25.0,4.5,143.7,5,10.4,1
2019,7,27,26.94,20.94,23.61,88.1,100,17.4,11.4,1008.8,25.0,4.2,143.5,6,3.8,1
2019,7,28,29.94,20.94,24.61,85.3,100,15.4,12.8,1010.4,27.7,4.7,165.9,8,8.1,1
2019,7,29,29.94,21.94,25.06,81.7,100,19.0,12.8,1010.7,25.0,4.8,168.2,6,0.0,0
2019,7,30,28.94,21.94,24.06,80.4,100,20.6,12.8,1010.6,27.7,4.6,128.8,5,0.0,0
2019,7,31,27.94,20.94,24.11,81.3,100,16.3,12.8,1009.3,25.0,4.7,203.6,8,0.0,0
2019,8,1,27.94,20.94,23.89,83.1,100,16.6,12.8,1009.1,25.0,4.6,146.5,5,0.0,0
2019,8,2,27.94,21.94,24.22,83.7,100,15.9,13.9,1008.3,25.0,4.6,100.3,4,0.2032,1
2019,8,3,27.94,20.94,24.17,84.4,100,15.9,12.8,1008.3,25.0,4.4,113.9,6,3.8,1
2019,8,4,26.94,21.94,24.06,86.1,100,13.4,6.9,1006.9,25.0,4.4,189.2,8,0.0,0
2019,8,5,33.17,20.94,23.44,92.4,100,13.0,13.9,1005.3,34.0,4.2,149.2,7,20.8,1
2019,8,6,28.94,20.94,24.39,85.7,100,17.0,15.0,1006.1,25.0,4.6,202.8,9,1.0,1
2019,8,7,27.94,20.94,24.11,86.5,100,17.0,10.3,1005.5,25.0,5.1,167.5,9,23.9,1
2019,8,8,29.94,20.94,24.72,83.8,100,15.4,15.0,1005.1,25.0,5.0,137.8,6,2.8,1
2019,8,9,26.94,20.94,24.06,83.2,100,27.1,12.8,1009.6,25.0,5.1,151.9,5,0.5,1
2019,8,10,28.94,20.94,24.89,80.9,100,13.9,11.4,1009.1,25.0,4.6,220.8,8,0.0,0
2019,8,11,29.94,19.94,24.72,84.8,100,15.0,6.9,1009.3,25.0,4.8,136.8,6,20.1,1
2019,8,12,31.94,21.94,25.06,84.3,100,15.2,13.9,1008.8,25.0,4.7,235.8,8,0.5,1
2019,8,13,27.94,19.94,23.61,88.0,100,15.2,11.4,1010.4,25.0,4.6,177.6,7,16.3,1
2019,8,14,28.94,21.94,24.72,83.9,100,23.0,13.9,1011.3,25.0,5.0,181.8,7,0.8,1
2019,8,15,28.94,20.94,23.67,86.6,100,20.4,12.8,1012.6,25.0,4.8,118.9,5,0.4064,1
2019,8,16,27.94,21.94,23.39,89.8,100,13.9,10.3,1011.3,27.7,4.2,144.7,6,27.4,1
2019,8,17,27.94,20.94,23.39,89.6,100,13.0,6.9,1011.9,25.0,4.6,101.2,5,14.2,1
2019,8,18,27.94,20.94,23.22,91.7,100,17.0,11.4,1013.1,25.0,4.2,147.2,6,7.9,1
2019,8,19,28.94,20.94,24.28,84.5,100,16.1,12.8,1013.1,27.7,4.5,169.0,6,1.5,1
2019,8,20,27.94,19.83,23.83,84.6,100,18.1,6.9,1011.8,37.3,4.3,221.0,8,3.3,1
2019,8,21,29.94,21.94,24.56,83.4,100,15.9,12.8,1011.5,27.7,4.3,201.5,8,1.3,1
2019,8,22,28.94,20.94,24.44,83.6,100,14.3,10.3,1011.7,25.0,4.5,239.9,9,6.1,1
2019,8,23,29.94,20.94,24.28,85.1,0,15.2,11.4,1011.2,25.0,4.1,211.5,8,0.0,0
2019,8,24,27.94,19.94,23.28,87.7,100,16.3,11.4,1012.9,25.0,4.3,118.9,4,24.6,1
2019,8,25,27.94,19.94,22.67,89.3,100,15.2,9.2,1012.9,28.1,4.6,184.8,8,8.9,1
2019,8,26,29.94,20.94,24.06,85.2,100,14.5,11.4,1012.7,25.0,4.8,234.7,9,4.3,1
2019,8,27,29.94,20.94,24.83,82.3,100,13.6,9.2,1011.9,25.0,4.8,231.8,8,4.3,1
2019,8,28,29.94,21.94,25.17,80.6,0,15.4,12.8,1013.1,25.0,4.5,245.6,8,0.0,0
2019,8,29,28.94,21.94,24.39,85.3,100,11.9,8.1,1014.4,25.0,4.3,134.5,5,0.0,0
2019,8,30,29.94,20.44,25.11,80.6,100,15.0,9.2,1011.0,30.8,4.9,227.3,8,0.0,0
2019,8,31,27.94,20.94,23.5,89.3,100,13.6,6.9,1009.6,28.1,4.2,168.4,6,36.8,1
2019,9,1,26.94,20.94,23.39,88.6,100,12.1,9.2,1012.1,25.0,4.5,120.1,4,18.0,1
2019,9,2,29.94,20.94,24.22,82.4,100,14.5,6.9,1011.0,25.0,4.9,248.6,9,12.2,1
2019,9,3,28.94,20.94,23.61,89.2,0,16.8,10.3,1011.0,27.7,4.2,185.4,7,0.0,0
2019,9,4,26.94,19.94,23.33,87.9,100,15.0,8.1,1010.6,25.0,4.9,130.9,4,23.4,1
2019,9,5,27.94,19.94,23.39,88.4,100,13.9,8.1,1010.4,25.0,4.6,132.2,6,43.9,1
2019,9,6,27.94,20.94,23.28,88.6,100,14.1,11.4,1009.5,30.8,4.2,105.7,5,21.8,1
2019,9,7,28.94,19.94,23.72,86.8,100,16.6,9.2,1010.2,27.7,4.5,136.8,6,8.4,1
2019,9,8,26.94,21.94,23.5,90.1,100,14.1,11.4,1011.0,27.7,4.5,179.1,6,2.3876,1
2019,9,9,28.94,20.94,24.11,86.4,100,15.0,10.3,1009.8,25.0,4.8,170.6,7,7.4,1
2019,9,10,26.94,21.94,23.5,89.1,100,15.0,6.9,1009.8,30.4,4.2,156.2,6,32.0,1
2019,9,11,28.94,21.94,23.83,87.2,100,20.6,10.3,1011.7,25.0,4.1,146.6,6,0.0,0
2019,9,12,28.94,20.94,23.94,88.6,100,15.2,12.8,1013.1,25.0,4.2,86.2,4,1.5,1
2019,9,13,24.94,20.94,22.83,90.3,100,25.9,13.9,1014.3,25.0,4.4,93.1,5,4.6,1
2019,9,14,23.94,20.94,21.72,96.4,100,15.0,6.9,1015.0,27.7,4.0,133.5,5,5.1,1
2019,9,15,25.94,20.94,22.39,91.7,100,16.1,8.1,1014.0,27.7,4.1,190.5,7,1.0,1
2019,9,16,26.94,20.94,22.44,90.5,100,16.1,10.3,1012.3,25.0,3.8,163.7,7,3.8,1
2019,9,17,21.56,18.94,20.5,97.8,100,16.1,5.8,1014.5,31.2,3.6,60.0,3,25.4,1
2019,9,18,19.94,17.94,19.22,97.5,100,20.4,9.2,1018.5,28.1,3.9,27.6,1,1.2192,1
2019,9,19,23.94,17.94,19.94,89.9,100,11.6,4.7,1019.7,30.8,4.1,86.5,3,2.0,1
2019,9,20,26.94,17.94,21.61,81.1,100,15.7,10.3,1017.2,25.2,4.4,229.4,9,0.0,0
2019,9,21,27.94,16.94,22.06,77.6,100,15.4,9.2,1015.7,25.0,5.1,193.5,7,0.0,0
2019,9,22,25.94,19.94,21.39,87.2,100,12.8,8.1,1018.4,26.0,4.5,168.4,6,0.0,0
2019,9,23,26.94,18.94,21.83,86.2,100,14.5,9.2,1018.8,25.0,4.2,131.3,6,0.0,0
2019,9,24,26.94,19.94,22.06,88.6,100,18.3,11.4,1019.7,25.0,3.9,107.2,4,6.9,1
2019,9,25,23.94,18.94,20.56,94.5,100,19.5,9.2,1022.0,28.1,3.6,100.1,5,47.5,1
2019,9,26,22.94,18.94,20.44,92.4,100,21.3,10.3,1022.9,25.0,4.6,75.1,4,8.9,1
2019,9,27,22.94,18.94,20.33,91.9,100,13.9,11.4,1021.1,25.0,4.5,63.6,3,3.8,1
2019,9,28,22.94,18.94,20.39,85.3,100,28.2,10.3,1019.1,25.0,4.9,60.1,2,0.8,1
2019,9,29,22.94,17.94,19.83,86.1,100,17.0,12.8,1018.7,25.0,5.2,48.2,2,0.0,0
2019,9,30,23.94,16.94,20.28,87.2,100,15.0,11.4,1016.2,25.0,4.6,142.6,5,0.5,1
2019,10,1,24.94,17.94,20.89,84.8,100,16.3,10.3,1015.9,25.0,5.1,181.0,6,3.0,1
2019,10,2,24.94,18.94,21.06,83.6,0,17.0,9.2,1016.7,25.0,4.9,152.3,6,0.0,0
2019,10,3,26.94,18.94,21.5,83.4,100,13.9,12.8,1017.0,25.0,4.3,139.0,5,0.0,0
2019,10,4,25.94,17.94,21.39,83.5,0,14.5,10.3,1017.0,25.0,4.5,161.5,7,0.0,0
2019,10,5,26.94,17.94,21.83,84.1,0,16.6,10.3,1017.0,25.0,4.4,184.8,7,0.0,0
2019,10,6,26.94,17.94,21.56,81.1,100,14.3,10.3,1018.1,25.0,4.5,181.3,7,0.0,0
2019,10,7,27.94,17.94,21.72,78.0,0,15.4,11.4,1018.5,25.0,4.3,189.0,8,0.0,0
2019,10,8,25.94,17.94,20.83,83.9,0,14.8,12.8,1018.7,25.0,4.2,172.9,8,0.0,0
2019,10,9,24.94,16.94,19.83,82.0,100,15.7,11.4,1018.8,25.0,5.1,185.6,7,1.3,1
2019,10,10,24.94,16.94,20.11,79.4,0,17.2,11.4,1017.5,25.0,4.8,197.9,8,0.0,0
2019,10,11,25.94,13.94,19.5,79.3,0,16.8,10.3,1017.5,25.2,4.6,204.6,7,0.0,0
2019,10,12,25.94,13.94,19.5,77.5,0,15.7,12.8,1018.3,25.0,4.4,212.1,8,0.0,0
2019,10,13,25.94,15.94,19.61,77.6,0,15.9,8.1,1019.0,26.0,4.3,195.1,7,0.0,0
2019,10,14,25.94,15.94,20.06,77.0,0,15.4,13.9,1020.3,25.0,4.2,197.2,7,0.0,0
2019,10,15,24.94,15.94,19.89,78.7,0,14.5,11.4,1021.3,25.0,4.0,186.8,7,0.0,0
2019,10,16,25.94,15.94,20.39,77.1,0,13.6,11.4,1021.6,26.0,4.2,171.5,6,0.0,0
2019,10,17,24.94,14.94,20.06,79.8,0,13.9,9.2,1021.5,26.0,4.2,174.2,6,1.5,1
2019,10,18,24.94,16.94,20.0,80.8,100,20.8,8.1,1021.6,27.7,4.0,172.0,6,0.0,0
2019,10,19,25.94,16.94,20.39,76.7,0,15.2,11.4,1022.0,25.0,4.2,177.6,7,0.0,0
2019,10,20,21.94,16.94,19.06,83.8,0,12.8,6.9,1021.0,27.7,3.6,133.4,5,0.0,0
2019,10,21,24.94,15.94,19.22,79.5,0,19.2,10.3,1018.0,25.0,3.6,184.0,7,0.0,0
2019,10,22,24.94,13.94,18.17,77.3,0,16.3,11.4,1015.8,25.0,3.9,216.2,8,0.0,0
2019,10,23,20.94,13.94,16.94,82.4,0,15.0,8.1,1016.5,25.0,3.5,131.4,5,0.0,0
2019,10,24,22.94,12.94,17.22,77.4,0,17.0,11.4,1018.0,25.2,3.8,202.7,8,0.0,0
2019,10,25,20.94,12.94,16.44,84.0,0,15.0,4.7,1018.2,25.0,3.2,112.0,5,0.0,0
2019,10,26,22.94,13.94,17.56,79.8,0,17.4,11.4,1018.5,25.0,3.8,187.7,7,0.0,0
2019,10,27,25.94,10.94,17.22,75.5,0,16.8,10.3,1018.1,25.0,4.2,200.3,8,0.0,0
2019,10,28,21.94,14.94,17.44,78.5,100,15.2,6.9,1020.0,25.0,4.1,103.0,5,0.0,0
2019,10,29,22.94,12.94,17.39,77.0,0,12.5,11.4,1020.4,28.0,4.1,140.7,5,0.0,0
2019,10,30,23.94,12.94,17.44,78.6,0,14.5,10.3,1018.9,25.0,4.2,142.1,5,0.0,0
2019,10,31,23.94,12.94,17.72,76.5,0,15.7,9.2,1018.2,25.0,4.4,181.0,7,0.0,0
2019,11,1,23.94,11.94,17.33,78.9,0,14.1,10.3,1018.8,25.0,4.0,157.3,6,0.0,0
2019,11,2,23.94,12.94,17.56,80.6,0,13.6,9.2,1020.1,26.0,3.6,173.9,7,0.0,0
2019,11,3,25.94,12.94,18.11,79.6,0,15.4,9.2,1019.8,25.0,3.7,172.1,7,0.0,0
2019,11,4,23.94,11.94,17.56,79.9,0,14.5,9.2,1019.0,25.2,4.0,163.8,7,0.0,0
2019,11,5,22.94,13.94,17.5,77.8,100,14.5,12.8,1016.3,25.0,3.8,135.8,6,0.0,0
2019,11,6,22.94,11.94,16.78,79.6,0,15.4,9.2,1015.8,25.0,3.2,149.3,6,0.0,0
2019,11,7,24.94,12.94,18.0,78.7,0,13.6,9.2,1017.0,25.0,3.5,157.7,6,0.0,0
2019,11,8,23.06,12.94,17.5,80.9,100,14.8,5.8,1019.2,27.7,3.5,138.4,6,0.0,0
2019,11,9,23.94,12.94,17.33,80.9,0,16.3,9.2,1019.3,25.0,3.9,162.4,6,0.0,0
2019,11,10,23.94,11.94,17.11,81.0,0,16.3,10.3,1018.5,25.4,4.1,175.6,7,0.0,0
2019,11,11,21.94,11.94,16.78,79.9,0,18.3,9.2,1017.0,25.2,4.2,178.9,7,0.0,0
2019,11,12,22.94,10.94,16.5,82.2,0,15.4,8.1,1018.7,25.2,3.8,170.2,7,0.0,0
2019,11,13,23.94,12.94,17.22,81.0,0,15.2,8.1,1021.6,25.0,3.6,163.5,7,0.0,0
2019,11,14,24.94,11.94,17.44,77.0,0,12.3,10.3,1023.1,25.0,4.0,135.4,6,0.0,0
2019,11,15,24.94,11.94,17.44,75.5,0,16.3,10.3,1021.1,25.0,4.3,180.7,7,0.0,0
2019,11,16,22.94,11.94,16.56,82.9,0,18.8,11.4,1019.7,25.0,4.1,158.7,7,0.0,0
2019,11,17,22.94,12.94,17.39,82.3,0,17.4,9.2,1018.3,25.0,4.0,163.5,7,0.0,0
2019,11,18,20.94,13.94,17.11,78.2,0,17.2,8.1,1018.8,25.0,3.8,147.2,6,0.0,0
2019,11,19,22.94,11.94,16.33,79.6,100,15.9,9.2,1018.2,27.3,3.0,158.6,6,0.2032,1
2019,11,20,21.94,11.94,16.22,79.1,0,14.1,8.1,1019.6,25.0,2.9,118.4,5,0.0,0
2019,11,21,21.94,12.94,16.33,77.0,100,14.1,9.2,1021.1,25.0,3.1,129.4,6,0.0,0
2019,11,22,20.94,11.94,15.5,79.3,100,15.0,9.2,1021.0,25.0,3.0,134.5,6,0.0,0
2019,11,23,21.94,9.94,15.11,79.7,100,13.9,8.1,1019.8,25.0,3.2,108.3,4,0.0,0
2019,11,24,21.94,10.72,15.06,85.0,0,16.3,8.1,1018.9,31.8,3.0,153.3,7,0.0,0
2019,11,25,19.94,11.94,15.5,82.2,0,15.7,9.2,1020.8,27.7,3.0,106.9,5,0.0,0
2019,11,26,21.94,11.94,16.11,78.1,0,16.3,9.2,1021.0,25.0,2.6,166.2,7,0.0,0
2019,11,27,21.94,8.94,14.72,79.2,0,16.8,8.1,1021.7,25.2,2.9,152.2,6,0.0,0
2019,11,28,22.94,8.94,14.33,71.6,0,12.8,9.2,1021.9,30.5,3.6,159.6,7,0.0,0
2019,11,29,20.94,7.94,13.78,66.5,0,13.2,8.1,1020.6,25.0,3.9,157.0,6,0.0,0
2019,11,30,20.94,7.94,13.22,71.3,0,19.9,11.4,1019.4,25.0,4.1,182.5,7,0.0,0
2019,12,1,19.94,5.94,12.39,70.4,0,16.3,10.3,1019.3,25.0,4.2,178.2,7,0.1016,1
2019,12,2,17.94,5.94,11.72,79.7,0,17.4,9.2,1019.8,25.0,3.7,158.0,7,0.3048,1
2019,12,3,17.94,8.94,12.39,78.1,100,18.3,8.1,1019.5,25.0,3.7,163.8,7,0.1016,1
2019,12,4,19.94,6.94,12.06,78.6,0,15.0,10.3,1022.8,25.0,3.4,173.9,7,0.0,0
2019,12,5,19.94,5.94,12.11,77.0,0,12.8,6.9,1025.5,25.0,2.8,167.5,6,0.0,0
2019,12,6,19.94,4.94,11.61,70.9,0,14.8,8.1,1025.0,25.2,3.6,167.2,7,0.0,0
2019,12,7,18.94,5.94,11.72,70.1,0,15.7,8.1,1023.3,25.0,3.8,166.2,7,0.0,0
2019,12,8,18.94,4.94,11.17,71.7,0,13.4,8.1,1022.2,25.0,4.1,169.0,6,0.0,0
2019,12,9,17.94,5.94,11.11,76.4,0,14.3,11.4,1021.3,25.0,3.7,172.0,7,0.0,0
2019,12,10,17.94,5.94,11.44,78.7,0,16.3,8.1,1018.5,25.0,3.6,122.1,5,0.0,0
2019,12,11,17.94,6.94,11.89,78.7,100,14.5,9.2,1017.3,28.1,3.7,85.6,3,0.0,0
2019,12,12,15.94,8.94,11.72,83.7,0,13.6,5.8,1020.0,25.0,3.2,69.7,3,0.0,0
2019,12,13,11.94,8.94,10.17,93.4,100,21.9,10.3,1021.8,25.0,2.9,32.1,1,0.0,0
2019,12,14,16.94,7.94,10.89,88.6,100,14.8,10.3,1022.5,26.0,4.1,122.0,5,33.3,1
2019,12,15,14.94,6.72,10.5,83.9,100,13.2,8.1,1020.7,40.5,3.9,110.6,5,0.0,0
2019,12,16,16.94,6.94,10.44,82.7,0,15.7,9.2,1020.3,28.8,3.6,156.8,6,0.0,0
2019,12,17,16.94,5.94,9.78,81.2,0,19.5,8.1,1020.3,25.2,3.7,169.6,7,0.0,0
2019,12,18,16.94,4.94,9.39,77.8,0,13.0,11.4,1020.1,25.0,4.2,153.0,6,0.0,0
2019,12,19,16.94,3.94,9.72,78.5,0,15.0,10.3,1019.3,25.2,3.6,148.0,6,0.1016,1
2019,12,20,17.94,4.94,10.22,77.0,0,16.6,8.1,1017.2,25.0,3.5,155.4,6,0.0,0
2019,12,21,17.94,4.94,10.67,79.5,0,17.9,9.2,1018.0,25.0,3.1,143.9,6,0.0,0
2019,12,22,18.94,4.94,10.61,72.2,0,19.9,11.4,1017.8,25.0,3.8,158.3,7,0.0,0
2019,12,23,16.94,3.94,9.67,74.5,100,17.0,8.1,1018.6,25.0,4.3,152.0,6,0.0,0
2019,12,24,16.94,3.94,9.33,77.0,0,17.2,9.2,1019.8,25.0,3.5,170.4,7,0.0,0
2019,12,25,16.94,3.94,8.39,74.7,0,15.9,8.1,1018.4,25.2,3.5,172.5,7,0.0,0
2019,12,26,14.94,1.94,7.28,73.9,0,16.1,9.2,1017.4,25.0,3.6,165.5,7,0.0,0
2019,12,27,13.94,1.94,7.39,72.3,0,15.0,9.2,1018.1,25.0,3.4,159.0,6,0.0,0
2019,12,28,16.94,1.94,8.0,68.9,0,13.2,6.9,1020.4,24.0,3.1,174.2,7,0.4064,1
2019,12,29,17.94,0.94,8.61,69.0,0,13.6,8.1,1020.6,25.0,3.1,172.0,7,0.0,0
2019,12,30,17.94,1.94,8.67,68.0,0,13.9,8.1,1021.5,25.0,3.5,172.1,7,0.0,0
2019,12,31,17.94,1.94,8.78,66.1,0,13.2,8.1,1023.2,25.2,3.2,170.0,6,0.0,0
2020,1,1,16.94,2.94,9.22,70.7,0,16.1,5.8,1025.3,25.0,2.9,145.7,6,0.0,0
2020,1,2,16.94,4.94,10.17,73.7,100,20.6,6.9,1025.6,28.1,2.9,110.0,4,0.0,0
2020,1,3,8.94,5.72,7.78,91.2,100,17.9,8.1,1021.7,34.9,2.3,26.5,1,0.0,0
2020,1,4,11.94,5.94,8.39,93.4,0,13.2,8.1,1018.5,25.0,2.7,109.9,5,0.0,0
2020,1,5,13.94,4.94,8.39,80.3,0,14.5,9.2,1017.3,25.0,4.4,129.7,5,0.0,0
2020,1,6,14.94,2.94,7.94,79.7,0,15.9,9.2,1019.7,27.6,3.6,165.5,6,0.0,0
2020,1,7,15.94,4.94,9.44,81.7,0,15.4,8.1,1019.3,25.0,2.9,128.7,5,0.0,0
2020,1,8,11.94,6.83,9.06,89.7,100,13.6,4.7,1019.0,27.4,2.1,84.3,4,0.6096,1
2020,1,9,11.94,4.67,8.83,92.7,100,12.5,4.7,1018.9,27.3,2.3,79.9,3,1.5,1
2020,1,10,14.94,6.94,9.39,84.8,0,17.7,8.1,1019.2,25.0,2.8,136.2,5,0.0,0
2020,1,11,16.94,5.94,9.56,81.0,0,16.1,6.9,1020.1,25.0,2.9,161.8,6,0.0,0
2020,1,12,17.94,3.94,9.72,78.4,0,13.9,8.1,1018.2,24.5,2.8,177.6,7,0.0,0
2020,1,13,18.94,3.94,10.56,77.4,0,15.4,9.2,1016.6,24.1,2.9,175.6,7,0.0,0
2020,1,14,19.94,4.94,11.33,75.5,0,17.4,9.2,1016.8,25.0,3.4,178.9,7,0.0,0
2020,1,15,20.94,4.94,11.72,74.5,0,19.7,11.4,1018.8,25.0,3.6,189.6,7,0.0,0
2020,1,16,14.94,5.94,9.89,85.8,0,9.4,5.8,1020.1,25.0,2.4,44.8,2,0.0,0
2020,1,17,9.94,7.94,8.78,98.0,100,19.9,10.3,1021.2,34.3,2.2,39.5,2,0.0,0
2020,1,18,16.94,5.94,9.78,84.9,100,15.2,9.2,1020.9,50.0,2.4,171.0,6,0.0,0
2020,1,19,16.94,3.94,8.83,74.3,0,16.6,12.8,1018.9,25.0,3.4,151.8,6,0.0,0
2020,1,20,15.94,2.94,8.33,70.7,0,17.7,9.2,1018.7,25.0,3.7,186.2,7,0.0,0
2020,1,21,13.94,2.94,8.28,75.9,0,15.0,5.8,1021.0,25.0,2.6,137.9,5,0.0,0
2020,1,22,17.94,1.94,9.17,67.9,0,20.4,11.4,1021.0,25.0,3.6,200.4,7,0.0,0
2020,1,23,16.94,1.94,8.94,71.3,0,17.9,62.2,1016.8,25.0,4.0,156.8,6,0.0,0
2020,1,24,14.94,2.94,8.0,79.6,0,15.0,13.9,1016.3,25.0,3.4,170.3,7,0.0,0
2020,1,25,15.94,3.94,9.0,77.2,0,16.3,9.2,1017.6,27.3,2.7,147.5,6,3.9878,1
2020,1,26,12.94,5.94,9.0,80.6,0,15.4,8.1,1016.0,25.0,2.6,126.9,6,0.0,0
2020,1,27,16.94,3.94,9.11,79.7,0,16.6,11.4,1015.0,27.9,2.8,107.7,4,0.0,0
2020,1,28,17.94,2.94,10.22,73.9,0,21.5,10.3,1016.3,25.0,3.1,194.9,7,0.7111999999999999,1
2020,1,29,18.94,6.94,12.06,72.2,0,17.2,9.2,1019.2,25.0,3.7,157.7,7,0.0,0
2020,1,30,16.94,4.94,10.17,74.1,0,17.9,11.4,1017.3,25.0,3.5,172.0,7,0.0,0
2020,1,31,18.94,4.94,10.39,77.1,0,16.8,10.3,1016.3,25.0,3.4,172.3,7,0.0,0
2020,2,1,15.94,6.94,10.61,76.3,0,15.7,13.9,1018.0,29.5,3.3,107.1,4,0.0,0
2020,2,2,14.94,6.94,10.0,73.6,0,18.6,8.1,1019.1,30.7,3.7,169.5,6,0.0,0
2020,2,3,15.94,3.94,9.22,77.5,0,19.0,10.3,1020.5,25.0,3.3,170.0,7,0.0,0
2020,2,4,16.94,3.94,9.83,76.0,0,15.7,10.3,1019.2,25.0,2.9,167.4,6,0.0,0
2020,2,5,15.94,4.94,9.83,76.3,0,18.1,10.3,1016.7,27.2,3.1,177.9,8,0.0,0
2020,2,6,15.94,3.94,9.67,75.7,0,20.1,11.4,1018.3,25.0,3.1,163.0,7,0.0,0
2020,2,7,16.94,4.94,10.44,74.1,0,17.4,13.9,1020.3,25.0,3.2,190.0,7,0.0,0
2020,2,8,15.94,4.94,10.11,68.6,0,21.5,10.3,1021.7,25.0,3.4,161.8,6,0.0,0
2020,2,9,15.94,3.94,9.56,68.5,0,18.8,9.2,1023.1,25.0,3.2,176.5,7,11.2014,1
2020,2,10,17.94,2.94,10.11,67.9,0,17.0,10.3,1021.3,25.0,3.4,201.6,7,28.194000000000003,1
2020,2,11,18.94,3.94,10.72,69.9,0,18.6,11.4,1021.5,25.0,3.4,199.0,8,0.0,0
2020,2,12,18.94,4.94,11.61,71.5,0,15.2,11.4,1020.6,25.0,3.5,213.3,8,0.0,0
2020,2,13,20.94,5.94,12.39,71.9,0,16.1,13.9,1017.3,25.0,3.3,212.8,8,0.0,0
2020,2,14,20.94,6.94,12.94,73.7,0,18.8,11.4,1013.5,25.0,3.2,158.9,6,0.0,0
2020,2,15,17.94,9.94,13.33,76.8,0,15.4,11.4,1016.0,32.3,2.7,87.0,3,0.0,0
2020,2,16,19.94,9.94,14.17,76.6,100,16.8,9.2,1019.5,30.9,2.2,116.1,5,0.0,0
2020,2,17,19.94,10.94,14.56,78.3,0,17.7,10.3,1020.1,25.0,2.2,131.1,6,0.0,0
2020,2,18,20.94,8.94,14.06,79.0,0,17.4,9.2,1017.8,25.0,2.3,186.6,7,0.889,1
2020,2,19,19.94,10.94,14.72,78.9,0,15.9,8.1,1020.0,27.7,2.5,134.2,5,0.0,0
2020,2,20,19.94,10.94,14.28,80.5,0,17.4,10.3,1021.3,25.0,2.0,160.6,6,0.0,0
2020,2,21,16.94,9.94,12.89,87.3,0,13.2,8.1,1025.4,25.0,1.8,87.7,5,0.0,0
2020,2,22,19.94,8.94,14.17,77.8,100,17.2,5.8,1025.2,25.0,3.6,203.6,8,6.4,1
2020,2,23,20.94,7.94,13.39,72.1,0,17.2,10.3,1023.1,25.0,3.5,197.7,8,0.0,0
2020,2,24,19.94,6.94,12.56,70.6,0,15.9,11.4,1019.9,27.7,3.7,181.9,8,0.0,0
2020,2,25,18.94,7.94,12.17,75.6,0,23.9,11.4,1017.8,25.9,3.9,137.9,5,0.0,0
2020,2,26,12.94,8.94,10.5,88.8,100,18.8,9.2,1018.2,25.0,4.3,109.9,4,0.6096,1
2020,2,27,18.94,8.94,12.61,76.8,0,20.6,10.3,1019.2,25.2,4.3,197.2,8,0.0,0
2020,2,28,20.94,7.94,13.72,76.4,0,16.3,10.3,1019.1,24.3,3.9,178.8,8,0.0,0
2020,2,29,21.94,7.94,14.5,74.3,0,16.3,9.2,1018.2,25.0,4.1,182.4,7,0.0,0
2020,3,1,20.94,8.94,14.67,75.0,0,20.6,10.3,1018.3,25.0,4.2,189.5,8,0.0,0
2020,3,2,19.94,8.94,13.39,74.3,0,15.7,12.8,1017.2,24.5,4.2,194.5,7,0.0,0
2020,3,3,20.94,7.94,14.17,70.9,0,18.6,10.3,1015.8,25.0,4.1,217.7,8,0.0,0
2020,3,4,20.94,7.94,14.56,69.4,0,16.6,15.0,1016.5,25.0,4.2,185.6,8,0.0,0
2020,3,5,19.94,8.94,14.06,70.0,0,15.9,13.9,1017.2,25.0,4.1,209.1,7,0.0,0
2020,3,6,21.94,10.94,14.72,63.0,100,17.0,9.2,1018.0,25.0,4.3,180.8,8,0.5,1
2020,3,7,14.94,7.94,11.5,84.5,100,15.0,9.2,1019.8,25.0,4.1,122.8,5,8.1,1
2020,3,8,19.94,5.94,12.67,73.2,0,22.8,15.0,1017.2,28.1,4.2,261.0,9,0.0,0
2020,3,9,21.94,7.94,14.33,74.6,0,19.0,15.0,1015.3,25.0,4.6,250.9,9,0.0,0
2020,3,10,21.94,11.94,16.22,71.9,0,19.2,15.0,1016.3,28.8,4.3,213.6,8,0.0,0
2020,3,11,24.94,9.33,16.61,66.8,0,25.1,13.9,1017.0,27.3,4.2,240.5,8,0.0,0
2020,3,12,24.94,8.94,17.06,55.4,0,19.9,10.3,1019.9,25.0,4.6,252.3,9,0.0,0
2020,3,13,17.06,10.94,13.39,68.4,100,17.0,11.4,1021.9,25.0,4.0,128.1,5,0.0,0
2020,3,14,20.94,10.94,14.39,76.8,100,17.7,10.3,1019.6,25.0,4.5,193.7,8,0.0,0
2020,3,15,21.94,7.94,14.72,65.9,0,25.3,12.8,1019.7,25.0,4.7,225.4,8,0.0,0
2020,3,16,22.94,6.94,14.56,61.8,0,17.0,13.9,1019.4,25.0,5.1,246.6,9,0.0,0
2020,3,17,23.94,8.94,15.72,69.5,0,19.0,15.0,1019.7,25.0,4.5,263.3,9,0.0,0
2020,3,18,22.94,9.94,15.89,67.5,0,19.9,16.1,1018.0,25.0,4.1,249.2,9,0.0,0
2020,3,19,22.94,8.94,15.78,66.8,100,15.9,16.1,1016.3,25.2,4.1,207.9,8,0.6096,1
2020,3,20,20.94,10.94,16.11,62.9,0,18.1,10.3,1017.0,25.0,3.9,236.6,8,10.3886,1
2020,3,21,21.94,9.94,14.5,67.7,0,17.0,16.1,1017.5,25.0,3.8,226.2,8,0.6096,1
2020,3,22,21.94,8.94,14.67,73.5,0,16.1,15.0,1018.2,25.8,3.9,182.0,6,0.0,0
2020,3,23,19.94,8.72,14.17,83.4,100,16.6,15.0,1017.7,27.4,4.3,229.7,8,13.5,1
2020,3,24,21.94,9.94,15.83,78.1,0,17.7,12.8,1016.8,24.4,4.6,229.5,8,0.0,0
2020,3,25,23.94,12.94,17.83,75.8,0,19.7,17.2,1015.5,25.3,4.2,223.5,8,0.0,0
2020,3,26,25.94,12.94,19.39,72.2,0,19.7,11.4,1016.3,25.0,4.2,258.0,9,0.0,0
2020,3,27,26.94,13.94,20.22,70.9,0,22.6,15.0,1018.1,27.9,4.1,256.9,9,0.0,0
2020,3,28,26.94,14.94,20.44,56.6,100,24.6,16.1,1015.9,29.7,5.1,289.7,10,3.3,1
2020,3,29,27.94,10.94,19.17,53.4,0,25.5,12.8,1013.9,24.0,4.9,293.2,10,0.0,0
2020,3,30,26.94,10.94,18.89,56.8,0,21.5,10.3,1015.2,25.0,5.3,302.3,10,0.0,0
2020,3,31,26.94,11.94,18.94,61.1,0,17.9,17.2,1016.3,25.0,4.9,254.0,9,25.4,1
2020,4,1,24.94,12.94,17.61,68.7,100,47.2,25.3,1016.2,25.0,4.6,249.4,9,0.8,1
2020,4,2,25.94,10.94,18.17,56.8,100,25.7,12.8,1015.4,25.0,5.1,271.4,9,0.8,1
2020,4,3,25.94,10.94,18.39,51.5,0,18.6,12.8,1015.9,25.0,5.0,280.7,9,0.0,0
2020,4,4,24.94,10.94,18.28,52.9,0,19.0,15.0,1017.0,24.0,4.6,274.4,10,0.0,0
2020,4,5,25.94,10.94,18.22,53.0,0,19.0,13.9,1018.2,25.0,4.1,267.9,9,0.0,0
2020,4,6,25.94,11.94,18.78,54.0,0,17.7,15.0,1015.9,24.2,4.1,288.9,10,0.0,0
2020,4,7,26.94,11.94,19.44,53.4,0,22.1,12.8,1014.4,25.0,4.0,294.5,10,0.0,0
2020,4,8,26.94,13.94,19.56,56.1,0,19.2,21.9,1015.7,26.3,3.7,231.4,9,0.0,0
2020,4,9,26.94,11.94,18.89,47.8,100,26.6,13.9,1016.7,24.6,4.3,257.3,9,0.0,0
2020,4,10,26.94,10.94,19.39,46.2,0,17.4,13.9,1019.1,25.0,3.9,299.7,10,0.0,0
2020,4,11,25.94,12.94,18.06,63.0,100,19.2,16.1,1019.9,24.9,2.9,247.6,10,1.0,1
2020,4,12,25.94,11.94,19.39,68.4,100,20.8,11.4,1018.1,25.0,3.2,297.4,10,0.3,1
2020,4,13,26.94,16.94,21.33,69.4,0,18.6,15.0,1016.8,25.0,3.4,253.1,8,0.0,0
2020,4,14,25.94,15.94,21.0,67.6,100,15.9,10.3,1019.2,25.0,4.2,244.6,9,2.0,1
2020,4,15,26.94,14.94,20.78,64.5,100,18.6,15.0,1018.2,25.0,5.1,258.0,9,1.3,1
2020,4,16,25.94,15.94,20.28,72.5,0,21.3,8.1,1015.4,25.0,4.3,182.2,6,8.991599999999998,1
2020,4,17,24.94,16.94,20.28,80.2,100,17.9,17.2,1014.5,25.0,3.6,197.3,7,2.0,1
2020,4,18,25.94,14.94,19.72,72.2,100,22.1,15.0,1016.2,25.0,4.4,260.9,8,3.8,1
2020,4,19,26.94,12.94,18.72,67.2,100,20.8,12.8,1016.3,25.1,4.9,266.5,9,0.0,0
2020,4,20,25.94,12.94,18.67,65.5,100,19.9,11.4,1016.8,25.0,4.8,266.2,10,1.5,1
2020,4,21,21.94,12.94,15.94,77.2,100,18.8,11.4,1017.4,25.0,4.7,177.2,9,17.0,1
2020,4,22,19.94,11.94,15.67,79.5,100,20.4,9.2,1016.0,25.0,4.6,253.2,8,9.4,1
2020,4,23,21.94,11.94,16.06,84.0,100,19.7,8.1,1015.5,24.7,4.1,205.4,7,4.1,1
2020,4,24,21.94,12.94,16.33,83.4,100,22.1,20.8,1014.0,25.0,4.0,241.5,8,3.4036,1
2020,4,25,28.17,14.94,17.33,86.4,100,17.4,11.4,1015.0,29.3,3.8,216.3,7,1.2954,1
2020,4,26,20.94,13.94,17.44,87.3,0,18.1,9.2,1018.2,25.0,3.6,157.0,7,8.6106,1
2020,4,27,21.94,14.56,17.44,85.3,100,17.4,9.2,1020.6,28.1,4.1,207.2,7,4.6,1
2020,4,28,23.33,13.83,17.67,80.3,100,16.1,15.0,1018.3,32.7,4.6,233.1,8,0.0,0
2020,4,29,23.94,13.94,17.61,84.7,0,17.9,16.1,1017.2,25.0,4.7,240.9,8,3.8,1
2020,4,30,23.94,13.94,18.56,84.2,100,15.0,10.3,1017.8,25.0,4.6,244.6,8,0.3,1
2020,5,1,20.94,15.83,18.28,85.4,100,14.5,6.9,1016.4,27.3,4.7,150.5,6,4.3,1
2020,5,2,23.94,15.94,19.67,80.0,100,21.0,9.2,1015.8,25.0,5.0,229.3,8,0.3,1
2020,5,3,24.94,16.94,20.22,78.1,100,17.0,11.4,1016.3,25.0,4.5,256.6,9,0.0,0
2020,5,4,22.94,15.06,18.22,85.6,100,16.6,6.9,1017.7,27.7,4.8,164.6,7,8.1,1
2020,5,5,24.94,14.94,18.0,84.5,0,17.0,13.9,1016.2,25.0,4.6,223.3,8,0.0,0
2020,5,6,24.94,13.94,18.39,78.7,100,17.7,9.2,1015.4,26.0,5.1,248.6,9,0.0,0
2020,5,7,22.94,12.94,15.72,83.7,100,16.8,15.0,1016.5,25.0,5.1,263.6,8,9.7,1
2020,5,8,23.94,10.94,18.11,72.1,100,16.6,12.8,1014.3,24.3,5.4,257.1,8,0.0,0
2020,5,9,25.94,14.94,20.44,74.0,0,15.0,9.2,1016.6,25.0,5.1,276.9,9,0.0,0
2020,5,10,24.94,15.94,19.33,79.5,100,16.8,12.8,1017.8,25.0,4.5,217.0,8,0.3,1
2020,5,11,23.94,14.94,18.39,76.5,100,16.1,8.1,1018.2,25.0,4.5,241.8,9,0.0,0
2020,5,12,25.94,14.94,20.5,72.6,100,16.6,10.3,1016.3,31.0,4.5,232.0,8,0.0,0
2020,5,13,27.94,16.94,22.0,67.6,0,19.2,11.4,1014.8,24.7,5.0,260.8,8,0.0,0
2020,5,14,29.17,18.94,23.33,67.0,0,23.0,15.0,1014.3,24.3,5.0,278.7,9,0.1016,1
2020,5,15,26.94,19.94,22.72,77.2,100,20.6,9.2,1012.4,27.8,4.2,237.2,8,0.3,1
2020,5,16,28.94,18.94,23.44,71.5,0,19.2,13.9,1011.7,25.0,4.1,283.4,9,0.0,0
2020,5,17,29.94,17.94,23.67,65.5,0,17.0,15.0,1011.9,25.0,5.0,284.4,9,0.0,0
2020,5,18,27.94,18.94,23.22,71.4,0,15.9,12.8,1010.6,25.0,4.5,227.4,8,0.0,0
2020,5,19,27.94,18.94,22.94,63.9,100,18.1,10.3,1010.8,25.0,4.9,261.5,8,0.3,1
2020,5,20,27.94,15.33,21.83,70.0,0,17.4,13.9,1009.1,28.1,4.6,170.7,6,0.0,0
2020,5,21,28.94,18.94,22.89,78.8,100,17.4,12.8,1008.6,25.0,4.8,85.4,3,0.0,0
2020,5,22,27.94,20.94,23.83,78.4,0,17.7,9.2,1010.7,25.0,4.3,176.5,6,0.0,0
2020,5,23,33.06,20.94,23.83,81.1,100,12.5,12.8,1011.9,25.6,4.6,62.4,2,0.0,0
2020,5,24,29.94,19.56,24.44,71.0,100,23.0,10.3,1011.3,28.1,4.8,164.8,6,0.0,0
2020,5,25,30.94,18.94,23.5,71.9,100,21.0,13.9,1011.6,25.6,4.4,255.1,8,1.0,1
2020,5,26,26.94,16.94,20.44,83.1,100,27.5,15.0,1012.2,25.0,4.0,261.3,8,28.7,1
2020,5,27,26.94,15.94,19.39,86.5,100,30.6,15.0,1011.2,25.6,4.1,248.4,9,19.8,1
2020,5,28,26.94,14.94,20.72,79.8,100,17.7,9.2,1012.2,28.0,5.2,229.6,8,0.0,0
2020,5,29,25.94,15.94,20.61,75.6,100,17.0,10.3,1014.3,28.0,5.2,251.8,9,13.0048,1
2020,5,30,25.94,17.94,21.11,78.4,0,18.6,10.3,1015.3,25.0,4.8,242.2,9,10.9982,1
2020,5,31,23.94,17.56,21.17,83.0,0,15.7,8.1,1016.0,27.4,4.7,126.3,4,0.0,0
2020,6,1,25.94,17.94,21.67,77.0,0,20.6,12.8,1015.3,25.0,4.9,277.6,9,0.0,0
2020,6,2,27.94,16.94,22.5,68.9,0,17.7,12.8,1013.5,25.0,5.3,250.9,8,24.9936,1
2020,6,3,26.94,17.94,21.78,77.3,0,16.8,11.4,1013.0,25.0,5.0,215.5,8,0.0,0
2020,6,4,24.94,18.94,20.72,85.1,100,14.1,6.9,1012.8,25.0,4.3,108.4,4,0.0,0
2020,6,5,21.94,17.94,19.06,94.2,100,17.0,9.2,1011.8,28.1,4.6,41.5,1,0.2032,1
2020,6,6,24.94,17.94,20.33,91.8,0,17.0,11.4,1010.7,25.0,4.7,61.0,3,0.0,0
2020,6,7,26.94,19.94,22.89,83.7,0,14.1,10.3,1010.1,25.0,5.1,214.0,7,21.9964,1
2020,6,8,27.94,17.94,22.89,82.5,0,17.0,10.3,1010.8,25.0,5.4,259.8,9,0.0,0
2020,6,9,28.94,20.94,24.5,77.4,0,18.3,10.3,1011.5,25.0,5.0,255.8,8,0.0,0
2020,6,10,27.94,20.94,23.89,80.5,0,14.8,6.9,1011.9,25.0,4.7,243.9,8,3.9878,1
2020,6,11,28.94,20.94,24.67,78.0,100,15.9,10.3,1010.4,28.1,4.5,255.0,8,0.0,0
2020,6,12,29.94,20.94,25.0,77.3,0,15.4,12.8,1009.3,25.0,4.7,221.4,7,0.0,0
2020,6,13,27.94,21.94,24.11,85.6,0,14.8,10.3,1009.8,25.0,4.6,214.6,7,0.0,0
2020,6,14,27.94,20.94,24.17,83.7,100,20.4,8.1,1010.7,28.1,5.5,99.5,4,0.2032,1
2020,6,15,27.94,21.94,23.06,91.5,0,19.0,10.3,1009.6,25.0,4.8,112.5,5,10.0076,1
2020,6,16,25.94,20.94,22.83,90.8,100,20.1,9.2,1007.8,28.1,4.9,42.8,1,0.0,0
2020,6,17,27.94,20.94,23.72,87.4,100,17.9,12.8,1006.8,28.1,4.7,217.2,8,0.0,0
2020,6,18,27.94,20.94,23.22,92.7,0,12.1,8.1,1007.5,25.0,4.6,84.2,3,15.011399999999998,1
2020,6,19,25.94,20.94,22.83,93.7,0,21.0,6.9,1009.5,25.0,4.2,91.7,7,0.9906,1
2020,6,20,24.94,20.94,22.67,92.2,0,23.5,6.9,1010.6,25.0,4.2,89.6,4,0.889,1
2020,6,21,26.94,20.94,22.56,91.4,0,15.2,5.8,1009.7,25.0,4.1,174.0,7,0.0,0
2020,6,22,24.94,19.83,22.39,95.2,100,14.8,11.4,1009.8,31.0,3.8,94.8,4,20.193,1
2020,6,23,25.94,20.94,23.67,87.9,0,20.4,9.2,1012.8,25.0,4.8,111.8,7,13.8176,1
2020,6,24,29.94,20.22,23.94,86.4,100,15.2,8.1,1012.8,28.0,4.5,185.1,7,0.7111999999999999,1
2020,6,25,25.94,21.94,22.94,93.8,0,17.4,5.8,1010.5,52.1,4.4,100.0,5,0.0,0
2020,6,26,26.94,19.94,23.0,89.6,100,17.0,8.1,1008.0,30.7,4.9,72.0,3,0.0,0
2020,6,27,27.94,20.94,24.06,85.0,0,16.8,15.0,1007.7,25.0,5.0,160.3,7,5.0038,1
2020,6,28,24.94,20.94,22.72,92.9,0,14.3,10.3,1009.1,25.0,4.2,105.6,5,5.0038,1
2020,6,29,25.94,20.94,22.89,89.9,100,16.8,8.1,1010.8,28.1,4.5,64.4,2,5.9944,1
2020,6,30,28.94,21.06,23.56,86.6,100,17.7,13.9,1011.2,41.8,4.6,173.7,6,0.0,0
2020,7,1,28.94,20.94,24.72,82.5,0,18.1,6.9,1009.8,25.0,4.3,206.4,8,0.0,0
2020,7,2,29.94,21.94,24.89,80.4,100,15.0,13.9,1007.9,28.1,4.2,169.6,6,28.9814,1
2020,7,3,28.94,21.94,24.06,84.0,0,13.0,10.3,1009.5,25.0,4.2,139.3,6,0.508,1
2020,7,4,25.94,19.94,22.22,93.6,0,15.7,8.1,1009.7,25.0,3.9,76.3,3,3.6067999999999993,1
2020,7,5,28.94,20.94,24.06,84.6,0,17.0,9.2,1008.4,25.0,4.7,205.1,8,0.2032,1
2020,7,6,26.94,20.94,23.22,92.7,0,17.0,13.9,1008.1,25.0,4.6,132.1,6,2.4892,1
2020,7,7,27.94,21.33,24.17,88.1,100,22.6,8.1,1011.5,31.3,4.8,119.9,5,75.00619999999999,1
2020,7,8,28.94,21.94,25.0,84.6,100,12.3,113.0,1011.3,25.0,4.9,118.6,5,2.2097999999999995,1
2020,7,9,25.94,21.94,23.39,94.4,0,16.8,8.1,1008.1,25.0,4.1,99.6,4,3.4036,1
2020,7,10,26.94,20.94,22.83,95.2,0,15.2,8.1,1006.8,25.0,4.2,85.2,6,22.8092,1
2020,7,11,25.94,20.94,23.22,91.4,0,18.1,8.1,1006.1,25.0,4.3,64.4,3,5.0038,1
2020,7,12,25.94,20.94,22.83,92.6,0,16.6,10.3,1007.2,25.0,4.0,68.9,3,115.189,1
2020,7,13,27.94,20.94,23.06,90.0,100,12.3,8.1,1007.9,28.1,4.0,74.3,3,40.5892,1
2020,7,14,27.94,20.94,23.33,90.1,100,16.6,6.9,1010.5,25.0,4.6,127.0,7,2.4892,1
2020,7,15,28.94,20.94,24.33,84.9,0,14.8,13.9,1010.6,25.0,4.5,194.5,7,27.813,1
2020,7,16,29.94,20.94,24.39,86.1,0,16.6,12.8,1010.2,25.0,4.8,190.3,7,6.7056,1
2020,7,17,27.94,20.83,24.17,84.3,100,13.4,10.3,1010.8,28.1,4.7,105.3,4,0.0,0
2020,7,18,24.94,20.94,22.11,96.0,0,11.2,8.1,1012.0,25.0,3.8,83.7,4,52.9844,1
2020,7,19,22.94,19.94,21.5,98.3,0,19.2,5.8,1009.5,25.0,3.5,55.0,2,41.0972,1
2020,7,20,22.94,19.94,21.0,99.5,0,19.5,8.1,1008.2,25.0,3.5,46.6,2,5.8928,1
2020,7,21,24.94,19.94,21.44,94.3,100,18.8,8.1,1010.0,28.1,4.0,76.9,4,8.001,1
2020,7,22,26.94,19.06,22.89,88.6,100,14.1,9.2,1009.3,34.1,4.8,165.0,5,0.508,1
2020,7,23,25.94,20.94,22.06,96.7,0,18.1,12.8,1011.2,25.0,4.1,115.9,4,17.2974,1
2020,7,24,25.94,20.17,22.56,92.9,100,23.3,10.3,1014.3,28.1,4.1,146.2,7,12.5984,1
2020,7,25,26.94,20.83,23.28,89.9,100,13.2,10.3,1015.4,28.1,4.4,158.7,6,0.7111999999999999,1
2020,7,26,27.94,21.94,24.39,86.5,0,17.2,8.1,1014.3,25.0,4.5,187.8,7,10.3124,1
2020,7,27,26.94,21.94,24.39,85.9,100,19.0,12.8,1011.5,25.0,4.8,120.1,7,3.7084,1
2020,7,28,26.94,21.44,23.06,90.3,100,16.1,11.4,1011.1,31.3,4.3,31.8,1,8.001,1
2020,7,29,25.94,20.94,23.0,90.2,100,13.2,10.3,1012.3,27.9,4.6,122.4,4,0.9144,1
2020,7,30,25.94,20.94,23.22,88.8,0,15.9,10.3,1012.6,25.0,4.6,147.9,5,1.016,1
2020,7,31,26.94,19.94,23.56,87.7,0,15.0,9.2,1011.3,28.1,4.3,148.6,5,0.1016,1
2020,8,1,27.94,19.83,23.67,88.5,100,15.2,9.2,1010.6,31.3,4.3,81.9,4,0.3048,1
2020,8,2,30.94,20.94,25.22,83.7,0,14.3,12.8,1008.1,25.0,5.2,158.1,6,3.2004,1
2020,8,3,29.94,21.22,24.56,87.7,100,11.6,9.2,1005.3,28.1,4.5,161.2,5,3.9878,1
2020,8,4,32.94,20.94,25.94,78.7,0,17.2,13.9,1003.8,25.0,5.0,232.3,8,0.4064,1
2020,8,5,29.94,21.94,24.39,87.9,0,16.3,9.2,1006.2,25.0,4.7,223.2,8,10.0076,1
2020,8,6,29.94,21.94,25.06,84.8,100,23.9,13.9,1010.5,30.4,5.7,140.5,5,11.9888,1
2020,8,7,29.94,21.67,25.22,85.6,100,11.6,9.2,1010.8,27.7,5.0,158.5,5,24.003,1
2020,8,8,26.94,21.94,23.94,91.2,0,15.4,9.2,1008.9,25.0,4.2,157.6,6,2.9972,1
2020,8,9,27.94,21.94,23.56,93.4,0,15.0,13.9,1009.4,25.0,4.0,125.0,5,0.508,1
2020,8,10,26.94,20.94,23.56,90.6,0,15.0,6.9,1010.1,25.0,4.6,117.4,6,1.4986,1
2020,8,11,28.94,20.94,23.28,92.6,0,13.9,11.4,1008.9,25.0,3.9,134.2,6,19.9898,1
2020,8,12,26.94,20.94,23.67,88.3,0,18.1,9.2,1008.8,25.0,4.7,78.1,3,0.508,1
2020,8,13,28.94,20.94,24.39,87.1,100,17.2,11.4,1008.5,25.0,4.3,86.2,4,16.509999999999998,1
2020,8,14,28.94,20.94,24.22,89.1,0,15.0,11.4,1007.8,25.0,4.9,156.4,6,0.7874,1
2020,8,15,26.94,20.94,23.22,90.0,0,15.7,8.1,1007.9,25.0,4.8,134.4,8,0.6096,1
2020,8,16,27.94,20.94,24.11,85.6,0,13.2,10.3,1008.0,25.0,4.9,176.6,6,28.0162,1
2020,8,17,28.94,21.94,24.56,88.2,0,13.4,9.2,1008.0,25.0,4.6,167.9,6,14.1986,1
2020,8,18,24.94,20.94,22.56,97.8,0,15.4,6.9,1008.9,25.0,3.5,196.8,7,8.001,1
2020,8,19,27.94,20.94,23.33,91.4,0,14.3,11.4,1009.2,25.0,4.1,197.8,7,1.397,1
2020,8,20,29.94,20.94,23.22,90.6,100,16.1,16.1,1010.8,25.0,4.7,214.8,7,3.2004,1
2020,8,21,28.94,19.94,23.83,84.9,0,24.6,10.3,1013.1,25.0,5.4,183.9,6,1.1938,1
2020,8,22,26.94,19.94,22.89,87.5,100,21.0,11.4,1013.0,28.1,4.8,148.3,7,4.8006,1
2020,8,23,28.94,20.94,23.89,83.4,0,13.6,10.3,1012.0,25.0,5.0,149.7,6,0.0,0
2020,8,24,27.94,20.94,24.0,87.3,0,13.9,9.2,1011.8,25.0,5.0,140.8,5,24.9936,1
2020,8,25,28.94,20.94,24.0,90.7,100,13.6,9.2,1012.6,26.9,4.6,171.4,7,8.991599999999998,1
2020,8,26,27.94,21.94,23.83,91.2,100,14.5,11.4,1013.0,31.3,4.2,161.2,6,4.3942,1
2020,8,27,26.94,20.94,23.17,92.6,0,13.4,10.3,1012.6,25.0,4.1,207.8,7,4.2926,1
2020,8,28,27.94,20.44,23.72,86.3,0,18.8,12.8,1010.9,28.1,5.1,184.7,6,0.0,0
2020,8,29,27.94,19.94,23.72,83.6,0,21.3,10.3,1011.9,31.5,5.0,185.7,8,2.6924,1
2020,8,30,27.06,20.94,23.89,85.0,0,15.2,10.3,1012.5,49.8,5.1,190.7,6,0.6096,1
2020,8,31,29.06,20.67,24.89,80.8,100,18.1,11.4,1012.1,42.3,5.0,195.1,8,36.8046,1
2020,9,1,28.94,21.94,24.06,91.5,0,12.3,12.8,1014.0,25.0,4.5,127.4,5,18.1102,1
2020,9,2,28.94,21.94,24.22,88.3,0,17.0,12.8,1016.8,25.0,4.6,169.6,7,12.0904,1
2020,9,3,27.94,20.94,23.94,85.9,0,14.8,11.4,1017.7,25.0,4.9,148.4,6,0.0,0
2020,9,4,28.94,21.67,24.5,82.7,0,15.4,9.2,1015.7,28.1,4.9,192.5,7,1.016,1
2020,9,5,28.94,20.94,24.28,82.5,0,17.9,10.3,1013.5,25.0,5.1,217.5,8,43.9928,1
2020,9,6,27.94,20.94,24.28,83.2,0,16.8,10.3,1012.3,41.3,4.5,201.0,7,21.9964,1
2020,9,7,27.94,20.22,24.11,84.2,100,15.7,9.2,1012.5,41.7,4.1,138.5,6,8.001,1
2020,9,8,25.94,20.94,23.17,90.9,0,15.0,8.1,1013.8,25.0,4.2,95.6,4,3.5052000000000003,1
2020,9,9,26.94,20.94,22.89,89.8,0,17.4,8.1,1013.3,25.0,4.5,129.5,5,7.010400000000001,1
2020,9,10,28.94,20.67,23.5,83.7,100,14.8,9.2,1011.0,28.0,4.7,130.2,4,32.004,1
2020,9,11,27.94,20.94,23.61,86.6,0,13.4,8.1,1012.3,25.0,4.4,94.6,5,12.2936,1
2020,9,12,28.94,20.94,24.11,82.9,0,13.2,9.2,1014.4,25.0,4.4,138.7,5,2.9972,1
2020,9,13,27.94,20.94,23.56,87.5,0,14.5,9.2,1014.8,25.0,4.3,145.4,6,0.2032,1
2020,9,14,26.94,20.94,23.61,84.5,0,14.3,11.4,1013.6,25.0,4.6,117.7,6,9.9822,1
2020,9,15,25.94,19.94,22.72,87.1,100,15.4,9.2,1012.9,28.1,4.3,140.0,5,1.0921999999999998,1
2020,9,16,25.94,19.94,22.06,92.6,100,17.2,6.9,1012.3,31.2,3.7,149.1,6,3.7084,1
2020,9,17,25.94,19.94,22.89,89.3,0,15.2,9.2,1011.9,25.0,3.7,88.1,4,25.5016,1
2020,9,18,23.94,20.94,22.44,93.7,0,15.0,6.9,1012.0,25.0,3.8,66.3,3,17.399,1
2020,9,19,27.94,20.94,23.5,89.3,0,16.3,9.2,1011.7,24.1,4.1,180.1,7,2.0066,1
2020,9,20,28.94,20.94,24.28,85.3,0,15.0,11.4,1010.8,25.0,4.5,215.4,9,0.2032,1
2020,9,21,28.94,20.94,22.83,90.9,0,13.6,12.8,1010.5,25.0,4.5,195.5,7,2.6162,1
2020,9,22,26.94,20.44,22.06,95.8,100,19.0,9.2,1010.7,28.1,4.1,81.8,3,0.9906,1
2020,9,23,22.94,18.94,20.22,98.8,0,22.6,11.4,1011.9,25.0,3.7,16.8,1,5.0038,1
2020,9,24,20.94,18.94,19.5,99.5,0,23.7,8.1,1013.3,25.0,3.8,23.9,1,7.010400000000001,1
2020,9,25,26.94,18.94,22.06,87.8,100,17.0,10.3,1009.9,28.1,5.1,123.6,6,47.3964,1
2020,9,26,26.94,19.94,22.33,87.8,0,15.4,11.4,1010.7,25.0,4.8,155.1,6,9.6012,1
2020,9,27,27.94,19.94,22.94,84.2,0,16.3,10.3,1013.1,25.0,5.1,198.4,8,0.3048,1
2020,9,28,27.94,18.94,22.83,80.7,0,15.0,9.2,1014.2,25.0,4.8,179.3,7,3.9878,1
2020,9,29,28.94,18.94,23.22,82.6,0,15.4,9.2,1013.6,25.0,4.7,177.3,6,0.7111999999999999,1
2020,9,30,28.94,19.94,23.33,83.8,100,15.2,6.9,1012.4,26.9,4.3,179.4,7,0.4064,1
2020,10,1,27.94,20.72,23.11,85.6,100,15.0,10.3,1012.1,28.1,3.9,163.5,6,2.9972,1
2020,10,2,27.94,20.94,23.17,85.0,0,15.7,10.3,1013.4,25.0,4.0,181.1,7,0.0,0
2020,10,3,27.94,18.94,22.89,82.5,0,15.7,10.3,1014.3,25.0,4.0,191.2,7,0.1016,1
2020,10,4,26.94,19.83,22.72,84.6,0,16.3,10.3,1014.6,27.4,4.3,171.7,7,0.0,0
2020,10,5,26.94,18.94,22.5,83.6,0,16.3,8.1,1014.3,25.0,4.2,188.5,7,0.0,0
2020,10,6,27.94,18.94,22.56,83.0,0,15.2,12.8,1015.2,25.0,4.1,155.2,6,0.1016,1
2020,10,7,27.94,18.94,22.39,74.6,0,14.3,11.4,1017.1,25.0,4.6,216.7,8,0.0,0
2020,10,8,27.94,16.94,21.56,70.0,0,13.9,11.4,1017.5,38.6,4.9,229.6,8,0.0,0
2020,10,9,27.94,15.94,21.33,70.0,0,13.6,9.2,1017.8,25.0,5.0,246.5,8,0.0,0
2020,10,10,27.94,15.94,21.83,75.6,0,13.6,10.3,1016.3,27.1,4.9,234.0,8,0.0,0
2020,10,11,27.94,16.94,22.17,78.4,0,13.6,9.2,1014.3,39.2,4.7,204.6,7,0.0,0
2020,10,12,28.94,17.94,22.33,80.3,0,13.4,10.3,1013.7,46.4,4.3,188.5,7,0.0,0
2020,10,13,27.94,19.94,22.78,79.5,0,13.9,9.2,1014.8,59.5,4.1,212.6,8,0.0,0
2020,10,14,27.94,17.94,22.22,81.6,0,13.6,8.1,1015.8,47.0,4.0,208.5,8,0.0,0
2020,10,15,27.94,17.94,22.17,78.6,0,15.0,9.2,1015.8,34.4,3.7,204.4,8,0.0,0
2020,10,16,28.94,17.94,22.22,75.1,0,11.6,8.1,1015.5,36.5,4.5,173.3,7,0.0,0
2020,10,17,28.94,16.94,22.22,70.5,0,12.3,9.2,1015.8,50.1,4.7,215.6,8,0.0,0
2020,10,18,27.94,16.94,21.94,76.7,0,12.1,10.3,1016.0,41.2,4.2,193.4,7,0.0,0
2020,10,19,27.94,16.94,21.56,80.5,0,12.8,9.2,1015.2,47.5,4.2,174.7,6,0.0,0
2020,10,20,25.94,17.94,21.22,79.2,0,14.8,12.8,1015.4,69.5,3.9,192.1,7,0.0,0
2020,10,21,25.94,15.94,20.22,77.9,0,15.7,8.1,1016.5,27.1,3.8,209.4,8,0.0,0
2020,10,22,25.94,14.94,20.11,81.1,0,15.9,11.4,1015.0,40.7,3.8,194.0,8,0.0,0
2020,10,23,24.94,16.94,20.06,75.6,0,16.3,10.3,1013.7,54.3,3.8,207.9,8,0.0,0
2020,10,24,25.94,13.94,19.33,73.3,0,17.7,9.2,1014.7,25.0,4.5,188.3,7,0.0,0
2020,10,25,26.94,13.94,19.22,74.1,0,15.4,10.3,1017.6,25.0,4.8,204.2,8,0.0,0
2020,10,26,25.94,14.94,19.5,79.2,0,17.4,9.2,1017.8,39.7,4.5,178.1,7,0.0,0
2020,10,27,24.94,14.94,19.11,75.7,0,14.5,9.2,1017.8,50.2,4.3,200.1,8,0.0,0
2020,10,28,24.94,12.94,18.28,73.6,0,13.4,6.9,1019.6,25.0,4.7,215.4,8,0.0,0
2020,10,29,26.94,11.94,18.67,69.4,0,13.0,6.9,1020.7,25.0,4.7,214.5,8,0.0,0
2020,10,30,27.94,11.94,19.22,66.3,0,13.4,8.1,1020.2,25.0,4.8,213.8,8,0.0,0
2020,10,31,32.33,12.94,19.83,68.1,0,17.2,10.3,1019.9,24.4,5.1,197.4,7,0.0,0
2020,11,1,25.94,12.94,19.28,71.2,0,20.8,12.8,1020.0,25.0,5.1,201.4,7,0.0,0
2020,11,2,25.94,12.94,19.0,78.3,0,17.9,11.4,1019.8,24.5,4.9,195.2,7,0.0,0
2020,11,3,25.94,13.94,18.94,78.4,0,13.6,8.1,1019.5,56.5,4.2,185.0,7,0.0,0
2020,11,4,25.94,11.94,18.22,75.3,100,14.3,12.8,1017.2,30.8,4.4,179.2,6,0.3,1
2020,11,5,23.94,12.94,17.11,74.3,0,15.4,12.8,1019.1,30.2,3.6,187.8,7,0.0,0
2020,11,6,22.94,10.94,15.89,73.9,0,17.4,11.4,1021.8,22.0,2.8,189.3,7,0.0,0
2020,11,7,21.94,10.94,15.56,76.0,0,14.5,8.1,1023.5,52.7,2.9,181.5,7,0.0,0
2020,11,8,22.94,9.94,15.61,70.2,0,14.3,8.1,1024.1,24.5,3.7,187.4,7,0.1016,1
2020,11,9,24.94,8.94,15.78,68.8,0,12.8,6.9,1022.9,25.0,4.0,200.8,7,0.0,0
2020,11,10,24.94,8.94,15.89,69.5,0,13.4,8.1,1022.5,25.0,4.2,189.4,7,0.0,0
2020,11,11,29.67,8.94,16.17,68.2,0,14.5,6.9,1023.9,24.0,4.7,187.2,7,0.0,0
2020,11,12,31.67,9.94,16.61,67.4,0,13.6,13.4,1024.0,24.6,4.9,198.0,7,0.0,0
2020,11,13,23.94,8.94,15.56,68.6,0,15.4,10.3,1022.3,25.0,4.6,198.1,7,0.0,0
2020,11,14,23.94,8.94,15.67,71.6,0,14.3,9.2,1021.3,25.0,4.7,199.2,7,0.0,0
2020,11,15,23.94,8.94,15.67,71.5,0,13.6,6.9,1022.0,25.0,4.8,193.7,7,0.0,0
2020,11,16,16.94,8.94,12.83,83.1,0,13.6,6.9,1021.7,60.2,3.9,109.0,6,0.0,0
2020,11,17,21.94,6.94,13.28,66.5,0,17.0,8.1,1017.1,18.8,5.1,192.9,7,0.0,0
2020,11,18,21.94,6.94,13.56,67.0,0,18.1,8.1,1017.6,25.0,5.2,187.3,7,0.0,0
2020,11,19,20.94,5.94,13.0,72.1,0,20.4,10.3,1018.0,25.0,4.8,189.9,7,0.0,0
2020,11,20,20.94,5.94,12.83,72.1,0,19.2,10.3,1017.9,28.6,4.3,183.5,7,0.0,0
2020,11,21,19.94,8.94,13.06,77.3,0,16.3,8.1,1017.6,56.9,3.8,130.7,5,0.0,0
2020,11,22,17.94,7.94,12.39,76.5,0,18.8,9.2,1018.9,32.3,3.8,159.7,7,0.0,0
2020,11,23,18.94,6.94,12.06,78.5,0,15.7,8.1,1021.0,25.0,3.6,171.3,7,0.0,0
2020,11,24,19.94,5.56,12.0,76.7,0,16.1,8.1,1020.5,29.4,3.2,175.6,7,0.0,0
2020,11,25,19.94,5.94,12.5,72.7,0,16.3,9.2,1022.0,62.8,3.5,179.4,7,0.0,0
2020,11,26,19.94,8.94,13.28,73.0,0,15.2,6.9,1022.6,82.2,3.5,157.0,6,0.0,0
2020,11,27,19.94,8.94,12.5,76.7,0,14.5,4.7,1024.2,64.1,3.1,136.5,6,0.0,0
2020,11,28,21.94,5.94,12.89,66.0,0,13.9,10.3,1023.1,24.0,4.0,175.4,7,0.0,0
2020,11,29,22.94,4.94,12.78,66.3,0,12.5,6.9,1022.3,24.0,3.8,183.0,7,0.0,0
2020,11,30,21.94,5.94,13.11,71.6,0,14.3,10.3,1021.6,25.2,3.9,169.4,6,0.0,0
2020,12,1,21.94,6.94,13.17,72.9,0,12.1,10.3,1022.2,25.2,4.0,147.3,6,0.0,0
2020,12,2,20.94,6.94,13.33,73.2,0,13.6,6.9,1019.5,29.9,4.3,158.2,6,0.0,0
2020,12,3,18.94,7.94,13.56,73.5,0,15.4,8.1,1019.0,55.4,4.4,137.3,6,0.0,0
2020,12,4,19.94,7.94,13.06,79.0,0,13.9,9.2,1018.0,50.9,3.8,109.7,5,0.0,0
2020,12,5,18.94,8.94,13.06,77.6,0,12.5,8.1,1018.8,42.3,4.0,91.1,4,0.0,0
2020,12,6,18.94,8.94,12.89,79.3,0,15.4,9.2,1020.1,45.4,3.6,100.1,4,0.0,0
2020,12,7,18.94,7.94,12.67,82.0,0,15.0,8.1,1020.5,36.9,3.2,111.7,5,0.0,0
2020,12,8,18.94,10.94,13.78,81.1,0,14.5,9.2,1021.2,58.5,2.7,118.3,5,0.0,0
2020,12,9,20.94,8.94,13.56,82.3,0,15.7,8.1,1019.2,45.6,2.4,124.6,5,0.0,0
2020,12,10,19.94,9.94,14.06,79.4,0,17.7,10.3,1018.0,41.3,2.6,142.8,6,0.0,0
2020,12,11,18.94,6.94,12.72,80.6,0,18.1,5.8,1018.1,57.2,2.4,158.4,6,0.0,0
2020,12,12,20.94,7.94,13.89,68.6,0,20.8,12.8,1018.0,53.5,3.1,160.9,6,0.0,0
2020,12,13,19.94,4.94,11.89,67.2,0,17.9,9.2,1016.1,25.0,4.1,170.0,7,0.0,0
2020,12,14,18.94,4.94,10.94,69.7,0,17.7,8.1,1018.0,25.0,3.9,162.6,6,0.0,0
2020,12,15,19.94,2.94,10.06,67.2,0,18.3,9.2,1020.3,23.0,3.9,174.9,7,0.1016,1
2020,12,16,18.94,3.94,9.83,63.6,0,19.9,13.9,1021.1,28.1,3.9,174.4,7,0.0,0
2020,12,17,17.94,2.94,9.61,66.2,0,17.7,9.2,1018.5,24.0,3.9,175.7,7,0.0,0
2020,12,18,17.94,2.94,9.06,68.0,0,16.3,8.1,1017.9,25.0,3.6,167.0,6,0.0,0
2020,12,19,16.94,2.94,8.56,77.2,0,16.6,10.3,1019.4,32.9,2.9,158.0,6,0.0,0
2020,12,20,16.94,5.94,10.61,74.0,0,13.4,8.1,1020.8,34.4,2.8,145.3,6,0.0,0
2020,12,21,19.94,3.94,10.61,71.1,0,14.8,8.1,1019.8,25.0,2.8,165.1,6,0.0,0
2020,12,22,19.94,3.94,10.72,67.7,0,16.6,11.4,1019.1,37.0,3.3,162.1,6,0.0,0
2020,12,23,17.94,3.94,10.0,71.2,0,16.6,6.9,1018.2,52.3,3.4,163.6,6,0.0,0
2020,12,24,18.94,4.94,9.83,74.0,0,16.6,10.3,1017.9,38.1,3.0,159.9,7,0.0,0
2020,12,25,18.94,2.94,9.56,63.1,0,18.6,12.8,1017.6,25.0,3.6,173.2,7,0.0,0
2020,12,26,17.94,1.94,9.11,68.5,0,17.0,8.1,1018.3,25.0,3.5,171.3,7,0.0,0
2020,12,27,17.94,2.94,9.39,75.8,0,16.3,9.2,1017.2,28.6,3.0,161.3,6,0.0,0
2020,12,28,16.94,2.94,9.06,75.8,0,16.6,8.1,1017.5,28.9,3.2,165.0,6,0.0,0
2020,12,29,16.94,1.94,8.67,72.4,0,17.9,8.1,1018.0,28.5,3.2,176.3,7,0.0,0
2020,12,30,16.94,1.94,8.61,72.3,0,16.3,6.9,1019.8,25.0,2.7,165.5,7,0.0,0
2020,12,31,17.94,1.94,8.83,69.6,0,17.0,9.2,1019.6,25.0,2.9,179.1,7,0.0,0
2021,1,1,17.94,1.94,8.83,72.1,0,16.8,9.2,1020.4,25.0,3.1,180.0,7,0.0,0
2021,1,2,18.94,2.94,9.22,67.8,0,16.8,5.8,1020.1,51.8,2.9,178.4,7,0.7111999999999999,1
2021,1,3,19.94,2.94,11.22,62.6,0,17.4,6.9,1018.9,76.4,2.9,174.4,7,0.0,0
2021,1,4,16.94,9.94,13.22,70.4,0,16.3,6.9,1020.6,84.8,1.6,74.5,3,0.0,0
2021,1,5,18.94,8.94,13.06,72.9,0,15.0,8.1,1021.3,88.0,1.7,59.9,2,0.0,0
2021,1,6,22.94,6.94,14.06,66.4,0,22.1,11.4,1018.4,35.5,3.6,181.8,7,0.0,0
2021,1,7,22.94,5.94,13.22,61.6,0,20.4,15.0,1016.6,24.0,4.0,179.6,7,0.0,0
2021,1,8,20.94,3.94,11.67,63.9,0,19.7,11.4,1016.8,25.0,4.0,176.7,7,0.0,0
2021,1,9,22.94,4.94,12.5,65.4,0,20.8,11.4,1016.3,25.0,3.6,178.5,7,1.6001999999999998,1
2021,1,10,22.94,4.94,12.83,58.4,0,19.5,13.9,1015.5,25.0,3.6,175.4,6,0.0,0
2021,1,11,20.94,4.94,11.72,67.7,0,18.1,8.1,1016.2,25.0,3.2,160.5,6,0.0,0
2021,1,12,17.94,6.94,11.0,78.7,100,16.3,11.4,1016.5,48.6,2.5,111.8,5,0.0,0
2021,1,13,16.94,6.94,10.83,78.5,0,13.6,13.9,1016.2,60.2,2.2,116.9,4,0.0,0
2021,1,14,17.94,7.94,11.22,78.1,0,14.8,10.3,1017.1,49.7,2.2,154.8,6,0.0,0
2021,1,15,18.94,5.94,11.06,81.1,0,18.1,12.8,1015.9,29.7,2.2,182.0,7,0.0,0
2021,1,16,17.94,5.94,11.39,74.7,0,18.6,10.3,1014.4,40.2,2.7,131.6,6,0.0,0
2021,1,17,17.94,8.94,12.56,71.8,0,14.1,8.1,1019.2,62.8,3.1,126.2,6,0.0,0
2021,1,18,19.94,5.94,12.28,71.8,0,15.4,9.2,1019.5,39.6,3.1,162.6,6,0.0,0
2021,1,19,17.94,7.94,12.06,70.4,0,21.7,12.8,1015.5,33.3,3.7,148.7,6,0.0,0
2021,1,20,16.94,4.94,10.61,73.3,0,15.9,11.4,1014.5,29.2,3.1,103.9,4,0.0,0
2021,1,21,16.94,4.94,9.89,70.7,0,17.0,11.4,1014.0,28.7,2.8,160.8,7,0.0,0
2021,1,22,16.94,3.94,10.0,72.5,0,16.1,11.4,1017.5,25.0,2.8,172.4,7,0.0,0
2021,1,23,17.94,4.94,10.61,76.6,0,18.3,9.2,1016.7,25.0,2.7,190.6,7,0.0,0
2021,1,24,17.94,4.94,10.78,75.2,0,19.7,11.4,1017.3,28.9,3.0,186.4,7,0.0,0
2021,1,25,16.94,3.94,10.11,73.1,0,17.7,10.3,1018.6,25.0,3.0,172.3,7,0.0,0
2021,1,26,17.94,3.94,9.94,70.0,0,16.3,5.8,1018.1,25.8,3.2,180.7,7,0.0,0
2021,1,27,19.06,3.06,9.89,67.5,0,17.4,9.2,1018.3,29.0,3.5,178.5,7,0.0,0
2021,1,28,17.94,2.94,9.67,67.1,0,17.2,12.8,1020.0,25.0,3.4,197.2,8,0.0,0
2021,1,29,17.94,3.94,10.06,65.3,0,17.2,12.8,1018.7,27.1,3.4,202.7,8,0.0,0
2021,1,30,15.94,3.94,9.39,64.3,0,17.7,11.4,1016.8,25.0,3.8,193.4,8,0.0,0
2021,1,31,17.06,2.94,9.22,64.1,0,15.7,12.8,1019.0,27.3,3.8,179.6,7,0.0,0
2021,2,1,16.94,3.94,9.39,66.9,0,15.2,9.2,1021.0,32.9,3.4,165.4,6,0.0,0
2021,2,2,17.94,3.94,10.28,64.9,0,16.8,11.4,1021.2,27.6,3.4,204.7,7,0.0,0
2021,2,3,18.94,3.94,11.22,63.5,0,17.2,9.2,1021.0,25.0,3.5,209.2,8,0.0,0
2021,2,4,19.94,4.94,11.56,63.6,0,19.7,9.2,1021.2,25.0,3.9,215.7,8,0.0,0
2021,2,5,16.94,4.94,10.39,68.0,0,21.9,15.0,1020.5,58.8,3.5,150.3,6,0.0,0
2021,2,6,17.94,4.94,9.72,74.1,100,17.4,13.9,1019.0,70.1,3.8,159.8,7,1.3,1
2021,2,7,17.94,1.94,9.06,69.0,0,19.2,9.2,1020.0,25.0,4.4,217.2,8,0.0,0
2021,2,8,21.94,3.94,11.56,61.8,0,14.5,6.9,1020.3,25.0,3.6,221.9,8,0.0,0
2021,2,9,21.94,4.94,12.5,65.3,0,15.7,11.4,1017.9,26.0,3.9,211.0,8,0.0,0
2021,2,10,18.94,6.94,12.22,75.6,0,15.0,10.3,1016.1,60.7,3.1,160.3,6,0.0,0
2021,2,11,19.94,6.94,12.89,76.0,0,17.7,9.2,1015.0,29.2,2.9,207.7,8,0.0,0
2021,2,12,19.94,8.94,13.5,75.2,100,17.7,9.2,1016.1,69.0,2.8,162.3,8,0.0,0
2021,2,13,19.94,8.94,13.67,75.4,100,15.2,8.1,1017.3,59.6,2.8,145.9,6,0.0,0
2021,2,14,20.94,9.06,14.28,74.5,0,16.6,12.8,1018.3,53.5,2.7,165.7,6,0.0,0
2021,2,15,20.94,8.94,14.06,73.9,0,18.3,10.3,1016.8,42.8,2.4,197.5,8,0.0,0
2021,2,16,20.94,6.94,13.56,70.9,0,19.5,10.3,1017.1,29.2,3.1,184.9,8,0.0,0
2021,2,17,20.94,7.17,13.17,66.3,0,16.8,15.0,1018.8,47.0,3.5,203.0,8,0.0,0
2021,2,18,18.94,6.94,12.56,61.5,0,17.9,10.3,1021.8,46.5,3.9,180.5,7,0.0,0
2021,2,19,20.94,5.94,12.72,61.5,100,15.9,11.4,1022.4,40.7,3.9,222.5,8,0.0,0
2021,2,20,21.94,6.94,13.67,59.5,0,14.3,11.4,1019.8,22.9,4.1,226.6,8,0.0,0
2021,2,21,22.94,6.94,14.44,61.4,0,18.1,9.2,1018.0,24.0,3.8,241.4,9,0.0,0
2021,2,22,22.94,7.94,14.89,66.0,0,15.7,10.3,1019.5,25.0,3.1,246.2,9,6.400799999999999,1
2021,2,23,23.94,9.94,15.83,68.6,0,17.4,10.3,1017.9,39.7,2.9,225.7,8,0.0,0
2021,2,24,23.94,9.94,15.94,69.5,0,16.8,11.4,1015.4,26.0,2.9,177.8,6,0.0,0
2021,2,25,22.94,10.94,16.06,75.6,0,18.1,10.3,1013.1,35.5,2.2,177.0,6,0.0,0
2021,2,26,22.94,10.94,16.39,76.6,0,16.1,13.9,1011.8,48.0,2.2,173.7,7,8.001,1
2021,2,27,22.94,12.94,17.56,72.4,100,25.3,13.9,1011.8,67.2,2.4,179.9,7,0.0,0
2021,2,28,23.94,13.94,18.22,65.7,0,23.0,13.9,1013.3,47.0,3.1,198.8,7,0.0,0
2021,3,1,24.94,10.94,17.39,61.5,0,21.3,15.0,1015.5,23.0,3.6,240.7,9,0.0,0
2021,3,2,22.94,9.94,15.39,49.7,0,18.6,16.1,1016.5,25.0,4.5,244.1,9,0.0,0
2021,3,3,21.94,7.94,14.89,50.7,0,19.5,15.0,1017.2,25.0,3.8,254.1,9,0.0,0
2021,3,4,21.94,8.94,15.17,55.8,0,19.5,13.9,1016.8,42.8,3.7,169.6,7,0.0,0
2021,3,5,22.94,9.94,15.06,69.1,0,23.5,12.8,1015.3,44.9,3.4,224.2,8,0.0,0
2021,3,6,21.94,8.94,14.5,74.4,100,17.2,12.8,1016.2,48.0,3.5,210.3,9,6.1,1
2021,3,7,18.94,9.94,14.72,79.8,0,16.6,9.2,1018.0,66.9,3.0,162.0,7,0.0,0
2021,3,8,24.94,10.94,16.83,71.1,0,25.1,16.1,1019.3,49.1,3.0,227.6,8,0.0,0
2021,3,9,24.94,9.94,17.39,60.8,0,26.4,16.1,1018.5,26.0,4.2,228.5,8,0.0,0
2021,3,10,24.94,11.94,17.17,65.3,0,23.0,13.9,1019.0,38.6,4.0,225.9,8,0.0,0
2021,3,11,23.94,9.94,17.22,61.7,100,22.6,13.9,1020.3,27.1,4.1,248.6,9,0.5,1
2021,3,12,24.94,11.94,18.22,63.0,0,21.0,12.8,1022.3,37.0,3.5,252.9,9,0.0,0
2021,3,13,20.94,12.94,16.72,65.2,100,18.1,10.3,1021.1,73.8,3.8,171.0,7,0.0,0
2021,3,14,23.94,9.94,16.39,70.9,0,19.9,13.9,1017.1,35.2,3.7,209.3,8,0.0,0
2021,3,15,23.94,9.06,17.22,66.6,0,20.4,12.8,1016.5,29.8,3.3,243.9,8,0.0,0
2021,3,16,24.94,11.94,17.78,63.6,0,19.9,15.0,1016.8,38.6,3.3,203.2,7,0.0,0
2021,3,17,24.94,11.94,18.06,59.8,0,20.8,13.9,1016.2,27.6,3.1,246.1,8,0.0,0
2021,3,18,24.94,11.94,18.22,57.8,0,21.9,15.0,1017.2,26.0,2.8,243.9,9,0.0,0
2021,3,19,24.94,11.94,18.67,58.4,0,23.7,10.3,1016.7,57.0,2.8,246.7,9,0.0,0
2021,3,20,25.94,12.94,18.67,51.0,0,25.3,12.8,1014.8,55.9,3.3,243.8,9,0.0,0
2021,3,21,26.94,11.94,18.83,47.5,0,21.5,36.9,1015.8,34.9,3.6,256.8,9,0.0,0
2021,3,22,26.94,11.94,18.89,49.0,0,23.3,12.8,1018.6,26.0,2.8,263.2,9,0.0,0
2021,3,23,26.94,12.94,19.5,49.8,0,24.8,15.0,1019.8,34.9,2.5,259.2,9,0.0,0
2021,3,24,25.94,13.94,19.89,47.0,0,24.2,12.8,1018.0,43.8,3.1,248.8,9,0.0,0
2021,3,25,25.94,11.94,18.72,40.5,0,26.2,11.4,1016.1,25.0,3.5,282.5,9,0.0,0
2021,3,26,25.94,9.94,17.44,45.1,0,20.8,13.9,1016.2,24.3,2.2,298.5,10,0.0,0
2021,3,27,24.94,10.94,17.56,53.9,0,18.1,11.4,1016.7,25.0,1.4,298.5,10,0.0,0
2021,3,28,23.94,11.94,17.33,56.2,0,19.5,11.4,1015.5,25.0,1.4,281.5,10,0.0,0
2021,3,29,23.94,11.94,17.72,58.4,0,23.9,10.3,1013.5,44.9,1.4,245.8,9,0.0,0
2021,3,30,25.94,11.94,19.17,57.7,0,20.8,9.2,1008.1,36.5,1.9,224.0,7,0.0,0
2021,3,31,23.94,12.94,18.06,70.6,0,17.4,9.2,1005.5,54.3,2.0,207.2,7,0.0,0
2021,4,1,24.94,13.94,17.83,69.3,100,20.6,18.3,1007.5,51.8,3.3,252.9,9,9.9,1
2021,4,2,24.94,10.94,17.72,49.9,0,25.9,13.9,1012.3,30.8,3.9,291.4,10,0.0,0
2021,4,3,25.94,9.94,18.06,38.2,0,22.6,12.8,1015.5,33.9,3.8,287.1,10,0.0,0
2021,4,4,25.94,9.94,17.5,37.2,0,18.3,11.4,1016.0,28.2,2.4,300.2,10,0.0,0
2021,4,5,25.94,9.94,17.39,46.1,0,18.1,12.8,1018.0,25.0,1.7,309.8,10,0.0,0
2021,4,6,25.94,10.94,18.0,51.2,0,20.1,9.2,1017.3,29.3,1.5,297.0,10,0.0,0
2021,4,7,26.94,11.94,19.33,56.8,0,26.8,8.1,1017.7,25.0,1.8,280.7,9,0.0,0
2021,4,8,27.94,13.94,20.44,54.5,0,27.7,16.1,1015.4,34.6,2.8,295.5,10,0.0,0
2021,4,9,27.94,12.94,19.17,54.9,0,30.0,18.3,1016.9,46.6,3.9,301.4,10,0.0,0
2021,4,10,27.94,11.94,19.5,48.5,100,26.8,11.4,1018.3,24.0,4.8,314.4,10,1.0,1
2021,4,11,28.94,12.94,20.5,38.6,0,23.3,8.1,1018.6,28.1,3.9,316.7,10,0.0,0
2021,4,12,27.94,12.94,20.0,38.5,0,23.7,15.0,1019.3,47.5,2.6,275.2,10,0.9906,1
2021,4,13,27.94,12.94,19.44,43.5,0,21.9,9.2,1018.1,43.3,2.7,275.9,10,0.0,0
2021,4,14,28.94,12.94,20.72,48.5,0,21.9,10.3,1017.0,27.1,2.9,297.6,10,0.0,0
2021,4,15,28.94,14.94,20.89,51.6,0,53.0,30.0,1016.0,48.1,3.1,276.2,10,0.0,0
2021,4,16,23.94,13.94,17.0,71.2,0,24.4,10.3,1017.1,77.4,3.8,267.9,10,11.9,1
2021,4,17,26.94,12.94,18.17,72.3,100,27.3,15.0,1017.6,36.5,3.5,245.3,9,1.3,1
2021,4,18,25.94,11.94,18.0,64.6,100,32.2,20.8,1017.3,37.6,4.7,279.9,9,0.3,1
2021,4,19,25.94,10.94,18.67,62.4,100,22.6,10.3,1013.2,25.0,4.9,276.7,9,7.4,1
2021,4,20,27.94,12.94,20.67,56.4,0,24.4,15.0,1014.0,27.1,4.3,305.4,10,0.0,0
2021,4,21,21.94,14.94,18.56,65.4,0,21.0,10.3,1017.9,70.1,3.3,179.8,6,0.0,0
2021,4,22,24.94,13.94,18.17,61.9,100,20.1,12.8,1018.8,55.4,4.9,230.9,9,6.6,1
2021,4,23,32.67,10.94,19.83,47.0,0,22.8,12.8,1016.1,24.0,5.7,329.3,10,0.0,0
2021,4,24,27.94,13.94,21.67,43.4,0,31.1,15.0,1016.5,30.8,5.1,295.8,10,0.0,0
2021,4,25,29.94,13.94,22.17,42.9,0,21.9,13.9,1016.6,25.0,4.9,318.2,10,0.0,0
2021,4,26,28.94,14.94,22.5,44.7,0,17.4,12.8,1015.9,25.0,4.3,333.9,10,0.0,0
2021,4,27,29.94,14.94,22.39,44.4,0,23.5,16.1,1016.6,27.1,3.7,309.5,10,0.0,0
2021,4,28,28.94,14.94,22.61,46.3,0,24.6,13.9,1017.7,26.0,3.6,277.4,10,0.0,0
2021,4,29,26.94,14.94,19.22,68.4,100,20.8,13.9,1019.2,58.0,3.7,264.1,9,5.3,1
2021,4,30,26.94,13.94,18.72,70.9,100,16.1,11.4,1017.9,61.2,4.0,187.3,8,1.0,1
2021,5,1,25.94,14.94,19.22,73.5,100,17.4,15.7,1017.6,77.0,3.8,203.5,8,0.3,1
2021,5,2,20.94,14.94,17.44,88.1,100,15.9,6.9,1017.5,77.1,3.5,206.2,7,4.2926,1
2021,5,3,25.94,13.94,19.44,81.0,0,27.1,19.7,1015.2,64.3,3.5,213.0,7,0.0,0
2021,5,4,23.94,15.94,18.5,86.2,0,17.2,15.0,1015.3,88.0,3.4,211.6,8,0.0,0
2021,5,5,21.94,15.94,18.78,82.3,100,15.0,12.8,1015.6,69.1,4.3,92.1,5,1.5,1
2021,5,6,23.94,14.94,19.44,76.1,100,19.0,6.9,1017.3,82.7,3.9,211.6,7,0.8,1
2021,5,7,25.94,16.94,20.0,77.6,0,16.3,9.2,1017.7,75.1,4.1,166.4,7,0.0,0
2021,5,8,25.94,15.94,20.33,65.9,0,18.3,12.8,1017.1,63.8,4.3,258.9,8,0.1016,1
2021,5,9,26.94,14.94,20.22,61.2,0,21.0,18.3,1015.2,55.4,5.2,257.3,9,0.0,0
2021,5,10,23.94,15.94,18.89,79.9,100,18.3,8.1,1014.0,78.0,4.0,245.8,9,1.3,1
2021,5,11,22.94,14.56,18.39,84.5,100,21.0,11.4,1013.0,65.9,3.9,232.1,7,7.9,1
2021,5,12,20.94,15.94,18.17,87.0,100,17.4,11.4,1011.4,77.0,4.1,118.4,6,7.1,1
2021,5,13,21.94,14.94,17.72,85.6,100,18.8,5.8,1012.2,73.3,4.1,197.4,8,5.1,1
2021,5,14,30.67,13.94,20.33,71.2,100,19.9,12.8,1010.6,41.4,5.0,252.1,9,0.0,0
2021,5,15,27.94,14.78,21.39,66.2,0,19.0,13.9,1012.9,34.3,5.4,287.1,9,0.0,0
2021,5,16,29.94,15.94,23.33,56.5,0,20.6,15.0,1014.7,27.1,5.1,297.4,9,0.0,0
2021,5,17,27.94,16.94,23.06,61.1,0,21.9,10.3,1015.2,70.1,4.9,256.7,9,0.0,0
2021,5,18,27.94,19.94,23.0,68.2,100,14.1,10.3,1013.8,85.5,4.2,164.3,6,0.0,0
2021,5,19,22.94,18.06,20.78,84.3,0,15.4,4.7,1013.6,84.1,3.3,71.9,4,0.0,0
2021,5,20,22.94,17.94,19.72,94.4,100,12.5,6.9,1013.4,88.4,3.7,85.5,4,8.6,1
2021,5,21,29.94,16.83,22.17,80.9,100,16.8,16.1,1012.6,71.2,4.7,250.3,8,3.0,1
2021,5,22,28.94,19.94,24.17,72.5,0,15.9,39.1,1011.6,64.8,5.1,263.8,9,0.0,0
2021,5,23,29.94,19.94,25.06,69.9,0,16.6,10.3,1012.2,56.4,5.4,256.0,9,0.0,0
2021,5,24,30.94,19.33,24.67,68.8,100,15.7,13.9,1012.0,69.8,4.7,244.8,8,0.3,1
2021,5,25,26.94,19.94,22.17,80.4,0,15.9,16.1,1010.7,71.7,4.2,205.8,9,3.8,1
2021,5,26,21.94,18.94,20.06,96.8,100,11.9,5.8,1009.5,88.4,4.1,48.2,2,5.1,1
2021,5,27,21.94,18.94,20.11,98.5,100,21.3,5.8,1009.8,88.0,3.8,59.3,3,31.2,1
2021,5,28,19.94,17.94,19.11,97.5,100,34.4,11.4,1012.1,95.5,4.0,32.8,1,19.685,1
2021,5,29,26.94,18.72,21.5,85.1,100,25.3,11.4,1013.9,70.3,4.5,154.9,7,0.1016,1
2021,5,30,28.94,17.94,22.22,82.2,0,18.6,9.2,1012.3,65.4,4.5,234.8,9,0.0,0
2021,5,31,27.94,19.94,23.28,80.7,100,17.2,12.8,1009.8,79.5,4.1,239.8,8,17.5,1
2021,6,1,26.94,19.94,22.94,78.7,0,18.3,11.4,1011.6,64.8,4.5,213.2,9,0.0,0
2021,6,2,28.94,17.94,23.33,74.1,0,17.0,15.0,1012.7,40.2,5.1,254.3,9,0.0,0
2021,6,3,28.94,18.67,23.89,73.4,0,18.6,11.4,1013.9,50.9,5.0,259.3,8,0.0,0
2021,6,4,27.94,19.94,24.06,74.8,0,20.1,12.8,1014.1,49.6,5.0,250.8,8,0.0,0
2021,6,5,29.94,19.94,24.44,71.1,0,20.8,12.8,1012.8,57.9,4.7,241.8,8,0.0,0
2021,6,6,29.94,19.94,24.56,71.0,100,23.0,13.9,1011.8,43.3,4.5,251.2,8,0.0,0
2021,6,7,29.94,20.67,25.94,66.0,100,24.8,12.8,1009.8,44.0,4.9,277.5,9,0.0,0
2021,6,8,34.83,18.56,24.61,74.6,100,18.6,12.8,1008.4,58.3,4.4,254.5,9,0.0,0
2021,6,9,27.94,20.94,23.78,80.6,0,14.1,13.9,1008.7,88.3,4.4,209.2,8,5.8,1
2021,6,10,26.94,20.94,22.72,87.5,100,16.3,11.4,1008.5,73.6,3.9,168.7,6,36.6,1
2021,6,11,27.94,18.94,22.72,86.6,100,14.3,10.3,1007.8,77.5,4.3,192.4,7,24.4,1
2021,6,12,24.94,19.22,21.61,90.9,100,13.4,4.7,1009.2,92.5,4.6,95.9,6,30.7,1
2021,6,13,23.94,19.94,21.83,94.2,100,14.3,4.7,1008.8,91.0,4.7,84.0,4,0.0,0
2021,6,14,25.94,20.94,22.56,94.7,100,16.8,6.9,1006.6,88.5,4.3,208.6,8,18.8,1
2021,6,15,24.94,20.72,22.0,95.3,100,30.2,10.3,1004.5,89.0,4.0,71.9,5,15.0,1
2021,6,16,24.94,19.94,21.56,96.3,100,16.6,10.3,1007.2,89.4,4.2,96.5,5,4.8,1
2021,6,17,25.94,19.94,22.61,90.3,100,15.4,9.2,1008.3,88.2,4.6,196.4,7,8.7884,1
2021,6,18,26.94,20.94,23.56,86.7,100,23.5,6.9,1009.0,80.6,4.8,151.2,6,0.3,1
2021,6,19,27.94,20.17,22.89,84.9,100,27.7,10.3,1008.8,89.5,5.2,153.7,5,0.3,1
2021,6,20,24.94,20.94,22.22,90.1,100,21.7,8.1,1009.4,88.0,4.8,78.0,4,2.8,1
2021,6,21,27.94,19.94,23.56,82.8,100,23.0,12.8,1009.6,69.5,5.3,194.6,6,0.0,0
2021,6,22,28.94,20.94,24.5,80.3,100,19.2,16.1,1010.2,68.2,5.3,181.3,6,0.0,0
2021,6,23,26.94,21.94,23.67,88.3,100,17.7,9.2,1011.8,83.0,4.5,164.8,6,1.3,1
2021,6,24,28.94,20.94,24.39,82.4,100,17.0,10.3,1010.8,81.7,4.6,155.9,7,7.4,1
2021,6,25,24.94,20.94,22.56,91.2,100,16.1,11.4,1009.8,88.0,4.2,121.5,6,2.8,1
2021,6,26,23.94,19.94,21.61,93.7,100,13.2,6.9,1012.3,89.5,4.1,41.7,1,34.8,1
2021,6,27,33.83,20.72,23.83,85.5,100,16.1,8.1,1011.8,81.9,4.6,186.1,8,4.3,1
2021,6,28,26.94,19.67,23.72,84.7,100,17.2,8.1,1010.1,81.9,4.7,188.8,7,0.0,0
2021,6,29,27.94,20.94,24.06,85.4,100,16.1,8.1,1009.2,86.9,4.4,143.7,5,0.0,0
2021,6,30,25.94,21.94,23.11,93.6,100,23.9,9.2,1006.9,86.4,3.6,53.4,2,2.5,1
2021,7,1,23.94,18.94,21.44,96.2,100,23.5,6.9,1006.8,91.0,3.2,54.7,2,53.1,1
2021,7,2,22.94,18.94,21.0,97.6,100,15.0,4.7,1007.8,95.5,3.3,46.2,2,46.0,1
2021,7,3,26.94,19.94,22.56,90.2,100,16.6,10.3,1010.0,81.6,3.9,66.5,3,6.1,1
2021,7,4,26.94,20.94,23.61,85.4,100,18.1,9.2,1011.8,86.4,4.3,201.5,9,0.3,1
2021,7,5,28.94,21.67,23.61,90.5,0,16.6,11.4,1011.8,87.3,4.2,216.0,8,10.4,1
2021,7,6,28.94,20.94,24.33,87.0,100,16.6,12.8,1009.8,76.4,4.3,190.4,7,0.0,0
2021,7,7,27.94,20.94,24.28,85.6,100,15.4,12.8,1009.3,84.9,4.3,145.5,4,0.0,0
2021,7,8,24.94,20.94,22.39,95.5,100,23.5,8.1,1011.6,87.3,4.2,95.9,4,20.6,1
2021,7,9,27.94,20.94,23.11,91.0,100,16.6,11.4,1011.2,86.3,4.3,135.6,5,20.3,1
2021,7,10,30.67,20.94,23.39,90.9,100,16.6,11.4,1010.5,86.3,4.1,134.9,4,69.3,1
2021,7,11,25.94,20.94,22.33,94.6,100,17.0,6.9,1014.2,88.0,3.9,100.8,4,0.0,0
2021,7,12,31.67,20.17,23.06,91.8,100,14.5,8.1,1013.9,86.7,4.7,184.9,7,14.5,1
2021,7,13,28.94,20.94,23.61,88.1,100,18.1,11.4,1013.5,78.0,4.5,173.7,7,28.4,1
2021,7,14,26.94,20.94,23.39,90.5,100,16.1,9.2,1012.9,86.4,4.1,130.5,7,0.2032,1
2021,7,15,26.94,19.94,22.78,89.0,100,13.4,5.8,1013.8,84.3,4.2,70.9,3,1.3,1
2021,7,16,23.94,20.94,22.06,95.0,100,14.3,8.1,1014.8,81.8,4.1,84.8,5,1.5,1
2021,7,17,27.94,20.06,22.39,94.1,100,16.1,8.1,1012.3,89.4,3.7,122.8,7,8.9,1
2021,7,18,27.94,20.94,23.56,88.7,100,13.9,11.4,1010.5,88.0,4.2,53.3,3,2.5,1
2021,7,19,26.94,21.94,23.67,88.9,100,15.9,6.9,1009.0,88.0,4.3,150.1,5,1.0,1
2021,7,20,25.94,20.94,22.56,96.2,100,14.3,6.9,1008.6,88.5,4.1,84.3,5,0.0,0
2021,7,21,25.94,20.94,22.72,94.4,100,16.6,11.4,1007.7,88.0,4.1,139.1,6,3.3,1
2021,7,22,28.94,20.83,23.94,88.6,100,16.8,9.2,1006.9,86.9,4.5,113.0,5,7.9,1
2021,7,23,29.94,20.94,24.56,86.8,0,16.3,11.4,1007.5,84.8,4.6,198.4,6,0.0,0
2021,7,24,30.94,20.94,25.06,86.3,100,13.9,11.4,1008.4,75.3,4.6,185.7,6,42.9,1
2021,7,25,28.94,20.94,24.11,88.5,100,12.3,13.9,1008.7,88.0,4.2,144.2,6,10.9,1
2021,7,26,24.94,20.94,22.83,93.6,100,11.6,3.4,1007.3,89.0,4.0,63.9,4,26.9,1
2021,7,27,26.94,20.94,23.39,91.1,100,12.8,12.8,1005.4,86.3,4.3,100.9,4,0.0,0
2021,7,28,28.94,19.94,23.5,88.3,100,11.6,9.2,1006.2,90.8,4.4,159.5,6,17.5,1
2021,7,29,28.94,19.94,24.06,84.8,100,15.0,12.8,1006.7,67.5,4.9,191.8,7,18.5,1
2021,7,30,27.94,20.94,23.72,89.5,100,13.2,8.1,1008.0,88.0,4.6,140.1,5,9.9,1
2021,7,31,28.94,20.94,24.89,83.6,100,20.1,11.4,1008.4,82.2,5.0,164.6,6,9.1,1
2021,8,1,28.94,20.94,24.06,86.5,100,19.7,15.0,1007.8,83.8,5.1,131.0,6,0.3,1
2021,8,2,26.94,21.33,23.61,88.6,100,16.3,11.4,1008.8,83.8,4.8,111.4,4,2.3114,1
2021,8,3,27.94,20.94,23.83,89.2,100,14.5,10.3,1010.2,86.9,4.2,181.2,6,0.0,0
2021,8,4,24.94,20.94,22.39,94.7,100,16.8,6.9,1011.3,88.0,4.1,128.6,5,4.3,1
2021,8,5,28.94,19.94,23.33,83.4,100,17.4,11.4,1010.0,88.5,5.0,114.7,4,0.8,1
2021,8,6,30.94,20.94,24.61,84.1,100,13.6,9.2,1009.8,86.9,4.9,160.3,6,10.7,1
2021,8,7,26.94,20.94,23.89,86.7,100,15.7,11.4,1011.2,87.2,4.8,189.1,7,7.4,1
2021,8,8,27.94,20.67,23.28,91.1,100,13.6,17.2,1012.7,85.7,4.2,66.2,2,14.0,1
2021,8,9,28.94,20.94,23.83,89.3,100,15.9,10.3,1012.3,81.7,4.5,156.0,6,18.0,1
2021,8,10,28.94,20.94,24.11,87.5,100,13.6,12.8,1009.7,79.0,4.7,129.6,5,0.5,1
2021,8,11,28.94,20.94,24.44,86.5,100,17.0,12.8,1010.1,64.3,4.6,126.6,5,0.8,1
2021,8,12,27.94,21.33,23.56,93.3,100,15.0,9.2,1011.8,88.5,4.1,90.1,4,10.4,1
2021,8,13,26.94,21.94,23.78,90.9,100,15.7,11.4,1010.3,88.0,4.0,44.3,3,3.3,1
2021,8,14,27.94,20.94,23.72,90.1,0,21.0,9.2,1007.9,86.4,4.5,28.8,1,4.6,1
2021,8,15,26.94,20.94,23.28,90.8,100,22.1,9.2,1010.0,86.4,4.4,67.4,3,5.6,1
2021,8,16,27.94,21.17,24.11,83.9,100,15.2,10.3,1012.8,87.4,5.0,180.7,6,0.0,0
2021,8,17,26.94,21.56,23.5,88.9,100,15.9,6.9,1013.4,83.7,4.0,196.7,7,18.8,1
2021,8,18,26.94,20.94,23.39,90.2,100,15.0,8.1,1011.9,88.0,3.9,162.7,6,4.8,1
2021,8,19,26.94,19.94,23.11,89.0,100,16.8,10.3,1011.5,88.0,4.5,96.9,5,18.3,1
2021,8,20,25.94,20.94,23.0,89.3,0,18.6,12.8,1014.3,88.0,4.8,138.6,5,0.0,0
2021,8,21,25.94,20.94,23.11,89.0,100,14.8,10.3,1016.3,88.0,4.5,105.5,5,0.0,0
2021,8,22,26.94,20.67,23.22,88.9,100,13.0,9.2,1013.8,89.0,4.1,120.6,5,0.0,0
2021,8,23,23.94,19.94,21.83,96.6,100,18.6,8.1,1012.2,88.0,3.5,110.4,4,24.9,1
2021,8,24,25.94,20.33,22.61,91.9,0,16.6,8.1,1010.4,85.3,4.1,100.1,4,5.6,1
2021,8,25,26.94,20.17,23.06,91.7,100,13.4,8.1,1008.0,89.0,4.3,66.2,3,1.5,1
2021,8,26,24.94,20.94,22.89,92.7,100,13.0,9.2,1007.7,88.0,4.3,44.2,2,1.3,1
2021,8,27,22.94,18.94,21.22,94.2,100,16.8,4.7,1011.7,88.5,3.6,39.4,2,41.4,1
2021,8,28,24.94,19.94,21.44,96.1,100,15.0,12.8,1011.3,90.0,4.0,109.3,5,13.7,1
2021,8,29,20.94,18.94,20.33,98.6,100,16.8,8.1,1013.0,88.5,4.0,32.1,1,25.1,1
2021,8,30,27.94,19.94,21.94,92.9,100,15.9,5.8,1015.8,89.5,4.3,99.4,4,7.9,1
2021,8,31,27.94,19.94,22.89,88.5,100,14.1,8.1,1017.1,78.5,4.6,136.9,5,23.9,1
2021,9,1,28.94,19.94,23.61,86.1,100,16.8,11.4,1015.6,69.5,4.5,203.1,7,0.1016,1
2021,9,2,28.94,19.94,23.33,86.8,100,16.8,10.3,1014.1,85.4,4.3,178.4,8,3.8,1
2021,9,3,25.94,20.94,22.56,89.9,100,13.2,9.2,1013.2,70.6,4.5,101.4,5,5.6,1
2021,9,4,27.94,19.83,23.89,82.3,100,13.6,10.3,1011.6,54.8,4.9,191.0,7,0.0,0
2021,9,5,28.94,20.94,24.72,82.9,100,13.0,10.3,1012.2,64.3,4.4,197.6,7,11.7,1
2021,9,6,28.94,18.94,22.56,90.9,100,15.7,11.4,1015.4,87.9,3.9,154.3,7,121.7,1
2021,9,7,28.83,19.94,23.0,91.0,100,19.0,10.3,1016.5,87.7,4.4,100.1,4,12.2,1
2021,9,8,27.94,19.83,22.61,89.2,100,17.4,8.1,1015.4,79.0,4.5,126.0,6,35.1,1
2021,9,9,24.94,19.94,21.72,93.8,0,14.3,4.7,1014.5,84.8,4.3,121.9,5,0.0,0
2021,9,10,27.94,19.94,22.83,88.1,100,17.4,11.4,1014.8,71.7,4.6,193.7,7,0.0,0
2021,9,11,29.94,19.94,23.89,84.0,0,16.6,11.4,1014.3,80.1,4.8,198.5,8,0.0,0
2021,9,12,29.94,20.94,24.22,82.2,100,15.2,12.8,1011.3,64.8,4.9,206.7,8,0.5,1
2021,9,13,27.94,19.94,23.06,87.2,100,14.5,11.4,1012.0,60.6,4.6,178.5,8,13.2,1
2021,9,14,28.94,20.67,23.56,83.7,100,24.6,10.3,1013.7,80.6,4.7,189.1,8,0.0,0
2021,9,15,24.94,19.94,22.06,90.8,100,21.9,10.3,1015.9,88.0,4.5,35.6,1,0.0,0
2021,9,16,27.94,19.94,22.17,90.3,100,14.1,4.7,1014.2,89.0,4.2,45.6,2,0.1016,1
2021,9,17,23.94,19.94,21.06,95.2,100,15.7,5.8,1013.5,88.0,4.3,87.6,4,0.6096,1
2021,9,18,27.94,18.56,22.5,86.9,100,16.3,9.2,1014.3,66.2,4.3,175.1,6,0.3,1
2021,9,19,28.94,19.94,23.67,84.0,0,15.9,11.4,1016.0,61.7,5.0,210.4,7,0.0,0
2021,9,20,26.94,19.67,22.67,89.9,100,15.7,11.4,1015.5,89.3,4.1,136.7,6,0.5,1
2021,9,21,27.94,19.94,22.83,85.0,100,14.1,10.3,1014.7,77.4,5.2,195.6,7,25.4,1
2021,9,22,24.94,19.94,21.72,90.1,100,13.4,9.2,1014.5,86.4,4.4,143.6,5,19.6,1
2021,9,23,26.94,18.94,22.44,86.8,100,15.7,10.3,1016.0,65.8,4.8,186.3,8,2.3,1
2021,9,24,28.94,18.06,23.22,82.7,0,16.1,10.3,1016.2,75.6,4.3,215.2,8,0.0,0
2021,9,25,26.94,19.94,22.72,85.4,0,17.4,12.8,1015.6,69.0,4.4,157.6,6,0.0,0
2021,9,26,28.94,18.67,22.0,86.7,100,13.0,5.8,1015.0,55.9,4.2,169.3,6,21.1,1
2021,9,27,27.94,18.94,21.94,89.2,100,15.0,13.9,1016.4,66.5,4.4,206.9,8,0.0,0
2021,9,28,24.94,18.33,21.11,90.8,100,13.2,6.9,1017.6,83.6,4.7,137.0,6,15.5,1
2021,9,29,26.94,18.56,21.94,86.0,100,14.3,10.3,1017.7,85.1,4.5,161.6,7,0.3,1
2021,9,30,27.94,19.94,22.67,85.5,0,13.4,10.3,1018.2,84.8,4.4,136.3,4,0.0,0
2021,10,1,26.94,19.94,22.39,85.8,0,15.2,11.4,1017.4,81.7,4.4,123.3,4,0.0,0
2021,10,2,25.94,19.94,21.78,84.6,0,19.9,12.8,1015.2,88.0,4.8,92.2,6,0.1016,1
2021,10,3,25.94,18.94,21.67,87.1,100,16.8,13.9,1013.1,86.4,4.7,137.6,7,3.8,1
2021,10,4,26.94,19.56,22.22,85.4,0,15.2,9.2,1014.1,76.6,4.4,170.7,7,2.8,1
2021,10,5,26.94,18.94,22.22,85.3,100,15.0,10.3,1016.5,71.2,3.9,173.6,7,38.6,1
2021,10,6,25.94,19.94,22.56,84.6,0,14.5,10.3,1015.8,81.7,4.5,141.7,6,0.0,0
2021,10,7,26.94,19.94,22.67,83.2,0,13.0,9.2,1014.3,71.1,4.6,177.6,6,0.0,0
2021,10,8,27.94,18.83,22.5,82.1,0,14.5,11.4,1013.3,59.2,4.7,161.4,6,0.0,0
2021,10,9,27.94,19.94,22.94,81.0,0,14.3,11.4,1013.7,63.8,3.8,209.6,8,0.0,0
2021,10,10,30.17,18.94,23.17,82.7,0,13.9,9.2,1014.4,54.8,3.8,189.3,7,0.0,0
2021,10,11,28.94,17.06,23.06,80.9,100,14.1,9.2,1014.4,31.4,4.2,206.2,7,0.0,0
2021,10,12,29.94,18.22,23.39,77.5,0,13.4,10.3,1014.3,32.0,4.5,215.9,8,0.0,0
2021,10,13,29.94,17.94,23.28,74.6,0,14.8,9.2,1014.7,29.7,4.7,214.4,7,0.0,0
2021,10,14,29.94,17.94,23.28,74.7,0,13.6,11.4,1014.8,25.0,4.6,209.5,8,0.0,0
2021,10,15,29.94,17.94,23.28,76.3,0,15.0,10.3,1013.3,24.1,4.9,220.0,8,0.0,0
2021,10,16,28.94,18.94,23.5,79.7,0,13.6,9.2,1015.4,44.4,5.0,218.9,8,0.0,0
2021,10,17,26.94,18.94,21.89,84.2,100,12.5,8.1,1017.3,85.8,5.0,121.1,5,9.4,1
2021,10,18,23.94,19.94,21.0,94.4,100,20.1,5.8,1016.0,88.0,4.6,42.0,2,3.8,1
2021,10,19,21.94,18.94,19.94,93.8,100,31.1,10.3,1015.3,88.5,4.4,25.7,1,0.0,0
2021,10,20,23.94,17.94,20.39,91.2,100,29.3,6.9,1016.9,89.0,4.3,19.9,1,5.3,1
2021,10,21,24.94,15.94,20.22,81.2,0,15.0,11.4,1015.6,59.1,5.2,107.3,6,0.0,0
2021,10,22,22.94,15.94,19.28,84.7,0,14.3,8.1,1017.3,76.9,4.5,142.9,6,0.0,0
2021,10,23,24.94,17.94,19.89,84.2,0,14.3,13.9,1020.1,80.6,3.9,109.6,4,0.0,0
2021,10,24,24.94,15.94,19.5,80.0,0,11.2,15.0,1021.0,61.7,3.4,83.4,4,0.0,0
2021,10,25,23.94,13.94,18.28,83.8,0,15.4,8.1,1019.4,35.5,3.7,179.4,7,0.0,0
2021,10,26,23.94,14.94,18.39,76.7,0,16.1,10.3,1019.0,59.1,4.0,164.7,7,0.0,0
2021,10,27,23.94,14.83,18.33,74.2,0,16.1,9.2,1020.0,49.9,4.3,175.0,6,0.0,0
2021,10,28,22.94,13.94,17.83,80.4,0,15.7,9.2,1020.2,49.3,4.1,190.4,7,0.0,0
2021,10,29,23.94,13.94,17.56,70.7,100,15.2,11.4,1021.6,36.9,4.1,156.2,7,0.0,0
2021,10,30,22.94,11.94,16.94,73.2,0,17.0,9.2,1021.0,29.2,4.1,186.8,7,0.0,0
2021,10,31,22.94,11.94,17.17,73.9,0,15.7,13.9,1019.6,52.2,4.4,135.4,5,0.0,0
2021,11,1,21.94,13.94,17.22,74.7,100,15.0,12.8,1020.1,70.2,4.0,150.9,6,0.0,0
2021,11,2,21.94,12.94,16.83,76.0,0,15.0,9.2,1021.5,47.5,3.9,158.2,6,0.0,0
2021,11,3,21.94,12.94,16.56,74.5,0,16.6,9.2,1020.2,44.4,4.1,182.5,7,0.0,0
2021,11,4,21.94,10.94,15.83,75.6,0,16.8,8.1,1019.3,31.1,3.8,172.1,7,0.0,0
2021,11,5,20.94,10.94,15.28,78.7,0,18.3,10.3,1018.5,46.5,4.2,180.0,7,0.0,0
2021,11,6,20.94,9.94,15.11,78.0,0,17.9,8.1,1016.8,29.2,4.4,175.0,7,0.0,0
2021,11,7,21.94,10.94,15.56,75.1,0,16.1,6.9,1017.4,65.4,4.3,151.0,6,0.0,0
2021,11,8,21.94,9.94,15.83,75.1,0,14.5,9.2,1018.9,35.5,4.5,158.8,6,0.0,0
2021,11,9,22.94,10.94,15.89,73.3,0,16.3,8.1,1020.0,27.1,4.7,181.7,7,0.0,0
2021,11,10,21.94,9.94,15.56,72.1,0,14.5,8.1,1019.6,25.0,4.5,162.0,6,0.0,0
2021,11,11,21.94,8.94,15.22,73.9,0,15.4,9.2,1019.0,25.0,4.5,192.7,7,0.0,0
2021,11,12,21.94,8.94,14.89,77.7,0,15.2,8.1,1019.0,25.0,4.1,188.4,7,0.0,0
2021,11,13,20.94,7.94,14.33,76.3,0,16.3,9.2,1018.4,33.5,4.1,170.0,7,0.0,0
2021,11,14,21.94,8.94,14.06,75.3,0,15.4,9.2,1017.9,38.6,4.4,157.3,6,0.0,0
2021,11,15,20.94,10.72,14.67,76.9,0,16.1,9.2,1016.3,40.4,4.1,164.5,7,0.0,0
2021,11,16,19.94,10.94,14.56,77.5,0,16.6,8.1,1017.5,41.8,4.3,154.2,6,0.0,0
2021,11,17,21.94,8.94,14.39,72.1,0,13.6,8.1,1020.5,48.5,4.4,172.9,7,0.0,0
2021,11,18,19.94,9.94,14.67,75.2,0,14.5,6.9,1018.8,85.2,3.3,176.8,7,0.0,0
2021,11,19,18.94,10.94,14.39,78.0,0,17.0,4.7,1016.5,77.5,3.3,137.9,6,0.0,0
2021,11,20,21.94,7.94,14.28,78.4,0,17.7,12.8,1016.3,59.6,3.7,138.3,6,0.0,0
2021,11,21,22.94,9.94,15.72,77.8,0,17.2,12.8,1016.4,34.7,4.3,170.5,7,0.0,0
2021,11,22,21.94,12.94,15.72,74.3,0,17.0,8.1,1015.8,48.4,3.9,159.3,7,0.0,0
2021,11,23,19.94,9.94,14.17,79.7,0,16.3,6.9,1016.8,40.2,2.9,142.0,6,0.0,0
2021,11,24,20.94,10.33,14.61,77.5,0,14.1,11.4,1018.8,44.5,2.7,86.3,4,0.0,0
2021,11,25,25.06,9.94,13.94,82.4,100,15.2,8.1,1018.8,39.8,2.3,120.2,5,0.0,0
2021,11,26,16.94,9.94,13.22,83.0,0,12.5,5.8,1019.6,72.2,2.8,86.0,3,0.0,0
2021,11,27,19.94,8.94,13.33,79.6,0,12.1,6.9,1021.0,43.3,2.6,123.6,4,0.0,0
2021,11,28,20.94,7.94,13.22,79.5,0,15.9,9.2,1021.8,25.0,2.9,155.5,6,0.0,0
2021,11,29,19.94,7.67,13.17,73.3,0,16.3,10.3,1020.5,34.9,3.4,179.4,7,0.0,0
2021,11,30,19.94,7.94,13.11,77.0,0,13.4,9.2,1021.8,49.1,3.8,158.8,6,0.0,0
2021,12,1,21.94,7.94,13.72,70.1,0,13.6,10.3,1021.8,41.2,4.0,145.6,6,0.0,0
2021,12,2,20.94,8.94,14.39,69.3,0,15.7,10.3,1021.0,77.2,4.0,145.3,6,0.0,0
2021,12,3,19.94,11.94,14.94,75.4,0,15.7,9.2,1022.0,83.3,3.9,93.4,4,0.0,0
2021,12,4,21.94,10.94,14.33,85.3,100,16.8,10.3,1021.2,56.3,3.2,171.6,7,0.0,0
2021,12,5,21.94,11.94,15.72,79.2,0,14.3,8.1,1021.8,49.7,4.3,156.8,7,0.0,0
2021,12,6,28.67,10.22,15.56,79.8,100,15.9,4.5,1017.4,28.9,4.0,151.5,6,0.0,0
2021,12,7,19.94,9.17,14.22,72.9,0,19.9,11.4,1019.3,29.7,5.1,165.8,7,0.0,0
2021,12,8,19.94,6.94,12.89,71.8,0,16.8,9.2,1022.2,25.0,4.4,176.5,7,0.0,0
2021,12,9,19.94,6.94,12.89,73.3,0,15.9,9.2,1023.8,34.4,3.9,177.2,7,0.0,0
2021,12,10,18.94,7.94,12.39,75.4,0,19.2,10.3,1022.4,30.8,4.2,173.7,7,0.0,0
2021,12,11,18.94,5.94,11.72,73.3,0,15.2,8.1,1021.5,25.0,3.7,176.7,7,0.0,0
2021,12,12,17.94,5.94,11.11,72.6,0,15.0,5.8,1023.1,31.3,3.8,146.6,6,0.0,0
2021,12,13,18.94,3.94,10.83,67.8,0,14.5,9.2,1022.0,31.3,4.0,155.6,6,0.0,0
2021,12,14,19.94,4.94,11.06,70.2,0,14.5,9.2,1020.8,26.0,4.0,170.1,6,0.0,0
2021,12,15,16.94,4.94,10.22,74.6,0,16.3,9.2,1020.0,51.8,3.8,170.9,6,0.0,0
2021,12,16,18.94,3.94,10.0,68.5,0,16.3,8.1,1020.6,25.0,3.8,174.4,7,0.0,0
2021,12,17,18.94,3.94,9.94,64.5,0,17.7,12.8,1020.4,26.0,3.9,171.3,7,0.0,0
2021,12,18,17.94,2.94,9.67,67.8,0,16.6,5.8,1019.8,27.1,3.5,155.5,6,0.0,0
2021,12,19,16.94,3.94,9.44,73.5,0,19.2,9.2,1019.9,25.1,3.7,159.7,6,0.0,0
2021,12,20,16.94,3.94,9.22,73.4,0,18.3,9.2,1020.6,24.1,3.4,164.8,7,0.0,0
2021,12,21,17.94,2.94,9.67,70.3,0,14.8,10.3,1019.8,42.8,3.7,161.9,6,0.0,0
2021,12,22,17.94,2.94,9.39,71.3,0,16.3,9.2,1017.9,26.0,3.9,173.3,7,0.0,0
2021,12,23,16.94,3.94,9.5,70.0,0,14.5,8.1,1017.7,22.9,3.9,177.5,7,0.0,0
2021,12,24,17.94,3.94,9.78,75.9,0,14.5,10.3,1018.0,27.9,3.7,158.2,6,0.0,0
2021,12,25,15.94,4.94,9.67,79.6,0,14.1,8.1,1019.0,39.6,3.2,138.2,6,0.0,0
2021,12,26,15.94,4.94,9.67,77.4,0,13.6,8.1,1021.5,53.3,3.1,116.1,5,0.0,0
2021,12,27,15.94,5.94,9.94,77.7,0,14.8,8.1,1022.3,42.8,2.7,134.1,5,0.0,0
2021,12,28,14.94,3.94,9.39,78.8,0,13.9,5.8,1021.9,72.3,2.2,96.3,4,0.0,0
2021,12,29,9.94,6.94,7.78,98.6,100,30.6,8.1,1021.7,90.5,2.5,28.8,2,0.0,0
2021,12,30,12.94,5.94,8.67,90.8,100,15.7,3.4,1024.7,74.4,3.0,140.3,5,8.4,1
2021,12,31,14.94,4.94,8.39,84.9,0,16.6,8.1,1024.2,45.3,2.4,153.4,6,0.0,0
2022,1,1,16.94,3.94,9.39,80.3,0,14.8,8.1,1023.8,37.5,3.2,163.7,6,0.0,0
2022,1,2,17.94,3.94,10.22,77.8,0,15.4,6.9,1022.3,31.3,3.4,159.9,7,0.0,0
2022,1,3,17.94,4.94,10.39,76.1,0,15.2,8.1,1020.6,28.7,3.5,154.8,6,0.0,0
2022,1,4,17.94,4.94,10.33,76.0,0,13.9,9.2,1020.6,33.4,3.3,152.7,6,0.0,0
2022,1,5,16.94,5.94,10.89,82.0,0,14.5,9.2,1020.6,55.4,3.0,127.0,5,0.0,0
2022,1,6,17.94,7.94,12.44,78.2,0,16.1,11.4,1020.3,81.8,3.5,140.2,5,0.0,0
2022,1,7,16.94,9.94,12.89,79.4,0,15.0,10.3,1021.3,83.3,3.3,113.6,5,0.0,0
2022,1,8,16.94,7.94,12.56,78.5,0,15.4,9.2,1021.4,85.0,3.3,101.1,6,0.0,0
2022,1,9,17.94,7.94,12.56,76.9,0,20.1,9.2,1019.0,71.7,3.5,147.0,7,0.0,0
2022,1,10,19.94,8.94,13.0,77.5,0,14.8,10.3,1019.5,61.5,3.7,138.1,6,0.0,0
2022,1,11,17.94,6.94,12.06,78.6,0,15.9,6.9,1019.8,49.6,3.5,158.2,6,0.0,0
2022,1,12,16.94,7.94,10.94,77.8,0,15.2,10.3,1018.7,65.9,3.4,132.4,6,0.0,0
2022,1,13,15.94,5.94,10.22,80.1,100,14.8,8.1,1018.5,52.2,4.2,145.0,6,3.0,1
2022,1,14,16.94,4.94,9.67,83.0,0,15.0,8.1,1019.4,44.9,3.2,153.1,6,0.0,0
2022,1,15,16.94,6.94,10.0,82.8,0,17.9,10.3,1019.6,45.5,3.4,171.4,7,0.0,0
2022,1,16,17.94,3.94,10.06,78.6,0,13.0,9.2,1021.1,26.0,3.2,173.8,7,0.0,0
2022,1,17,17.94,5.94,10.67,77.3,0,14.8,8.1,1022.4,66.4,3.2,176.6,7,0.0,0
2022,1,18,17.94,4.94,10.83,71.2,0,11.6,10.3,1019.8,42.8,3.7,149.3,6,0.0,0
2022,1,19,17.94,4.94,11.06,69.3,0,13.4,11.4,1017.1,51.2,3.9,191.2,7,0.0,0
2022,1,20,12.94,5.17,9.39,82.9,100,13.2,5.8,1014.6,88.8,3.1,137.4,6,0.3,1
2022,1,21,14.94,6.94,9.56,83.3,100,13.0,11.4,1014.5,75.4,3.7,147.9,6,1.8,1
2022,1,22,12.94,4.94,8.89,85.1,0,14.5,6.9,1013.8,69.6,3.1,143.7,6,0.0,0
2022,1,23,12.94,4.94,9.39,83.3,100,13.9,9.2,1014.7,73.3,2.8,138.8,5,0.0,0
2022,1,24,13.94,5.94,10.0,80.8,0,14.3,8.1,1015.4,77.5,2.5,121.9,5,0.0,0
2022,1,25,15.94,4.94,9.72,77.8,100,15.2,10.3,1015.4,64.0,3.5,152.0,6,0.0,0
2022,1,26,12.94,5.94,9.0,77.2,0,19.7,13.9,1015.6,71.7,3.2,75.4,3,0.0,0
2022,1,27,13.94,4.94,8.72,74.5,0,16.3,12.8,1014.9,65.3,3.2,169.6,7,0.0,0
2022,1,28,13.94,4.94,8.5,73.3,0,17.2,12.8,1016.0,58.2,3.3,159.8,6,0.0,0
2022,1,29,15.94,2.94,8.39,73.6,0,16.6,10.3,1016.7,34.4,3.2,171.0,7,0.0,0
2022,1,30,14.94,3.94,8.61,79.2,0,15.7,15.0,1013.0,58.3,3.3,108.3,5,0.0,0
2022,1,31,16.94,3.94,9.72,71.2,0,16.1,12.8,1014.1,36.7,3.4,130.8,5,0.0,0
2022,2,1,14.94,4.94,8.72,77.6,0,16.8,11.4,1011.4,48.5,3.0,127.2,5,0.0,0
2022,2,2,13.94,3.94,8.28,82.3,0,15.0,10.3,1014.6,52.8,2.4,99.0,4,0.0,0
2022,2,3,16.94,3.94,9.78,78.9,0,15.2,5.8,1016.0,62.3,2.3,163.7,6,0.0,0
2022,2,4,8.94,4.94,6.67,93.3,100,29.8,15.0,1013.3,91.0,3.6,57.5,3,41.9,1
2022,2,5,11.94,4.94,7.5,86.5,100,15.9,9.2,1012.8,67.5,4.0,146.7,6,8.4,1
2022,2,6,14.94,3.94,8.78,80.7,0,16.3,6.9,1016.9,30.8,4.0,190.2,7,0.0,0
2022,2,7,15.94,4.94,9.72,81.5,0,16.8,10.3,1016.8,38.6,4.0,153.7,6,1.0921999999999998,1
2022,2,8,15.94,7.94,10.72,76.9,0,16.6,10.3,1016.0,68.5,3.9,107.6,4,0.0,0
2022,2,9,17.94,5.94,11.22,69.8,0,18.8,10.3,1018.2,48.0,3.8,191.2,7,0.0,0
2022,2,10,16.94,6.94,11.56,69.4,0,19.9,12.8,1017.2,44.9,4.4,203.4,7,0.0,0
2022,2,11,16.94,4.94,10.22,72.9,0,17.2,15.0,1015.5,39.1,4.1,178.8,7,0.0,0
2022,2,12,18.94,4.94,10.78,73.7,0,15.9,4.7,1015.7,24.4,4.2,212.0,8,0.0,0
2022,2,13,17.94,6.94,11.22,76.2,0,14.5,9.2,1016.2,37.6,3.8,123.8,5,0.0,0
2022,2,14,18.94,5.94,11.61,77.4,0,17.2,12.8,1016.4,38.3,2.9,199.7,8,0.0,0
2022,2,15,18.94,7.94,12.56,73.4,0,17.2,9.2,1015.9,37.5,3.6,189.9,7,0.0,0
2022,2,16,17.94,6.33,11.89,72.7,100,19.0,11.4,1013.3,26.0,3.5,204.0,8,0.0,0
2022,2,17,19.94,5.94,11.83,68.3,0,17.4,9.2,1013.1,25.9,3.8,192.9,7,0.0,0
2022,2,18,18.94,5.94,12.11,72.3,0,18.8,8.1,1014.9,27.9,3.5,195.7,7,0.0,0
2022,2,19,17.94,8.94,12.56,69.3,0,19.9,12.8,1014.4,56.4,3.5,202.1,7,0.0,0
2022,2,20,16.94,5.94,10.56,69.7,0,20.8,19.7,1009.7,45.8,3.8,158.5,7,0.0,0
2022,2,21,15.94,4.94,9.94,72.0,100,15.9,15.0,1011.4,44.9,4.0,200.5,7,1.8,1
2022,2,22,16.94,5.94,11.0,73.3,0,17.9,12.8,1017.9,45.2,3.6,186.7,7,0.0,0
2022,2,23,19.94,6.94,12.89,71.3,0,18.1,11.4,1021.1,31.8,3.2,222.0,8,0.0,0
2022,2,24,20.94,7.94,13.89,68.2,0,16.8,9.2,1020.2,36.5,3.7,222.3,8,0.0,0
2022,2,25,17.94,8.94,13.0,68.9,100,17.0,13.9,1021.0,76.0,3.5,181.4,8,0.0,0
2022,2,26,19.94,6.94,13.61,61.1,0,18.6,11.4,1022.0,27.6,4.4,227.4,8,0.0,0
2022,2,27,20.94,7.94,13.89,61.7,0,18.6,15.0,1020.5,40.7,4.4,226.5,8,0.0,0
2022,2,28,20.94,6.94,13.89,64.3,0,18.6,36.9,1018.7,28.7,4.2,247.4,9,0.0,0
2022,3,1,21.94,7.94,14.56,69.7,0,16.1,10.3,1020.4,26.0,3.9,233.6,8,0.0,0
2022,3,2,21.94,8.94,14.72,68.5,0,22.8,15.0,1020.3,25.0,3.9,233.6,8,0.0,0
2022,3,3,22.94,8.94,15.0,68.2,0,23.0,17.2,1019.5,27.1,4.2,246.8,9,0.0,0
2022,3,4,22.94,8.94,15.72,60.2,0,23.0,11.4,1018.1,28.9,4.4,253.8,9,0.0,0
2022,3,5,22.94,8.94,15.72,60.8,0,21.0,12.8,1016.9,25.0,4.4,255.2,9,0.0,0
2022,3,6,23.94,9.94,16.5,67.2,0,17.0,8.1,1019.0,24.0,3.8,262.4,9,0.0,0
2022,3,7,26.94,10.94,18.06,64.6,0,17.9,13.9,1020.6,32.8,3.9,253.4,9,0.0,0
2022,3,8,26.94,10.94,18.44,57.3,0,18.6,11.4,1018.4,25.2,4.4,233.9,9,0.0,0
2022,3,9,26.94,11.94,18.67,55.6,0,17.4,12.8,1017.8,25.0,4.6,244.2,9,0.0,0
2022,3,10,24.94,11.94,18.06,64.1,0,18.8,13.9,1017.5,53.7,3.9,247.9,9,0.0,0
2022,3,11,24.94,11.94,18.22,64.0,0,18.6,11.4,1016.9,25.0,4.2,235.3,9,0.0,0
2022,3,12,25.94,10.94,18.44,61.8,0,15.4,13.9,1016.4,28.7,4.2,254.8,9,0.0,0
2022,3,13,26.94,12.94,19.11,60.4,0,15.2,10.3,1017.5,25.0,4.2,276.9,9,0.0,0
2022,3,14,27.94,12.83,20.17,58.5,0,13.9,10.3,1017.3,27.7,4.5,271.6,9,0.0,0
2022,3,15,28.94,13.94,20.78,61.4,0,15.2,13.9,1014.5,25.0,3.9,253.8,9,0.0,0
2022,3,16,26.94,13.94,20.22,69.2,100,14.8,13.9,1013.2,35.5,3.7,233.5,7,4.6,1
2022,3,17,27.94,14.94,20.89,66.8,100,14.3,12.8,1015.9,30.2,3.8,275.8,9,4.6,1
2022,3,18,31.06,14.94,21.5,63.4,0,14.3,9.2,1015.5,26.0,3.7,272.8,9,0.0,0
2022,3,19,28.94,14.94,21.83,56.2,0,20.6,13.9,1014.0,25.0,4.2,260.9,8,0.0,0
2022,3,20,27.94,14.94,21.44,55.9,0,18.6,11.4,1012.7,26.8,4.1,251.2,9,0.0,0
2022,3,21,27.94,13.17,20.61,63.0,0,19.2,22.4,1012.4,32.0,3.4,228.2,8,0.0,0
2022,3,22,27.94,14.94,20.28,64.8,0,18.1,13.9,1014.3,38.9,3.6,236.2,8,0.0,0
2022,3,23,26.94,15.94,20.67,60.5,0,15.7,15.0,1014.8,53.3,3.6,236.0,8,0.0,0
2022,3,24,25.94,13.94,19.61,64.9,0,19.5,13.9,1012.0,48.3,3.7,236.9,8,0.0,0
2022,3,25,26.94,13.06,19.94,55.3,100,30.0,22.4,1011.3,26.7,4.5,277.6,10,0.3,1
2022,3,26,26.94,13.94,20.39,46.1,0,17.2,10.3,1013.5,37.0,4.1,243.2,8,0.0,0
2022,3,27,26.94,12.94,19.83,50.1,0,15.4,15.0,1016.3,42.0,3.5,285.5,10,0.0,0
2022,3,28,25.94,15.94,20.39,62.1,0,18.3,16.1,1015.2,73.5,3.0,205.1,8,0.0,0
2022,3,29,24.94,16.94,20.17,72.8,0,16.6,13.9,1014.0,83.3,2.9,228.3,7,0.0,0
2022,3,30,23.94,14.94,20.06,82.7,0,17.7,8.1,1014.4,77.3,2.4,193.9,8,0.0,0
2022,3,31,24.94,17.94,21.0,77.0,0,16.3,12.8,1014.6,69.0,2.7,145.9,6,0.0,0
2022,4,1,24.94,16.94,20.89,80.2,0,18.6,10.3,1014.4,73.8,2.7,191.6,7,0.0,0
2022,4,2,26.94,17.94,21.94,78.6,100,16.6,15.0,1017.0,72.2,2.7,202.6,8,0.0,0
2022,4,3,26.94,18.94,22.61,68.5,0,20.8,12.8,1015.6,73.8,3.3,203.8,7,0.0,0
2022,4,4,27.94,17.94,22.39,63.0,0,17.7,15.0,1014.9,47.5,3.6,250.4,9,0.0,0
2022,4,5,28.94,16.94,23.22,59.2,0,20.8,13.9,1018.3,25.0,3.8,268.1,9,0.0,0
2022,4,6,27.94,16.94,22.61,57.2,0,20.1,16.1,1018.6,39.1,3.6,272.9,10,0.0,0
2022,4,7,27.94,16.94,22.06,64.2,0,20.1,17.2,1017.9,42.5,3.8,247.4,8,0.0,0
2022,4,8,27.94,16.94,22.22,60.1,0,22.4,11.4,1015.9,36.5,3.8,244.6,9,0.0,0
2022,4,9,25.94,17.94,20.67,73.8,100,23.0,8.1,1014.8,75.1,2.9,230.1,8,1.0,1
2022,4,10,25.94,16.94,20.89,77.1,100,21.3,12.8,1013.6,78.5,2.9,206.5,8,1.3,1
2022,4,11,27.94,15.94,21.78,73.4,100,19.9,10.3,1013.1,42.8,3.9,151.8,6,0.8,1
2022,4,12,28.94,18.94,22.5,77.4,100,15.9,15.0,1013.6,68.0,3.8,201.0,7,0.0,0
2022,4,13,27.94,18.94,23.06,74.4,0,21.7,13.9,1012.0,56.4,3.7,201.7,7,0.0,0
2022,4,14,29.94,16.94,23.17,54.7,100,29.5,16.1,1011.3,37.0,4.6,291.3,10,3.0,1
2022,4,15,29.94,15.94,23.06,37.0,0,26.8,13.9,1010.8,25.0,4.8,282.7,10,0.0,0
2022,4,16,29.94,14.94,22.44,36.5,0,24.2,13.9,1010.8,26.5,4.7,296.6,10,0.0,0
2022,4,17,28.94,14.94,22.33,34.0,0,22.6,16.1,1012.5,25.0,4.6,296.0,10,0.0,0
2022,4,18,30.94,14.94,22.28,47.5,0,21.3,12.8,1014.7,27.1,3.7,312.8,10,0.0,0
2022,4,19,27.94,17.94,21.83,67.9,0,21.0,12.8,1015.8,63.3,2.8,276.7,10,0.0,0
2022,4,20,25.94,15.94,19.72,79.8,100,14.8,10.3,1015.0,71.7,3.2,196.2,7,2.3,1
2022,4,21,28.94,17.94,22.22,71.0,100,15.7,10.3,1015.2,60.1,4.1,232.5,8,0.3,1
2022,4,22,27.94,15.94,21.61,68.4,0,21.3,16.1,1015.2,51.2,4.0,227.7,9,0.0,0
2022,4,23,28.94,14.94,22.0,54.3,100,27.3,13.9,1014.5,25.0,4.6,304.1,10,1.0,1
2022,4,24,29.94,15.94,23.06,45.5,0,25.9,15.0,1012.2,25.0,3.8,307.0,10,0.0,0
2022,4,25,30.94,15.94,23.17,44.5,0,20.8,10.3,1012.3,25.2,3.3,318.7,10,0.0,0
2022,4,26,32.17,15.94,23.5,48.8,0,25.3,15.0,1012.7,30.0,3.4,289.5,10,0.0,0
2022,4,27,28.94,16.94,23.33,50.2,0,22.8,13.9,1013.3,25.1,3.7,320.7,10,0.0,0
2022,4,28,28.94,17.94,23.61,62.1,0,19.5,11.4,1015.1,39.6,3.4,302.6,10,0.0,0
2022,4,29,26.94,17.94,21.06,70.6,0,20.8,12.8,1014.2,59.1,3.6,248.7,8,1.5,1
2022,4,30,21.94,16.94,18.5,83.3,100,30.0,16.1,1013.1,78.5,3.8,228.2,9,3.0,1
2022,5,1,27.94,15.94,21.17,72.0,100,15.7,9.2,1012.5,58.5,4.1,230.1,8,0.5,1
2022,5,2,26.94,15.94,19.06,85.8,0,14.3,13.9,1013.2,82.7,3.2,174.3,8,0.2032,1
2022,5,3,25.94,13.94,20.22,77.4,100,15.7,12.8,1013.5,57.0,4.7,251.2,9,5.1,1
2022,5,4,26.94,18.94,21.06,77.9,0,16.3,10.3,1015.3,83.8,4.3,202.4,7,0.0,0
2022,5,5,25.94,14.83,20.83,75.7,100,14.3,10.3,1014.3,77.0,5.2,165.8,6,25.9,1
2022,5,6,23.94,16.06,20.44,79.5,100,18.6,11.4,1014.9,80.1,4.7,126.3,5,0.8,1
2022,5,7,26.94,16.94,20.56,79.5,0,17.2,15.0,1015.3,71.7,4.4,265.2,9,0.7111999999999999,1
2022,5,8,26.94,17.94,20.72,81.5,100,16.8,16.1,1014.8,84.8,4.4,236.0,8,1.3,1
2022,5,9,26.94,16.94,21.61,73.5,100,16.1,9.2,1014.5,74.8,4.2,280.7,9,0.0,0
2022,5,10,26.94,18.94,22.72,72.7,100,15.9,9.2,1013.9,71.1,4.0,253.5,8,23.4,1
2022,5,11,26.94,17.94,21.39,83.2,100,15.7,12.8,1012.5,73.8,4.5,252.4,8,8.9,1
2022,5,12,27.94,17.94,22.56,77.6,100,16.6,10.3,1011.4,54.8,4.6,209.5,8,0.3,1
2022,5,13,26.94,19.94,23.56,75.4,100,18.1,9.2,1007.5,65.0,4.5,252.0,8,1.5,1
2022,5,14,27.94,18.94,23.11,79.0,100,18.1,15.0,1008.4,75.3,3.9,248.7,9,5.206999999999999,1
2022,5,15,24.94,20.94,22.56,88.4,100,17.2,8.1,1010.9,86.9,3.0,206.7,6,0.0,0
2022,5,16,28.94,18.94,22.56,84.1,100,21.0,10.3,1010.8,80.6,3.7,253.2,9,0.0,0
2022,5,17,29.94,16.94,23.72,66.1,100,23.9,12.8,1010.3,31.8,4.6,302.2,9,4.3,1
2022,5,18,29.94,18.94,24.06,55.9,0,20.4,15.0,1011.8,47.2,4.7,288.5,9,0.0,0
2022,5,19,28.94,16.94,23.39,64.5,0,24.4,15.0,1011.5,41.7,4.2,272.0,8,0.0,0
2022,5,20,27.94,16.94,21.78,75.6,100,35.8,21.9,1010.7,73.8,4.4,250.6,8,6.6,1
2022,5,21,27.94,16.94,21.83,73.4,100,19.9,11.4,1006.5,47.5,4.9,222.8,8,8.4,1
2022,5,22,24.94,15.94,20.17,78.2,100,18.6,10.3,1006.7,74.8,4.8,243.4,9,7.6,1
2022,5,23,25.94,15.94,20.22,77.8,100,18.6,11.4,1009.1,61.7,4.9,248.7,8,16.5,1
2022,5,24,24.94,17.94,21.39,73.7,100,15.4,8.1,1012.3,75.3,4.6,278.8,9,0.0,0
2022,5,25,24.94,15.94,19.61,85.2,0,12.1,13.9,1013.5,81.7,3.9,196.2,7,49.8,1
2022,5,26,25.94,15.83,19.78,80.8,100,19.7,10.3,1011.2,65.5,4.3,274.1,8,41.9,1
2022,5,27,26.94,14.94,20.33,80.7,100,19.5,12.8,1009.5,50.1,4.5,263.1,9,1.5,1
2022,5,28,24.94,18.94,20.56,87.8,0,17.4,5.8,1009.2,71.2,3.7,211.2,8,3.6,1
2022,5,29,25.83,18.94,21.67,85.2,100,19.0,12.8,1008.8,80.9,3.6,191.9,7,13.6,1
2022,5,30,26.94,19.94,22.89,83.6,100,17.0,36.9,1009.9,80.1,3.7,192.9,8,1.5,1
2022,5,31,25.94,20.94,22.28,86.8,100,20.1,10.3,1010.0,77.0,3.8,226.5,7,6.9,1
2022,6,1,26.94,18.94,22.89,82.3,100,17.9,8.1,1010.0,64.5,3.9,204.2,7,0.0,0
2022,6,2,27.94,18.94,23.67,79.6,0,15.2,12.8,1009.8,65.9,3.5,187.1,8,0.0,0
2022,6,3,26.94,20.94,23.67,80.2,0,18.1,12.8,1009.1,80.1,4.1,220.6,7,8.9,1
2022,6,4,26.94,20.33,23.06,83.4,100,17.7,9.2,1009.8,83.3,3.6,266.1,8,1.0,1
2022,6,5,26.94,20.94,22.11,94.1,100,16.3,13.9,1010.4,82.7,3.1,225.4,8,17.0,1
2022,6,6,26.94,20.94,23.5,88.2,0,15.2,8.1,1009.7,84.8,3.0,200.8,7,0.0,0
2022,6,7,26.94,20.94,23.67,85.3,100,17.7,8.1,1009.3,83.3,3.5,190.1,7,0.5,1
2022,6,8,25.94,19.94,22.78,90.4,100,16.3,10.3,1008.8,83.8,3.3,181.4,8,32.5,1
2022,6,9,24.94,19.94,22.39,92.7,100,23.7,6.9,1008.1,88.5,3.2,152.5,6,8.4,1
2022,6,10,28.94,20.67,24.28,79.9,100,21.9,10.3,1008.2,88.5,3.5,216.4,7,1.0,1
2022,6,11,28.94,20.94,24.67,78.6,0,17.9,8.1,1008.7,74.8,3.7,217.5,8,0.0,0
2022,6,12,27.94,20.94,24.06,79.3,100,16.6,9.2,1009.8,76.6,4.1,197.9,7,0.0,0
2022,6,13,28.94,19.94,23.33,85.2,100,19.5,9.2,1011.2,80.1,4.1,217.3,7,5.1,1
2022,6,14,28.94,19.94,23.61,89.3,100,25.9,9.2,1009.6,90.5,3.2,215.5,8,51.6,1
2022,6,15,26.94,19.94,22.89,90.7,100,25.9,5.8,1009.0,86.4,3.4,126.0,5,54.9,1
2022,6,16,27.94,20.94,24.22,83.4,100,27.3,13.9,1009.6,83.3,3.9,100.5,4,12.7,1
2022,6,17,28.94,19.94,23.83,76.4,100,26.6,11.4,1009.3,65.3,5.1,159.2,6,6.4,1
2022,6,18,27.94,18.94,23.39,78.9,100,23.9,11.4,1009.6,74.3,4.3,122.3,4,14.5,1
2022,6,19,27.94,18.94,23.67,76.5,100,21.7,9.2,1009.2,72.1,4.8,220.0,9,26.2,1
2022,6,20,26.94,20.94,23.06,74.9,0,19.2,9.2,1007.8,81.7,4.3,202.7,7,0.0,0
2022,6,21,26.94,19.94,22.39,82.7,100,15.0,12.8,1011.9,84.8,4.1,221.1,8,25.4,1
2022,6,22,28.94,19.94,23.67,82.5,100,13.4,10.3,1011.9,82.9,4.5,210.8,7,7.6,1
2022,6,23,28.94,20.94,24.39,79.1,0,17.2,9.2,1012.5,88.0,4.6,195.4,6,6.3,1
2022,6,24,27.94,20.94,23.61,85.2,100,15.4,11.4,1010.9,88.5,3.5,204.0,7,19.1,1
2022,6,25,27.94,20.94,23.72,81.0,100,16.3,11.4,1010.1,88.0,4.0,106.0,4,3.8,1
2022,6,26,27.94,20.94,23.67,84.9,100,19.2,9.2,1012.1,84.8,3.9,156.4,7,24.1,1
2022,6,27,26.94,20.94,23.28,85.1,100,11.6,9.2,1012.3,88.5,4.1,99.5,3,13.7,1
2022,6,28,25.94,20.94,22.94,87.8,100,15.7,10.3,1009.8,88.5,3.9,106.8,6,4.1,1
2022,6,29,22.94,19.94,21.33,95.0,100,22.6,6.9,1008.7,86.9,3.9,39.9,2,89.9,1
2022,6,30,27.94,19.94,23.56,80.5,0,14.1,12.8,1009.6,83.3,4.9,99.9,3,2.4,1
2022,7,1,28.94,20.83,25.0,75.5,100,15.0,9.2,1008.6,68.5,4.8,218.9,7,10.5,1
2022,7,2,27.94,20.94,23.67,85.2,100,17.4,11.4,1008.3,85.3,4.6,118.9,5,25.2,1
2022,7,3,26.94,21.94,23.83,84.1,0,13.9,8.1,1009.1,88.0,4.5,154.8,6,32.2,1
2022,7,4,27.94,21.94,24.39,84.3,100,14.1,9.2,1009.0,81.7,4.4,197.6,7,0.5,1
2022,7,5,29.94,21.94,24.61,83.4,100,14.3,15.0,1009.8,80.1,4.7,212.5,7,0.3,1
2022,7,6,28.94,21.94,24.22,87.9,100,13.4,12.8,1013.1,83.8,4.1,179.9,7,13.0,1
2022,7,7,28.94,21.44,24.94,83.3,100,15.0,12.8,1013.3,81.6,4.4,218.8,7,11.4,1
2022,7,8,26.94,20.94,23.5,87.9,100,13.6,10.3,1011.5,87.1,3.9,171.2,7,48.3,1
2022,7,9,25.94,20.94,22.89,86.9,100,18.3,10.3,1010.5,88.0,4.3,99.7,5,8.4,1
2022,7,10,28.94,19.94,24.0,80.4,100,15.9,11.4,1010.3,79.6,5.0,225.4,8,13.2,1
2022,7,11,29.94,20.94,24.39,81.1,100,16.6,12.8,1010.7,84.8,4.6,197.5,7,2.3,1
2022,7,12,28.94,21.94,24.39,80.4,100,14.5,11.4,1010.2,81.3,4.5,229.5,8,1.5,1
2022,7,13,28.94,20.94,24.28,83.5,100,14.1,11.4,1009.0,84.8,4.8,215.6,7,4.1,1
2022,7,14,29.94,21.94,24.72,80.7,100,27.7,13.9,1009.4,79.0,4.4,213.1,7,0.8,1
2022,7,15,30.94,20.94,25.67,74.3,0,14.3,9.2,1011.3,55.3,5.1,238.3,8,5.2,1
2022,7,16,29.94,21.94,25.67,77.0,100,16.6,12.8,1011.6,73.8,4.9,238.8,8,10.2,1
2022,7,17,29.94,21.94,25.56,76.0,0,15.4,13.9,1013.2,54.3,5.3,242.0,8,6.1,1
2022,7,18,26.94,21.83,24.22,82.3,100,16.3,11.4,1011.4,89.0,4.5,186.4,8,3.8,1
2022,7,19,27.94,20.94,23.5,82.8,100,11.6,8.1,1010.0,83.7,4.3,73.5,4,3.3,1
2022,7,20,26.94,21.94,23.44,86.2,100,12.1,10.3,1010.1,88.0,4.2,113.2,5,3.0,1
2022,7,21,26.94,20.94,22.72,91.3,100,15.7,10.3,1011.9,88.0,3.9,97.6,6,45.5,1
2022,7,22,25.94,20.22,22.67,90.3,100,17.4,9.2,1013.5,89.0,4.1,105.8,4,14.7,1
2022,7,23,28.94,19.94,23.11,85.6,100,15.2,12.8,1013.7,89.0,4.9,98.4,4,25.4,1
2022,7,24,27.94,19.94,23.0,86.6,100,15.7,10.3,1013.6,90.5,4.9,115.8,4,25.1,1
2022,7,25,26.94,19.94,23.11,84.6,100,19.9,17.2,1015.2,88.5,4.9,160.7,6,6.9,1
2022,7,26,25.94,19.83,22.39,89.0,100,14.5,6.9,1015.8,88.2,4.4,106.5,4,20.6,1
2022,7,27,26.94,19.94,22.72,87.7,100,13.6,8.1,1015.1,87.4,4.1,168.8,6,43.4,1
2022,7,28,27.94,19.94,23.0,84.7,100,15.2,9.2,1015.7,90.4,4.1,152.6,7,11.7,1
2022,7,29,27.94,20.94,23.22,85.9,0,15.4,11.4,1014.3,88.0,4.5,174.0,7,22.5,1
2022,7,30,26.94,20.94,23.22,85.3,0,14.5,12.8,1012.2,88.0,4.3,153.1,6,7.4,1
2022,7,31,24.94,20.94,22.06,94.5,100,16.3,8.1,1009.2,88.0,3.9,59.8,2,37.1,1
2022,8,1,24.94,20.94,22.39,91.5,100,15.0,6.9,1009.3,88.1,3.8,127.3,6,24.1,1
2022,8,2,25.94,19.94,22.72,89.9,100,22.1,6.9,1009.9,89.0,4.6,64.0,3,9.4,1
2022,8,3,25.94,20.94,23.17,87.8,100,15.2,9.2,1012.5,88.0,4.3,184.0,7,5.1,1
2022,8,4,25.94,20.94,22.89,88.3,100,12.5,10.3,1013.4,84.8,4.0,73.1,4,3.3,1
2022,8,5,28.94,20.94,24.28,83.4,0,15.9,13.9,1011.2,81.7,4.4,216.0,8,0.0,0
2022,8,6,27.94,19.94,23.33,85.8,100,14.5,9.2,1009.1,88.9,4.3,197.1,7,38.1,1
2022,8,7,28.94,21.94,24.44,83.5,100,14.8,12.8,1009.7,77.5,4.7,176.7,9,1.3,1
2022,8,8,29.94,20.94,24.61,82.6,0,15.7,12.8,1008.6,68.1,4.7,199.2,8,2.8,1
2022,8,9,29.94,20.94,24.94,81.3,100,13.6,12.8,1008.9,74.8,4.7,200.1,8,5.3,1
2022,8,10,27.94,20.94,24.11,86.5,100,18.8,15.0,1007.7,87.4,5.0,146.0,6,76.2,1
2022,8,11,28.94,20.94,24.78,80.7,100,20.8,13.9,1010.0,67.0,4.8,205.3,8,0.5,1
2022,8,12,28.94,20.94,24.89,77.6,0,14.5,12.8,1010.0,60.1,5.1,219.7,7,0.0,0
2022,8,13,29.94,21.94,24.83,81.7,100,15.0,15.0,1009.5,80.1,4.5,189.7,8,4.1,1
2022,8,14,27.94,19.94,23.5,86.9,100,13.6,6.9,1011.9,86.4,4.3,105.7,4,32.0,1
2022,8,15,28.94,20.06,24.44,75.2,100,29.5,12.8,1013.1,50.3,5.8,203.4,7,1.0,1
2022,8,16,28.94,20.06,24.56,77.2,100,14.5,10.3,1013.5,67.1,5.3,194.5,7,0.0,0
2022,8,17,28.94,19.67,24.67,78.4,100,16.8,12.8,1012.2,79.4,4.7,210.0,7,0.0,0
2022,8,18,29.94,21.94,25.33,79.3,100,15.9,12.8,1009.6,75.8,4.8,244.4,9,1.5,1
2022,8,19,28.94,20.94,23.67,83.3,100,14.8,13.9,1011.1,88.0,4.9,103.3,4,24.9,1
2022,8,20,28.94,19.94,23.33,84.2,100,14.3,10.3,1011.5,88.0,4.8,194.0,8,37.1,1
2022,8,21,28.94,20.06,24.72,76.8,100,20.1,13.9,1010.2,66.4,5.4,225.4,8,0.0,0
2022,8,22,28.94,19.94,24.61,75.0,0,19.0,15.0,1009.9,50.8,5.6,210.5,8,0.0,0
2022,8,23,29.94,21.56,23.94,82.8,100,15.7,9.2,1012.0,73.8,4.3,181.9,8,29.2,1
2022,8,24,28.94,20.94,24.22,82.0,100,14.3,16.1,1015.3,69.6,4.9,188.4,7,3.3,1
2022,8,25,29.94,20.94,24.78,78.1,0,14.1,12.8,1013.1,62.2,5.4,210.9,7,0.0,0
2022,8,26,26.94,20.67,24.11,80.8,100,15.7,9.2,1011.5,83.2,4.9,190.1,8,0.3,1
2022,8,27,28.94,22.94,24.28,80.4,0,14.1,15.0,1010.9,88.0,4.3,129.9,5,0.0,0
2022,8,28,25.94,20.83,22.72,87.0,100,14.8,6.9,1012.2,88.6,4.2,82.4,5,30.5,1
2022,8,29,27.94,19.94,23.89,78.1,100,14.3,9.2,1016.0,62.1,5.0,91.1,5,3.6,1
2022,8,30,27.94,19.94,24.39,79.8,100,14.5,9.2,1015.5,87.4,5.2,154.5,6,0.0,0
2022,8,31,24.94,20.94,23.11,85.0,100,13.9,9.2,1014.3,88.0,4.3,137.3,5,1.8,1
2022,9,1,26.94,20.94,23.06,84.2,100,14.5,8.1,1015.0,84.8,4.3,35.7,1,0.0,0
2022,9,2,25.94,19.94,22.83,82.5,100,12.8,10.3,1015.3,85.3,4.7,71.3,3,1.0,1
2022,9,3,28.67,19.83,23.61,80.3,100,19.2,9.2,1011.2,87.3,4.7,168.5,7,0.5,1
2022,9,4,27.94,20.17,23.44,81.5,100,16.3,12.8,1011.1,85.8,4.1,152.2,6,16.5,1
2022,9,5,27.94,20.94,23.89,80.1,100,16.6,11.4,1012.8,84.8,4.3,184.5,7,0.3,1
2022,9,6,28.94,20.94,23.89,79.9,100,14.8,11.4,1014.3,88.0,4.5,194.7,7,3.0,1
2022,9,7,26.94,19.94,22.33,89.6,100,15.7,9.2,1016.4,89.5,4.0,142.7,6,40.4,1
2022,9,8,24.94,19.78,21.89,89.7,100,14.1,8.1,1017.8,82.9,3.7,152.4,6,1.5,1
2022,9,9,26.94,19.94,21.94,88.9,0,12.3,8.1,1018.1,81.2,3.8,138.8,6,9.9,1
2022,9,10,26.94,18.72,22.17,84.8,100,15.4,8.1,1017.1,88.0,4.7,169.4,7,14.5,1
2022,9,11,26.94,19.78,22.0,88.7,100,14.8,11.4,1014.3,85.0,4.2,198.8,7,5.3,1
2022,9,12,27.94,19.17,22.89,82.0,100,20.4,11.4,1012.4,79.4,4.3,137.9,7,0.3,1
2022,9,13,24.94,19.94,22.22,83.7,100,17.0,9.2,1013.9,88.0,4.4,100.9,5,5.1,1
2022,9,14,24.94,18.94,21.72,86.8,100,17.9,17.9,1015.1,86.4,4.8,114.6,4,9.4,1
2022,9,15,24.94,19.33,21.67,89.5,100,13.9,6.9,1013.2,88.9,4.5,93.8,7,20.1,1
2022,9,16,25.94,19.06,21.72,89.5,100,13.4,11.4,1010.2,89.0,4.7,84.0,5,3.3,1
2022,9,17,23.94,19.22,21.61,90.5,100,18.3,11.2,1011.4,89.0,4.3,69.5,3,7.6,1
2022,9,18,26.94,19.67,23.11,84.4,100,17.9,13.4,1013.3,81.1,4.6,134.9,7,0.0,0
2022,9,19,27.94,19.94,22.89,84.9,100,15.9,13.4,1014.8,78.0,4.4,190.9,8,0.3,1
2022,9,20,27.94,18.72,22.67,85.9,100,15.0,11.4,1014.0,84.6,4.3,193.7,7,0.3,1
2022,9,21,27.94,20.94,23.33,83.7,100,17.0,13.9,1014.5,74.0,4.5,177.8,8,0.3,1
2022,9,22,27.94,19.94,23.17,81.4,0,15.4,12.8,1014.5,68.5,5.0,205.5,8,6.6,1
2022,9,23,26.94,19.94,23.17,83.6,100,13.9,11.4,1013.7,86.1,4.3,153.1,6,16.3,1
2022,9,24,26.94,19.78,22.83,80.4,100,13.0,12.8,1013.6,85.1,4.2,144.7,6,6.8,1
2022,9,25,25.94,19.33,22.22,83.5,100,15.2,15.0,1014.7,87.2,4.5,166.3,6,20.8,1
2022,9,26,24.94,19.94,22.22,81.3,0,16.8,10.3,1015.9,80.6,4.3,126.9,5,5.8,1
2022,9,27,26.94,17.94,22.28,79.4,100,14.8,12.8,1013.9,71.3,4.3,201.1,7,0.0,0
2022,9,28,26.94,17.94,22.28,81.6,100,15.4,10.3,1013.3,53.6,4.8,175.1,7,1.4,1
2022,9,29,27.94,18.94,22.67,78.3,100,14.3,12.8,1013.6,64.6,4.8,200.9,7,0.7,1
2022,9,30,26.94,17.33,22.44,80.7,0,17.4,11.4,1014.0,80.4,4.4,214.7,8,12.6,1
2022,10,1,26.94,18.67,22.61,79.9,0,15.7,8.9,1013.3,76.1,4.3,203.4,7,0.0,0
2022,10,2,28.94,19.94,23.22,74.3,0,15.7,12.8,1013.3,64.5,4.9,224.5,8,0.0,0
2022,10,3,28.94,18.94,22.56,79.2,100,26.4,13.9,1014.8,48.1,4.5,201.3,8,34.0,1
2022,10,4,22.94,19.06,20.72,90.6,100,16.8,8.1,1016.8,90.0,4.2,64.2,4,16.8,1
2022,10,5,22.94,18.67,20.11,90.0,100,20.4,10.3,1018.2,91.5,4.2,47.3,2,53.2,1
2022,10,6,18.94,17.94,18.5,97.2,100,12.5,8.1,1019.0,95.5,3.7,40.9,2,47.8,1
2022,10,7,25.94,17.94,19.72,91.7,100,16.6,9.2,1019.0,86.3,4.5,138.6,6,9.4,1
2022,10,8,25.94,17.94,21.17,82.7,100,17.4,12.8,1018.5,65.0,4.8,131.6,6,1.3,1
2022,10,9,26.94,17.06,21.22,81.5,0,19.5,10.3,1018.8,73.8,5.2,202.2,8,0.0,0
2022,10,10,24.94,18.94,21.33,82.1,0,17.4,11.4,1019.8,86.4,4.6,157.9,7,0.0,0
2022,10,11,23.94,16.94,19.94,83.5,100,16.8,9.2,1017.3,74.3,4.4,185.4,7,0.3,1
2022,10,12,25.94,16.33,20.61,82.3,100,16.1,10.3,1016.8,67.8,5.2,117.8,5,6.0,1
2022,10,13,25.94,16.94,20.89,78.0,100,15.2,10.3,1017.9,80.0,4.9,155.6,6,0.5,1
2022,10,14,24.94,16.94,20.28,76.8,100,15.9,10.3,1018.1,50.1,5.2,197.1,8,0.5,1
2022,10,15,25.94,16.94,20.39,78.1,0,15.0,8.1,1017.7,55.1,5.3,184.8,7,0.0,0
2022,10,16,25.94,15.94,20.33,69.2,0,16.3,11.4,1020.2,39.7,5.1,193.1,8,0.0,0
2022,10,17,25.94,13.94,19.22,58.9,0,15.4,8.1,1020.2,25.0,5.4,225.3,8,0.0,0
2022,10,18,24.94,12.94,18.06,69.5,0,17.0,8.1,1018.6,28.7,5.2,219.7,8,0.0,0
2022,10,19,22.94,12.94,17.72,73.3,0,14.3,10.3,1018.5,40.5,4.3,179.0,7,0.0,0
2022,10,20,23.94,12.94,17.89,71.1,0,13.4,10.3,1021.0,33.3,4.7,187.6,6,0.0,0
2022,10,21,25.17,12.94,18.22,71.8,0,14.3,9.2,1022.2,25.2,4.5,217.1,8,0.0,0
2022,10,22,24.94,12.94,18.28,65.2,0,14.8,13.9,1023.1,26.5,4.9,204.5,8,0.0,0
2022,10,23,25.94,11.44,18.56,60.0,0,13.9,9.2,1022.0,32.9,5.2,212.7,8,0.0,0
2022,10,24,25.94,11.06,18.44,64.3,0,18.1,10.3,1015.9,33.2,5.2,217.9,8,0.0,0
2022,10,25,23.94,12.94,18.22,66.4,0,17.2,13.9,1014.1,33.4,5.2,222.5,8,0.0,0
2022,10,26,23.94,12.94,17.78,65.7,0,16.1,9.2,1019.2,35.0,5.2,171.4,6,0.0,0
2022,10,27,22.94,13.17,17.5,79.0,100,15.2,12.8,1019.3,61.7,4.4,146.0,6,0.0,0
2022,10,28,22.94,11.83,17.44,77.1,100,14.8,9.2,1019.4,45.3,4.1,157.7,6,0.0,0
2022,10,29,23.94,12.56,17.67,74.0,0,12.8,9.2,1020.1,46.3,4.5,167.5,7,0.0,0
2022,10,30,24.94,11.94,17.72,70.6,0,13.6,10.3,1020.6,25.0,5.0,186.0,7,0.0,0
2022,10,31,23.94,11.94,17.44,72.0,0,14.5,9.2,1020.4,23.5,4.3,207.7,8,0.0,0
2022,11,1,23.94,11.94,17.33,72.5,0,15.7,9.2,1020.6,23.1,4.5,206.4,8,0.0,0
2022,11,2,22.94,11.94,16.89,72.3,0,16.1,9.2,1018.8,25.0,4.8,208.3,8,0.0,0
2022,11,3,23.94,10.94,16.61,66.7,0,14.8,9.2,1018.3,24.1,5.1,187.8,7,0.0,0
2022,11,4,22.94,11.94,16.83,71.8,0,13.6,8.9,1020.3,27.6,4.3,192.6,7,0.0,0
2022,11,5,23.94,11.72,17.11,71.7,0,14.5,9.2,1022.5,23.0,4.4,200.3,7,0.0,0
2022,11,6,22.94,11.94,16.78,75.2,0,14.5,9.2,1022.7,25.0,4.3,162.4,6,0.0,0
2022,11,7,21.94,12.28,16.61,79.0,0,15.0,10.3,1021.4,44.5,4.5,175.4,6,0.0,0
2022,11,8,21.94,12.06,16.56,75.3,0,14.5,8.1,1021.5,77.8,4.1,145.0,5,0.0,0
2022,11,9,22.94,12.94,17.22,70.3,0,15.2,9.2,1021.5,60.1,4.1,136.2,6,0.0,0
2022,11,10,21.94,11.94,16.72,72.3,100,13.9,10.3,1021.4,45.3,4.1,129.3,6,0.0,0
2022,11,11,22.94,11.94,16.22,73.5,0,15.4,9.2,1020.5,37.4,4.1,167.8,6,0.0,0
2022,11,12,21.94,9.94,15.28,72.7,0,16.6,10.3,1019.9,25.0,4.3,182.5,7,0.0,0
2022,11,13,20.94,8.94,14.28,73.0,0,15.0,9.2,1019.3,24.3,4.4,174.2,7,0.0,0
2022,11,14,20.94,9.94,14.61,75.5,0,15.7,10.3,1020.4,37.2,3.6,173.3,7,0.0,0
2022,11,15,21.94,9.94,14.89,75.3,0,15.7,9.2,1019.2,32.3,3.4,172.1,7,0.0,0
2022,11,16,21.94,10.94,15.06,76.8,0,14.3,6.9,1017.9,27.1,3.7,143.5,6,0.0,0
2022,11,17,19.94,9.94,14.33,77.0,0,15.9,6.9,1017.1,42.2,3.6,151.0,6,0.0,0
2022,11,18,19.94,10.94,14.83,76.7,0,14.1,9.2,1019.9,40.7,3.3,170.3,7,0.0,0
2022,11,19,22.94,9.94,15.06,72.9,0,15.0,8.1,1020.6,24.1,3.5,176.8,7,0.0,0
2022,11,20,21.94,9.94,15.0,73.9,0,16.8,9.2,1019.1,25.0,3.9,186.5,7,0.0,0
2022,11,21,21.94,8.94,14.5,73.0,0,18.8,11.4,1017.1,23.0,4.5,187.2,7,0.0,0
2022,11,22,21.94,8.94,14.11,72.3,0,16.1,9.2,1017.2,24.5,4.5,179.4,7,0.0,0
2022,11,23,20.94,7.83,13.83,75.2,0,16.3,8.1,1017.6,27.1,4.1,173.4,7,0.0,0
2022,11,24,20.94,9.94,14.33,75.0,100,13.9,8.1,1018.4,38.0,4.2,168.3,7,0.0,0
2022,11,25,23.94,8.94,15.06,69.5,0,15.4,9.2,1020.6,23.1,4.2,184.0,7,0.0,0
2022,11,26,22.94,8.67,15.0,71.1,0,15.7,9.2,1017.7,24.2,4.7,184.5,7,0.0,0
2022,11,27,21.94,9.94,14.67,72.3,0,13.6,8.1,1015.9,28.9,4.8,147.3,6,0.0,0
2022,11,28,20.94,9.94,14.0,76.7,0,14.8,8.1,1017.6,31.3,3.8,152.0,6,0.0,0
2022,11,29,20.94,8.94,14.39,74.7,0,15.9,9.2,1019.5,24.0,3.7,173.0,7,0.0,0
2022,11,30,20.94,8.94,13.94,75.5,0,15.7,8.1,1020.4,39.0,4.0,170.5,7,0.0,0
2022,12,1,20.94,7.94,13.67,72.2,0,15.2,8.1,1019.0,28.9,4.6,170.1,6,0.0,0
2022,12,2,21.94,7.94,13.61,71.9,0,13.6,8.1,1019.0,25.0,4.6,160.2,6,0.0,0
2022,12,3,20.94,7.94,13.44,72.6,0,14.5,8.1,1019.3,25.0,4.3,170.5,7,0.0,0
2022,12,4,20.94,7.94,13.22,74.3,0,16.3,8.1,1019.4,25.0,4.1,174.4,7,0.0,0
2022,12,5,20.94,7.94,13.39,74.0,0,15.7,9.2,1020.3,31.2,4.8,144.7,6,0.0,0
2022,12,6,20.94,6.94,12.94,72.1,0,15.7,6.9,1018.6,25.0,4.2,149.4,6,0.0,0
2022,12,7,19.94,7.94,12.72,73.9,0,16.1,13.9,1017.7,33.9,4.3,155.5,7,0.0,0
2022,12,8,20.94,6.94,12.94,71.6,0,14.1,8.1,1019.2,33.1,4.6,154.0,6,0.0,0
2022,12,9,20.94,6.94,12.89,72.5,100,16.6,9.2,1018.6,29.3,4.4,158.1,6,0.0,0
2022,12,10,19.94,6.94,12.56,73.6,0,16.1,6.9,1018.7,25.0,4.0,169.0,6,0.0,0
2022,12,11,20.94,6.94,12.72,69.6,0,16.1,10.3,1017.8,22.9,4.1,171.5,7,0.0,0
2022,12,12,20.94,5.94,12.56,70.1,0,16.3,6.9,1016.9,26.3,3.9,174.4,7,0.0,0
2022,12,13,21.94,5.94,12.33,72.1,0,17.7,10.3,1017.5,25.0,3.9,172.8,7,0.0,0
2022,12,14,19.94,6.94,11.94,76.1,0,15.9,10.3,1017.5,37.6,3.3,150.7,6,0.0,0
2022,12,15,17.94,8.94,12.67,73.9,100,14.8,9.2,1016.5,44.3,3.4,112.5,4,0.0,0
2022,12,16,19.94,8.94,13.22,77.2,0,14.5,10.3,1016.3,53.1,3.3,127.8,5,0.0,0
2022,12,17,19.94,7.94,12.89,76.1,100,13.4,8.1,1018.7,51.6,2.8,96.3,4,0.8,1
2022,12,18,20.94,7.94,13.06,75.2,100,12.3,10.3,1019.5,40.8,3.3,96.0,4,0.0,0
2022,12,19,19.94,7.94,12.5,74.8,0,11.9,10.3,1017.8,36.0,3.9,96.7,4,0.0,0
2022,12,20,19.94,6.94,12.17,74.2,0,13.6,9.2,1016.4,32.3,4.0,118.8,5,0.0,0
2022,12,21,19.94,6.94,12.39,77.0,100,17.4,9.2,1017.2,32.3,3.9,137.5,6,0.0,0
2022,12,22,18.94,6.94,11.39,80.5,0,18.8,9.2,1016.4,43.4,3.3,164.8,7,0.0,0
2022,12,23,18.94,5.94,11.28,72.7,0,17.4,6.9,1016.8,25.0,3.9,162.3,6,0.0,0
2022,12,24,18.94,5.94,11.33,68.2,0,17.4,6.9,1017.8,33.0,3.7,145.0,7,0.0,0
2022,12,25,19.94,4.94,11.0,64.6,0,17.4,9.2,1018.3,25.0,4.0,175.6,7,0.0,0
2022,12,26,17.94,5.94,11.0,66.9,0,17.0,8.1,1020.0,40.7,4.3,163.4,7,0.0,0
2022,12,27,18.94,4.94,10.56,63.9,0,17.9,11.4,1017.2,25.7,4.3,171.8,6,0.0,0
2022,12,28,17.94,3.94,9.56,68.5,0,15.2,11.4,1017.3,25.0,3.6,140.5,6,0.0,0
2022,12,29,15.94,4.83,9.33,73.7,0,13.0,6.9,1020.3,32.2,2.7,90.6,4,0.0,0
2022,12,30,16.94,4.94,9.56,75.2,0,13.9,9.2,1022.2,32.2,2.6,113.5,4,0.0,0
2022,12,31,15.94,3.94,9.33,75.1,0,14.8,10.3,1020.9,41.8,2.7,100.3,5,0.0,0
2023,1,1,15.94,4.94,9.67,76.4,0,14.3,8.1,1022.3,27.1,2.9,76.6,3,0.0,0
2023,1,2,15.94,5.94,10.33,76.5,0,15.4,9.2,1022.9,39.5,2.9,125.9,5,0.0,0
2023,1,3,16.94,4.94,9.89,75.0,0,16.8,9.2,1023.1,25.0,2.7,151.7,7,0.0,0
2023,1,4,16.06,5.94,9.78,72.4,100,15.0,10.3,1022.5,46.9,3.4,140.2,6,0.0,0
2023,1,5,17.94,3.94,9.67,66.8,0,13.2,9.2,1024.2,25.2,3.9,160.3,6,0.0,0
2023,1,6,19.94,2.94,10.39,62.1,0,17.0,9.2,1025.1,25.0,3.7,176.5,7,0.0,0
2023,1,7,20.94,2.94,10.89,56.0,0,14.8,12.8,1023.4,25.0,4.4,188.0,7,0.0,0
2023,1,8,20.94,2.94,10.94,52.6,0,13.2,8.1,1022.2,25.0,4.4,188.3,7,0.0,0
2023,1,9,20.94,3.94,11.22,53.6,0,11.9,8.1,1022.9,25.0,4.6,187.8,7,0.0,0
2023,1,10,19.94,4.94,11.39,58.1,0,16.1,8.1,1020.3,31.9,4.3,183.7,7,0.0,0
2023,1,11,18.94,4.94,10.78,62.1,0,15.7,13.9,1017.9,25.0,4.4,185.6,7,0.0,0
2023,1,12,18.94,4.94,10.89,64.2,0,15.7,11.4,1016.0,32.4,4.3,183.2,7,0.0,0
2023,1,13,17.94,4.94,10.94,68.8,0,21.0,11.4,1016.9,25.0,4.5,181.7,7,0.0,0
2023,1,14,17.94,4.94,10.72,63.0,0,21.5,13.9,1016.3,24.1,4.7,182.7,7,0.0,0
2023,1,15,17.94,3.94,9.83,69.5,0,18.8,10.3,1014.8,25.0,3.8,161.0,6,0.0,0
2023,1,16,15.94,4.94,9.39,75.2,0,17.7,9.2,1016.5,40.2,2.9,149.2,6,0.0,0
2023,1,17,15.94,4.94,9.5,73.3,0,17.7,8.1,1016.9,35.0,2.8,153.2,7,0.0,0
2023,1,18,15.94,4.94,9.22,69.0,0,18.1,8.1,1019.1,35.5,3.1,169.1,7,0.0,0
2023,1,19,14.94,3.94,8.72,72.3,0,17.7,11.4,1020.6,31.8,2.5,138.9,5,0.0,0
2023,1,20,18.94,3.94,10.0,72.4,0,20.8,11.4,1020.0,33.5,2.4,182.1,7,0.0,0
2023,1,21,19.94,4.67,11.0,61.2,0,21.9,17.2,1018.8,31.7,3.8,199.0,7,0.0,0
2023,1,22,18.94,3.94,11.0,50.9,0,23.5,16.1,1019.2,24.1,4.5,200.4,7,0.0,0
2023,1,23,20.94,3.94,11.89,51.0,0,25.3,12.8,1018.5,25.0,4.5,201.5,8,0.0,0
2023,1,24,20.94,4.94,12.39,58.2,0,26.4,18.3,1019.6,25.0,4.1,195.6,7,0.0,0
2023,1,25,20.94,6.94,13.39,64.3,0,23.0,15.0,1019.5,31.3,3.4,193.3,7,0.0,0
2023,1,26,20.94,8.94,14.06,62.2,0,24.4,12.8,1019.1,61.7,3.9,192.9,7,0.0,0
2023,1,27,21.94,5.94,13.39,59.8,0,26.6,11.4,1018.6,28.1,4.3,207.8,8,0.0,0
2023,1,28,20.94,4.94,12.56,55.4,0,18.6,10.3,1017.2,25.0,4.6,203.0,8,0.0,0
2023,1,29,20.94,5.94,12.83,60.7,0,16.3,8.1,1019.4,31.8,3.9,196.9,7,0.0,0
2023,1,30,19.94,8.94,13.39,67.6,0,16.1,5.8,1021.9,83.8,2.6,182.4,7,0.0,0
2023,1,31,22.94,8.94,15.06,59.9,0,21.9,11.4,1018.8,53.8,3.4,198.3,7,0.0,0
2023,2,1,21.94,6.94,13.83,55.9,0,21.3,11.4,1017.0,28.8,4.2,208.8,8,0.0,0
2023,2,2,21.94,6.94,13.56,59.3,0,16.1,10.3,1018.0,27.4,4.0,207.8,7,0.0,0
2023,2,3,21.94,6.94,13.22,63.1,0,16.8,10.3,1018.5,25.0,3.7,196.3,8,0.0,0
2023,2,4,20.94,6.94,13.39,65.2,0,17.0,9.2,1015.9,25.0,3.7,189.9,7,0.0,0
2023,2,5,19.94,7.94,13.06,65.8,0,15.2,12.8,1015.4,32.3,3.7,114.0,5,0.0,0
2023,2,6,20.94,7.94,13.22,68.6,0,18.8,10.3,1015.4,32.3,3.2,132.6,6,0.0,0
2023,2,7,19.94,7.94,13.0,64.4,0,21.7,10.3,1013.5,27.3,3.4,162.8,7,0.0,0
2023,2,8,18.94,6.94,12.56,64.5,0,18.6,9.2,1015.6,38.6,3.6,188.0,7,0.0,0
2023,2,9,18.94,7.94,12.72,71.5,100,17.0,10.3,1016.5,41.2,3.1,142.1,6,0.0,0
2023,2,10,20.94,7.94,13.22,70.4,0,22.6,13.9,1016.8,25.0,3.1,203.2,8,0.0,0
2023,2,11,21.94,6.94,14.11,63.2,0,24.6,12.8,1016.8,25.0,3.9,223.2,8,0.0,0
2023,2,12,19.94,6.94,13.39,55.1,0,24.4,12.8,1015.6,26.0,4.5,208.1,8,0.0,0
2023,2,13,19.94,5.94,12.06,61.9,0,17.2,16.1,1014.3,24.6,3.6,229.5,8,0.0,0
2023,2,14,19.94,6.94,12.56,61.8,0,19.5,11.4,1017.6,29.2,3.7,207.6,8,0.0,0
2023,2,15,20.94,9.06,14.56,54.4,0,18.3,13.9,1016.9,66.5,4.3,205.7,8,0.0,0
2023,2,16,22.94,12.94,16.61,53.0,0,16.3,10.3,1019.5,47.0,4.0,215.9,8,0.0,0
2023,2,17,22.94,8.94,15.72,59.2,0,18.1,98.0,1021.2,25.0,3.9,233.2,8,0.0,0
2023,2,18,22.94,9.94,15.78,59.5,0,17.4,10.3,1020.7,27.1,3.7,235.8,8,0.0,0
2023,2,19,22.94,11.94,16.61,59.2,0,18.6,98.0,1019.6,30.2,3.6,229.9,9,0.0,0
2023,2,20,22.94,9.94,15.83,64.8,0,19.0,12.8,1018.0,29.2,3.6,174.5,7,0.0,0
2023,2,21,22.94,10.94,16.11,70.8,0,25.3,11.4,1018.0,25.0,2.7,149.1,6,0.0,0
2023,2,22,23.94,10.94,16.56,61.7,0,19.7,12.8,1016.4,38.6,3.4,213.5,8,0.0,0
2023,2,23,23.94,10.94,16.33,65.6,0,22.6,13.9,1015.8,25.0,3.5,232.2,8,0.0,0
2023,2,24,22.94,9.94,15.56,66.7,0,19.9,15.7,1018.4,32.3,3.6,232.2,8,0.0,0
2023,2,25,21.94,10.94,15.56,70.8,0,17.9,15.0,1021.7,53.3,3.3,195.9,7,0.0,0
2023,2,26,20.94,9.94,14.06,76.4,100,17.7,16.1,1023.7,70.1,3.1,174.3,7,1.0,1
2023,2,27,19.94,7.94,13.56,73.1,100,19.5,11.4,1022.6,47.4,3.6,187.0,7,2.5,1
2023,2,28,21.94,8.94,15.17,71.8,0,18.3,12.8,1022.3,47.5,3.0,236.9,8,0.0,0
2023,3,1,21.94,10.94,16.06,72.0,0,24.8,10.3,1023.5,50.1,2.7,223.2,8,0.0,0
2023,3,2,21.94,10.94,16.67,69.9,0,23.3,10.3,1022.9,41.2,2.6,220.8,8,0.8,1
2023,3,3,23.94,11.94,17.22,70.7,0,16.1,12.8,1022.8,41.8,2.7,235.5,8,0.0,0
2023,3,4,23.94,12.94,17.72,73.6,0,18.1,15.0,1023.2,45.4,2.7,207.4,7,0.3,1
2023,3,5,24.94,12.94,17.78,68.0,0,22.4,12.8,1022.0,36.5,3.0,215.8,8,2.3,1
2023,3,6,23.94,11.94,17.44,68.0,0,23.3,13.9,1019.4,30.8,3.2,230.3,9,0.0,0
2023,3,7,24.94,10.94,17.39,57.5,0,20.8,12.7,1020.5,32.3,4.0,256.1,9,0.0,0
2023,3,8,18.94,11.94,14.61,71.8,100,16.3,9.2,1023.3,65.9,3.1,128.4,6,0.8,1
2023,3,9,22.94,6.67,15.61,60.5,100,18.1,11.4,1021.5,32.9,4.1,227.7,9,0.0,0
2023,3,10,23.94,9.94,16.89,52.9,0,19.5,15.0,1020.8,38.6,4.3,251.2,9,0.0,0
2023,3,11,23.94,10.94,15.78,61.6,0,15.2,10.3,1021.5,42.3,3.9,239.3,9,0.0,0
2023,3,12,23.94,9.94,16.5,63.9,0,17.7,49.4,1021.5,37.0,3.4,256.5,9,0.0,0
2023,3,13,24.94,11.94,17.5,65.4,0,17.7,13.9,1019.7,52.9,2.8,205.6,9,0.0,0
2023,3,14,23.94,11.94,17.5,63.7,100,28.9,17.2,1017.0,63.3,3.0,205.0,8,0.8,1
2023,3,15,23.94,10.94,17.0,51.8,0,20.8,11.4,1016.2,62.8,4.9,244.3,8,2.9,1
2023,3,16,23.94,10.94,16.78,62.5,0,18.6,13.9,1018.1,59.1,3.5,234.7,8,0.0,0
2023,3,17,20.94,12.94,15.83,71.2,0,18.3,12.8,1019.3,81.7,2.8,209.3,8,6.6,1
2023,3,18,21.94,10.94,14.83,76.2,100,17.0,13.9,1017.8,72.8,3.4,188.2,8,3.0,1
2023,3,19,20.94,10.94,15.39,73.6,0,14.8,11.4,1015.1,88.0,4.3,156.2,6,0.0,0
2023,3,20,18.94,11.94,14.06,82.5,100,13.9,9.2,1013.7,87.9,4.1,114.2,4,17.0,1
2023,3,21,17.94,10.94,14.28,79.5,100,16.8,8.1,1014.0,83.5,5.3,153.8,7,8.9,1
2023,3,22,20.94,11.94,16.28,64.7,100,20.1,20.1,1013.4,55.4,5.5,247.0,9,0.5,1
2023,3,23,21.94,10.94,16.06,67.4,0,19.0,17.2,1012.8,37.5,4.7,237.7,9,0.0,0
2023,3,24,23.94,11.94,17.39,63.8,0,19.9,20.1,1015.4,44.9,4.0,216.1,8,0.0,0
2023,3,25,23.94,10.94,17.33,60.4,0,30.0,17.2,1017.8,32.9,4.7,248.8,8,0.0,0
2023,3,26,25.94,10.94,18.17,49.5,0,28.0,12.8,1015.7,26.0,4.6,273.0,9,0.0,0
2023,3,27,24.94,11.94,18.06,48.9,0,21.0,16.1,1014.0,44.9,4.4,258.7,9,0.0,0
2023,3,28,24.94,10.94,18.06,47.0,0,16.6,15.0,1015.0,36.5,4.3,275.6,9,0.0,0
2023,3,29,24.94,10.94,17.94,50.7,0,18.1,17.2,1016.8,32.3,3.8,272.8,9,0.0,0
2023,3,30,23.94,11.06,18.22,53.3,0,21.7,15.0,1015.1,32.1,4.0,277.6,10,0.0,0
2023,3,31,21.94,11.94,14.78,76.0,0,19.0,15.0,1016.1,70.0,3.0,135.3,6,7.6,1
2023,4,1,18.94,9.94,13.72,80.4,100,17.9,17.2,1015.1,76.3,4.5,182.6,7,5.3,1
2023,4,2,20.94,8.94,14.22,75.4,0,20.8,15.0,1012.5,54.9,5.1,230.8,9,0.0,0
2023,4,3,22.94,9.94,16.56,71.2,100,17.9,10.3,1012.2,44.9,4.9,239.8,8,0.3,1
2023,4,4,24.94,10.94,17.44,65.2,100,25.7,18.3,1014.3,40.2,4.6,251.6,8,1.0,1
2023,4,5,24.94,10.94,18.0,59.1,100,21.9,13.9,1014.0,29.7,4.9,290.1,10,0.5,1
2023,4,6,25.94,11.94,18.89,52.3,0,22.6,12.8,1016.6,25.0,4.3,295.5,10,0.0,0
2023,4,7,25.94,11.94,19.11,52.9,0,21.0,15.0,1019.0,29.7,3.8,309.4,10,0.0,0
2023,4,8,26.94,12.94,19.72,52.8,0,23.0,13.9,1021.0,61.7,3.2,294.1,10,0.0,0
2023,4,9,27.94,12.94,20.39,45.4,0,26.4,13.9,1020.5,30.8,3.5,285.4,10,0.0,0
2023,4,10,26.94,11.94,20.33,40.0,0,21.7,10.3,1018.3,25.0,4.2,304.1,10,0.0,0
2023,4,11,27.94,12.94,20.39,45.7,0,20.1,15.0,1017.7,32.3,2.8,299.4,10,0.0,0
2023,4,12,28.94,13.94,20.78,45.9,0,23.0,11.4,1017.3,26.1,3.2,311.4,10,0.0,0
2023,4,13,28.94,14.94,21.67,43.8,0,22.6,15.0,1016.3,37.5,2.9,296.3,10,0.0,0
2023,4,14,28.94,14.94,21.67,46.4,0,22.8,11.4,1016.8,63.3,3.3,286.0,10,0.0,0
2023,4,15,28.94,15.94,22.22,53.5,0,18.1,11.4,1017.7,71.2,2.7,226.7,8,0.0,0
2023,4,16,29.94,16.94,22.83,46.1,0,21.9,12.8,1015.5,63.8,2.7,279.8,9,0.0,0
2023,4,17,29.94,14.94,22.72,39.1,0,21.0,11.4,1015.8,28.1,3.3,300.3,10,0.0,0
2023,4,18,30.94,15.94,23.67,39.0,0,22.6,13.9,1017.0,25.0,3.2,290.0,10,0.0,0
2023,4,19,30.94,16.44,23.72,40.0,0,23.0,12.8,1012.7,27.1,3.7,279.7,10,0.0,0
2023,4,20,30.94,16.94,24.06,38.6,0,30.0,15.0,1010.0,29.2,3.4,282.2,10,0.2,1
2023,4,21,26.94,15.94,20.94,47.2,100,36.9,30.0,1011.6,62.8,3.7,197.9,6,0.3,1
2023,4,22,26.94,12.94,20.5,46.2,0,20.1,12.8,1011.9,26.0,4.7,247.4,9,0.0,0
2023,4,23,25.94,13.94,19.11,53.0,0,27.7,18.3,1014.5,53.3,3.8,268.6,10,0.0,0
2023,4,24,17.94,12.94,14.78,78.0,100,15.7,10.3,1019.5,74.3,4.1,224.3,8,5.4,1
2023,4,25,24.94,10.94,16.28,71.0,100,17.2,12.8,1019.1,64.7,4.7,263.3,10,0.5,1
2023,4,26,24.94,11.94,18.5,63.1,0,18.3,16.1,1016.9,57.0,4.2,274.1,9,0.0,0
2023,4,27,24.94,13.94,19.72,60.9,0,16.8,12.8,1016.5,52.3,3.5,213.9,7,0.0,0
2023,4,28,25.94,13.94,20.61,58.2,0,23.7,12.8,1016.5,38.6,3.8,282.9,10,0.0,0
2023,4,29,25.94,14.94,19.28,68.1,0,21.0,11.4,1016.3,67.4,3.7,224.8,8,31.5,1
2023,4,30,20.94,13.94,16.39,86.0,100,15.7,12.8,1016.0,88.4,2.8,117.6,5,17.0,1
2023,5,1,17.94,14.94,16.06,85.7,0,14.5,5.8,1016.2,84.8,3.2,196.0,7,5.8,1
2023,5,2,18.94,12.94,15.89,84.0,0,15.2,5.8,1017.1,80.6,3.9,154.0,6,6.7,1
2023,5,3,23.94,12.94,16.83,80.5,100,18.3,10.3,1018.2,83.3,3.9,204.0,7,3.4,1
2023,5,4,17.94,13.94,15.78,89.3,100,14.1,6.9,1017.2,80.0,3.4,166.1,6,10.4,1
2023,5,5,24.94,12.94,18.72,71.7,0,19.7,12.8,1014.0,43.3,4.4,280.0,8,0.0,0
2023,5,6,26.94,14.94,21.39,62.8,0,19.5,9.2,1012.3,31.3,5.0,289.0,9,0.0,0
2023,5,7,27.94,15.94,22.06,57.1,0,17.9,15.0,1012.8,40.2,4.9,252.0,9,2.1,1
2023,5,8,28.94,15.94,22.56,48.7,0,23.0,13.9,1013.2,33.3,5.1,276.8,9,0.0,0
2023,5,9,28.94,14.94,22.56,43.1,0,25.5,13.9,1013.3,25.0,4.9,324.7,10,0.0,0
2023,5,10,28.94,15.94,22.5,39.5,0,18.3,19.7,1013.0,30.2,5.1,283.9,10,0.0,0
2023,5,11,27.94,14.94,21.83,34.9,0,17.9,11.4,1015.8,25.0,5.0,315.4,10,0.0,0
2023,5,12,28.94,14.94,22.11,44.3,0,17.0,12.8,1016.4,27.1,4.1,331.3,10,0.0,0
2023,5,13,28.94,16.94,22.89,58.0,0,17.4,11.4,1015.6,29.2,4.2,317.3,10,0.0,0
2023,5,14,27.94,15.94,22.67,65.4,0,36.9,13.9,1012.0,66.4,3.4,287.0,9,0.0,0
2023,5,15,25.94,14.94,20.67,67.1,100,20.1,11.4,1011.3,51.7,4.6,238.0,8,19.8,1
2023,5,16,26.94,15.94,20.83,69.4,100,20.6,9.2,1012.8,54.3,4.4,259.5,8,0.5,1
2023,5,17,27.94,15.94,20.33,78.0,100,18.8,16.1,1015.5,79.5,3.4,261.4,9,26.9,1
2023,5,18,25.94,14.33,19.78,78.5,100,23.0,10.3,1016.2,82.2,3.5,244.9,8,14.2,1
2023,5,19,27.94,16.33,21.22,72.8,100,35.8,18.3,1014.3,69.3,4.5,250.8,8,7.9,1
2023,5,20,26.94,13.94,20.06,67.2,100,23.0,12.8,1014.0,50.2,4.5,259.0,8,3.9,1
2023,5,21,26.94,14.94,21.17,68.2,100,18.3,13.9,1015.3,53.8,4.5,276.8,9,3.0,1
2023,5,22,27.94,18.94,23.11,69.3,0,17.9,10.3,1016.0,62.7,4.0,275.1,9,0.0,0
2023,5,23,25.94,18.94,22.39,74.4,100,16.1,12.8,1015.3,61.7,4.4,257.1,8,1.5,1
2023,5,24,27.94,18.94,22.33,70.9,0,14.5,13.9,1014.8,64.8,4.7,274.0,9,0.0,0
2023,5,25,24.94,16.33,19.78,79.6,100,20.8,12.8,1013.3,57.8,5.2,173.9,8,6.6,1
2023,5,26,24.94,14.94,20.06,74.8,100,16.1,10.3,1013.9,62.8,5.3,224.7,7,0.0,0
2023,5,27,24.94,16.94,20.11,78.1,100,17.9,17.2,1013.7,78.0,4.7,240.0,8,17.8,1
2023,5,28,24.94,15.94,20.44,74.2,100,17.2,9.2,1015.5,63.8,4.8,239.8,9,9.9,1
2023,5,29,27.94,16.94,22.67,70.5,0,13.9,9.2,1017.4,34.4,4.9,248.7,8,0.0,0
2023,5,30,29.94,17.94,24.39,65.5,0,18.6,9.2,1016.9,29.2,5.0,292.8,10,0.0,0
2023,5,31,29.94,19.94,25.22,56.8,0,21.7,12.8,1015.0,37.0,5.1,298.8,9,0.0,0
2023,6,1,30.94,19.94,25.17,54.3,0,19.2,13.9,1012.6,27.1,5.3,277.6,9,0.0,0
2023,6,2,29.94,18.94,24.89,53.2,0,21.7,13.9,1012.1,33.3,5.1,296.0,9,0.0,0
2023,6,3,29.94,18.94,24.56,51.9,0,18.3,16.1,1013.6,32.3,5.2,269.3,9,0.0,0
2023,6,4,29.94,18.94,24.61,51.9,0,17.7,13.9,1013.6,29.2,5.5,296.2,9,0.0,0
2023,6,5,28.94,19.94,24.44,55.4,0,16.1,12.8,1013.3,50.2,5.2,256.1,8,0.0,0
2023,6,6,29.94,19.94,24.06,55.5,0,18.8,17.2,1012.7,56.5,4.9,288.4,9,0.0,0
2023,6,7,29.94,18.94,24.67,55.7,0,14.8,16.1,1012.3,36.5,4.9,283.5,9,0.0,0
2023,6,8,30.94,19.94,25.94,55.0,0,16.3,10.3,1011.7,37.0,4.6,284.8,9,0.3,1
2023,6,9,30.94,19.44,26.28,54.5,0,18.1,12.8,1009.2,52.1,5.0,260.8,9,0.0,0
2023,6,10,29.94,20.94,25.94,59.5,0,16.1,17.2,1008.2,49.6,4.6,281.6,9,0.0,0
2023,6,11,29.94,21.94,25.83,64.3,0,21.5,12.8,1007.4,70.6,4.3,254.8,8,0.0,0
2023,6,12,28.94,19.94,24.0,77.6,100,19.5,12.8,1007.5,78.0,4.3,237.7,9,29.5,1
2023,6,13,29.94,19.94,23.61,81.3,100,18.8,17.2,1006.8,78.5,4.3,218.9,7,15.0,1
2023,6,14,27.94,18.44,22.44,84.8,100,30.2,10.3,1005.9,87.2,5.0,111.1,4,52.6,1
2023,6,15,28.94,19.94,24.06,77.0,100,25.1,11.4,1006.8,70.0,4.3,242.6,8,36.1,1
2023,6,16,29.94,19.44,25.17,69.6,0,18.1,11.4,1006.9,56.4,4.9,252.3,8,4.2,1
2023,6,17,38.94,20.94,26.33,66.4,0,21.5,13.9,1009.2,50.1,4.7,239.3,8,0.0,0
2023,6,18,29.94,19.56,24.89,76.9,100,28.6,17.2,1010.4,67.5,5.1,246.2,8,9.4,1
2023,6,19,29.94,20.94,24.72,78.0,100,25.5,15.0,1010.2,75.8,4.6,237.7,8,18.0,1
2023,6,20,28.94,19.94,24.56,74.9,100,30.0,16.1,1010.4,60.1,4.8,197.2,7,10.9,1
2023,6,21,30.94,20.94,25.72,69.2,0,23.9,11.4,1010.5,59.0,5.2,221.3,8,4.2,1
2023,6,22,28.94,21.94,25.28,75.7,0,19.9,12.8,1011.0,80.1,4.7,225.1,7,3.3,1
2023,6,23,30.94,21.94,25.44,77.6,100,15.4,13.9,1011.0,81.7,4.6,212.7,7,12.5,1
2023,6,24,28.94,20.94,24.56,78.7,100,15.4,16.1,1011.2,89.0,5.1,118.8,6,15.0,1
2023,6,25,27.94,22.94,24.89,78.9,0,19.0,11.4,1011.5,86.4,5.3,191.1,7,17.8,1
2023,6,26,28.94,21.94,24.5,80.3,100,15.4,10.3,1011.3,83.3,4.8,179.0,6,0.3,1
2023,6,27,25.94,20.94,23.22,87.1,100,17.4,11.4,1010.7,88.0,4.4,201.9,6,15.5,1
2023,6,28,27.94,21.94,24.0,82.8,0,21.5,15.0,1011.7,84.8,5.0,143.7,5,2.8,1
2023,6,29,27.94,21.94,23.89,83.0,100,23.5,10.3,1011.2,88.0,4.9,125.3,6,2.3,1
2023,6,30,25.94,20.94,22.56,88.0,100,17.4,9.2,1010.9,89.5,4.9,90.7,3,8.1,1
2023,7,1,25.94,20.94,22.94,87.5,100,11.4,9.2,1011.2,86.4,4.5,71.1,3,4.3,1
2023,7,2,27.94,21.72,23.94,83.3,100,15.7,10.3,1010.3,89.0,5.3,162.2,6,0.0,0
2023,7,3,26.94,21.94,23.67,86.2,100,15.7,10.3,1010.6,88.0,4.2,96.2,4,10.4,1
2023,7,4,26.94,20.67,22.83,89.3,100,12.5,5.8,1010.4,90.6,3.9,125.2,6,38.9,1
2023,7,5,26.94,20.94,23.06,86.6,100,12.5,10.3,1010.7,79.5,4.6,121.7,6,26.7,1
2023,7,6,28.94,21.94,24.78,76.6,100,15.4,13.9,1011.5,80.6,5.0,184.9,7,0.0,0
2023,7,7,27.94,21.94,24.89,79.6,100,24.2,12.8,1012.4,83.3,4.9,153.5,5,3.3,1
2023,7,8,28.94,20.94,24.39,78.1,100,17.4,93.3,1013.8,77.0,5.4,126.1,6,0.5,1
2023,7,9,28.94,21.94,24.89,79.7,100,15.0,10.3,1012.8,88.0,4.9,123.7,5,0.3,1
2023,7,10,28.94,21.94,24.89,80.2,0,15.0,11.4,1012.0,88.0,4.4,164.4,6,0.0,0
2023,7,11,28.94,21.94,24.72,82.0,100,15.9,8.1,1011.6,88.0,4.1,175.7,6,36.1,1
2023,7,12,27.94,21.94,24.33,85.0,100,15.7,11.4,1011.4,88.0,4.1,119.1,6,1.8,1
2023,7,13,26.94,20.94,23.17,89.5,100,17.7,10.3,1011.8,88.0,3.7,160.4,6,21.1,1
2023,7,14,26.94,20.94,22.78,90.5,100,13.2,5.8,1012.1,90.0,3.7,143.3,6,9.3,1
2023,7,15,26.94,20.94,24.11,83.6,100,13.0,8.1,1011.8,88.0,4.4,155.2,6,31.5,1
2023,7,16,26.94,21.94,24.06,84.8,100,15.7,10.3,1010.9,86.4,4.3,194.7,8,1.0,1
2023,7,17,26.94,20.94,23.11,90.0,100,13.9,10.3,1010.6,89.4,4.0,145.8,6,15.0,1
2023,7,18,27.94,19.94,22.78,89.1,100,15.9,5.8,1011.5,88.0,4.3,119.1,5,66.3,1
2023,7,19,29.94,21.94,24.5,83.0,100,15.0,10.3,1010.8,88.0,4.7,192.3,9,2.8,1
2023,7,20,29.94,21.94,25.0,83.7,100,14.3,11.4,1010.3,72.7,4.8,239.2,9,2.8,1
2023,7,21,28.94,21.94,24.44,84.4,100,14.3,11.4,1013.0,84.8,4.3,232.7,8,9.7,1
2023,7,22,28.94,21.94,24.39,83.3,100,25.3,13.9,1016.3,83.3,4.4,203.2,7,3.0,1
2023,7,23,28.94,20.94,23.89,87.8,100,15.7,10.3,1015.7,84.8,4.4,201.8,7,2.5,1
2023,7,24,27.94,20.94,23.78,83.5,100,15.4,10.3,1013.1,84.8,4.4,179.3,7,2.3,1
2023,7,25,25.94,20.83,22.56,89.0,100,14.5,8.1,1013.8,91.0,4.2,110.9,4,21.1,1
2023,7,26,26.94,20.94,23.83,81.5,0,12.3,9.2,1013.9,88.0,4.7,168.2,6,6.6,1
2023,7,27,27.94,20.94,23.72,83.9,100,15.4,9.2,1012.5,86.4,4.6,175.1,6,6.4,1
2023,7,28,28.94,20.94,23.56,86.5,100,12.5,8.1,1009.7,87.4,4.3,174.1,6,11.2,1
2023,7,29,25.94,20.94,23.5,88.4,100,14.5,10.3,1009.1,88.0,4.4,94.5,3,14.5,1
2023,7,30,26.94,21.94,23.56,88.5,100,15.7,11.4,1008.3,81.7,4.5,174.6,7,11.9,1
2023,7,31,28.94,20.94,24.61,85.5,100,16.6,9.2,1007.3,83.3,4.9,229.3,9,0.0,0
2023,8,1,29.94,20.94,24.61,86.3,100,16.8,15.0,1007.2,86.4,4.6,190.8,8,1.0,1
2023,8,2,28.94,21.94,24.72,84.1,100,13.6,12.8,1007.4,88.0,5.0,166.8,6,17.8,1
2023,8,3,27.94,22.94,24.72,84.8,100,13.4,12.8,1007.6,86.4,5.0,152.9,5,2.0,1
2023,8,4,27.94,21.94,24.44,82.6,0,17.9,12.8,1010.0,83.3,5.4,52.1,2,0.0,0
2023,8,5,27.94,21.94,23.83,83.8,100,14.3,12.8,1011.3,86.4,4.6,122.9,4,2.0,1
2023,8,6,23.94,20.94,22.39,93.1,100,13.2,8.1,1008.6,88.0,3.9,132.9,6,18.5,1
2023,8,7,26.94,20.94,22.72,93.4,100,15.0,10.3,1005.3,88.5,3.6,96.1,4,14.2,1
2023,8,8,25.94,20.94,23.0,90.9,100,17.2,8.1,1007.3,92.0,4.1,34.2,1,64.0,1
2023,8,9,26.94,21.94,23.72,88.7,100,15.4,8.1,1010.7,88.0,4.2,141.0,6,6.4,1
2023,8,10,27.94,21.94,24.33,83.6,100,15.0,13.9,1012.5,81.7,5.1,144.2,6,0.0,0
2023,8,11,28.94,21.94,24.33,84.3,100,15.0,13.9,1012.0,86.4,4.4,159.4,7,2.3,1
2023,8,12,25.94,21.94,22.78,96.3,100,14.1,6.9,1009.8,88.0,3.7,81.4,6,49.8,1
2023,8,13,21.94,19.94,21.11,97.0,100,19.0,9.2,1010.4,93.0,3.4,32.6,2,38.6,1
2023,8,14,23.94,19.94,21.78,87.5,100,15.0,5.8,1013.3,88.0,4.0,136.8,7,11.0,1
2023,8,15,28.94,19.94,23.94,82.4,0,16.8,13.9,1012.6,74.3,4.3,189.6,7,0.0,0
2023,8,16,27.94,20.94,24.39,82.8,0,15.7,8.1,1012.0,75.4,4.4,201.5,6,4.4,1
2023,8,17,30.94,21.94,25.5,77.6,100,18.6,10.3,1012.5,80.1,5.1,224.8,9,0.0,0
2023,8,18,28.94,21.94,24.5,83.3,100,14.5,8.1,1013.3,78.5,4.6,190.4,7,7.1,1
2023,8,19,29.94,22.94,25.22,80.8,100,15.0,12.8,1013.7,88.0,4.6,187.6,7,0.3,1
2023,8,20,28.94,21.94,24.44,80.5,100,13.9,11.4,1014.3,78.5,4.6,144.5,6,1.5,1
2023,8,21,23.94,19.94,21.56,96.1,100,9.8,6.9,1013.0,93.0,3.1,54.8,2,41.9,1
2023,8,22,26.94,19.94,22.06,90.2,100,11.4,10.3,1012.3,90.5,4.1,103.5,5,7.1,1
2023,8,23,22.94,19.94,21.17,97.3,100,11.2,5.8,1010.8,91.5,2.8,72.2,3,35.3,1
2023,8,24,26.94,20.94,22.61,91.2,100,12.1,9.2,1008.0,89.5,3.7,48.9,2,69.0,1
2023,8,25,24.94,20.94,21.83,96.2,100,13.2,9.2,1008.0,91.5,3.7,75.9,4,19.1,1
2023,8,26,25.94,19.94,22.56,90.0,100,12.5,12.8,1008.1,92.5,4.2,58.3,2,13.7,1
2023,8,27,27.94,20.94,23.72,82.6,100,18.8,11.4,1007.3,84.8,4.9,199.0,8,0.5,1
2023,8,28,28.94,19.94,24.11,75.8,100,16.6,12.8,1008.5,72.2,4.5,204.7,8,0.0,0
2023,8,29,28.94,19.56,23.83,76.8,100,15.2,11.4,1011.4,86.9,5.0,206.7,7,1.5,1
2023,8,30,28.94,20.94,24.56,77.9,100,14.1,9.2,1013.6,76.4,4.2,223.4,8,1.0,1
2023,8,31,27.94,21.94,24.28,80.4,0,13.6,8.1,1014.7,84.8,4.2,192.0,7,0.0,0
2023,9,1,28.94,21.94,24.72,80.1,0,16.3,12.8,1014.0,72.2,4.3,228.5,7,0.0,0
2023,9,2,29.94,21.94,25.22,80.1,0,15.0,12.8,1012.8,80.1,4.4,201.4,7,0.0,0
2023,9,3,29.94,21.94,25.06,81.7,100,17.7,10.3,1012.5,83.3,4.3,207.1,8,3.6,1
2023,9,4,29.94,19.94,24.39,72.5,0,17.4,10.3,1012.8,86.4,5.5,198.1,8,0.0,0
2023,9,5,27.94,21.94,24.67,77.1,0,13.9,5.8,1013.4,88.0,4.8,166.4,6,0.0,0
2023,9,6,30.94,19.94,25.0,73.8,0,14.5,9.2,1014.2,86.4,5.1,226.4,8,0.0,0
2023,9,7,30.94,18.94,23.83,79.8,100,18.3,8.1,1014.2,82.2,4.9,220.5,9,8.8,1
2023,9,8,26.94,20.94,23.06,87.3,100,16.8,9.2,1014.1,88.0,4.8,158.9,7,63.2,1
2023,9,9,26.94,20.94,23.06,86.9,100,23.7,10.3,1013.5,89.0,5.0,95.3,5,1.0,1
2023,9,10,28.94,20.94,23.94,82.0,100,15.7,11.4,1012.0,82.2,4.8,176.5,8,1.8,1
2023,9,11,28.94,20.94,24.22,81.9,100,14.8,9.2,1011.1,80.1,4.4,205.6,7,41.4,1
2023,9,12,27.94,20.94,23.06,87.7,100,11.9,13.9,1011.7,90.5,3.6,168.9,6,12.0,1
2023,9,13,30.94,19.94,24.22,82.4,100,12.5,12.8,1012.4,72.2,4.5,223.7,8,19.6,1
2023,9,14,28.94,19.94,24.44,82.5,100,13.0,10.3,1013.8,68.0,5.3,201.6,8,2.3,1
2023,9,15,29.94,20.94,25.28,78.6,0,14.5,12.8,1014.7,73.8,4.8,205.2,7,0.0,0
2023,9,16,29.94,20.94,24.94,76.2,0,15.2,11.4,1015.2,61.1,4.9,204.5,8,1.2,1
2023,9,17,29.94,21.94,24.39,78.2,100,14.5,10.3,1014.0,80.1,4.8,220.4,8,9.1,1
2023,9,18,28.94,19.94,24.22,71.8,0,14.8,10.3,1014.0,60.6,5.2,223.4,8,0.0,0
2023,9,19,28.94,20.94,23.17,79.9,100,14.3,13.9,1015.8,70.1,5.0,200.7,7,7.1,1
2023,9,20,27.94,20.94,23.72,76.9,100,15.0,10.3,1015.7,81.7,5.2,186.0,7,0.3,1
2023,9,21,27.94,20.94,23.56,79.4,0,16.1,15.0,1014.8,86.4,4.8,156.6,5,0.0,0
2023,9,22,26.94,20.94,22.72,83.3,0,15.7,10.3,1014.7,88.0,4.8,80.1,5,1.5,1
2023,9,23,27.94,20.94,23.0,83.3,100,18.8,8.1,1014.4,88.0,4.9,87.9,5,0.7,1
2023,9,24,25.94,19.94,21.89,85.7,100,13.6,9.2,1014.1,88.5,4.9,108.6,4,18.0,1
2023,9,25,25.94,19.94,22.61,78.3,0,18.3,10.3,1015.0,83.3,5.3,119.3,4,0.0,0
2023,9,26,29.06,19.94,23.61,78.5,0,14.8,10.3,1015.3,72.2,5.2,214.4,8,0.0,0
2023,9,27,27.94,20.94,23.89,78.5,100,17.0,10.3,1015.5,75.3,4.9,207.5,7,0.0,0
2023,9,28,29.94,19.94,23.83,78.8,0,13.2,15.0,1015.1,59.8,5.2,210.4,8,1.0,1
2023,9,29,28.94,20.94,23.89,78.2,100,15.0,10.3,1015.8,64.3,4.9,213.5,8,0.3,1
2023,9,30,26.94,19.94,22.56,81.0,0,15.2,10.3,1015.6,88.0,4.7,188.4,7,0.0,0
2023,10,1,27.94,20.94,22.67,85.2,100,14.8,10.3,1014.3,88.5,4.5,136.4,6,11.9,1
2023,10,2,24.94,19.94,21.22,91.9,100,11.2,6.9,1015.3,89.5,3.8,29.9,1,7.8,1
2023,10,3,25.94,18.94,21.06,93.0,100,14.1,9.2,1015.3,88.0,4.0,94.7,5,21.6,1
2023,10,4,21.94,19.94,20.39,97.0,100,16.6,6.9,1015.3,90.5,3.7,47.4,2,21.1,1
2023,10,5,25.94,18.94,22.22,83.0,100,19.5,13.9,1014.2,61.1,5.1,161.2,7,3.0,1
2023,10,6,25.94,19.94,21.89,84.0,0,13.6,15.0,1014.1,88.0,4.9,185.6,7,0.0,0
2023,10,7,25.94,19.94,22.22,80.6,0,17.0,10.3,1015.3,78.5,4.8,173.1,6,0.0,0
2023,10,8,26.94,18.94,22.06,78.0,0,16.3,12.8,1015.7,54.3,4.6,186.6,7,0.0,0
2023,10,9,25.94,16.94,21.44,79.3,0,13.9,9.2,1016.8,56.4,3.9,171.6,6,0.0,0
2023,10,10,26.94,17.94,21.94,79.4,0,17.4,74.9,1017.8,55.9,3.4,144.3,5,0.0,0
2023,10,11,25.94,17.94,21.61,75.7,0,15.4,10.3,1017.7,44.9,3.9,173.0,7,0.0,0
2023,10,12,26.94,17.94,20.94,76.7,0,14.1,10.3,1019.4,57.5,4.1,200.3,7,0.0,0
2023,10,13,25.94,17.94,21.0,79.1,0,14.8,10.3,1020.3,52.2,4.2,211.4,8,0.0,0
2023,10,14,25.94,17.94,20.89,75.0,0,15.0,10.3,1019.3,51.2,4.0,182.7,7,0.0,0
2023,10,15,24.94,15.94,19.5,76.3,0,14.3,11.4,1017.8,37.5,4.5,160.9,6,0.0,0
2023,10,16,24.94,15.94,19.78,76.5,0,14.1,10.3,1019.4,61.7,4.2,141.6,6,0.0,0
2023,10,17,24.94,14.94,19.28,71.0,100,15.7,10.3,1020.8,66.4,5.3,173.5,6,3.5,1
2023,10,18,23.94,14.94,18.5,75.9,0,15.7,8.1,1020.5,42.3,4.8,190.7,7,0.0,0
2023,10,19,23.94,13.94,18.28,75.2,0,15.2,9.2,1020.7,31.3,5.1,184.8,7,0.0,0
2023,10,20,22.94,12.94,18.0,74.0,0,15.0,9.2,1021.5,29.2,5.2,199.5,7,0.0,0
2023,10,21,24.94,13.94,18.39,70.3,0,13.9,12.8,1022.4,31.8,5.2,184.1,7,0.0,0
2023,10,22,25.94,11.94,18.06,67.6,0,13.0,9.2,1022.6,25.0,5.0,185.9,7,0.0,0
2023,10,23,24.94,11.94,18.06,69.3,0,15.9,11.4,1021.5,25.0,5.1,204.4,7,0.0,0
2023,10,24,25.94,11.94,18.11,69.1,0,16.1,10.3,1020.5,25.0,5.2,202.7,7,0.0,0
2023,10,25,25.94,12.94,18.72,68.7,0,14.3,9.2,1020.5,25.1,5.7,202.2,8,0.0,0
2023,10,26,24.94,12.94,18.5,69.6,0,15.0,10.3,1020.4,35.5,5.4,260.3,8,0.0,0
2023,10,27,23.94,11.56,17.78,72.1,0,12.8,10.3,1020.0,35.5,5.6,172.7,6,0.0,0
2023,10,28,23.94,12.94,17.67,71.9,0,17.9,34.4,1020.8,30.2,5.2,199.6,8,0.0,0
2023,10,29,24.94,12.94,17.78,70.4,0,11.9,10.3,1021.2,63.8,4.7,160.0,6,0.0,0
2023,10,30,25.94,12.94,18.39,70.8,0,14.3,10.3,1022.0,42.3,4.5,189.2,7,0.0,0
2023,10,31,25.94,12.94,18.67,70.6,0,14.1,11.4,1023.8,28.1,5.0,182.9,7,0.0,0
2023,11,1,22.94,13.94,17.56,74.6,0,13.2,5.8,1023.8,52.8,4.4,141.5,6,0.0,0
2023,11,2,23.94,11.94,17.39,73.6,0,15.2,10.3,1021.4,25.0,4.8,182.5,7,0.0,0
2023,11,3,23.94,12.94,17.44,74.5,0,14.3,9.2,1019.1,45.5,5.0,158.2,6,0.0,0
2023,11,4,21.94,12.94,17.17,75.7,0,14.8,10.3,1018.6,44.9,4.9,179.9,7,0.0,0
2023,11,5,23.94,11.94,16.78,72.5,0,12.3,8.1,1020.7,27.1,4.3,196.2,7,0.0,0
2023,11,6,22.94,11.94,16.72,76.6,0,13.6,10.3,1021.9,32.8,3.0,162.4,7,0.0,0
2023,11,7,23.94,11.94,16.72,76.0,0,15.0,11.4,1020.8,25.0,3.4,170.8,7,0.0,0
2023,11,8,22.94,10.94,16.33,68.6,0,17.2,11.4,1019.7,25.0,4.3,191.8,7,0.0,0
2023,11,9,22.94,9.94,15.67,66.5,0,13.4,8.1,1020.2,25.0,4.6,175.2,7,0.0,0
2023,11,10,22.94,9.94,15.72,72.9,0,15.2,10.3,1021.9,28.3,4.0,163.7,6,0.0,0
2023,11,11,20.94,10.94,15.06,79.2,0,18.3,12.8,1022.8,39.2,3.7,156.8,7,0.0,0
2023,11,12,22.94,9.94,15.61,73.6,0,14.1,9.2,1022.9,25.0,3.6,198.1,7,0.0,0
2023,11,13,22.94,10.94,16.0,75.5,100,13.2,9.2,1022.9,26.6,4.8,187.1,7,0.0,0
2023,11,14,23.94,10.94,16.39,70.4,0,11.2,10.3,1023.3,31.3,4.2,144.9,7,0.0,0
2023,11,15,23.94,10.94,16.39,73.3,100,13.9,10.3,1022.9,27.1,4.6,173.6,7,0.0,0
2023,11,16,24.94,10.94,16.44,74.1,0,14.1,6.9,1024.4,25.0,4.5,169.9,7,0.0,0
2023,11,17,22.94,10.94,16.06,72.5,0,13.9,11.4,1023.9,25.0,4.7,173.0,7,0.0,0
2023,11,18,21.94,10.94,15.83,73.4,0,21.5,11.4,1022.1,32.8,5.1,144.6,5,0.0,0
2023,11,19,22.94,10.94,16.0,73.7,0,13.9,8.1,1023.2,25.0,4.7,148.6,6,0.0,0
2023,11,20,23.94,9.94,16.22,74.5,0,14.8,9.2,1022.5,25.0,4.9,181.9,7,0.0,0
2023,11,21,21.94,10.94,16.06,76.8,0,14.8,11.4,1020.0,27.6,4.8,173.6,7,0.0,0
2023,11,22,21.94,11.94,15.72,76.7,0,11.4,10.3,1019.2,39.7,4.4,148.5,6,0.0,0
2023,11,23,21.94,10.94,15.78,74.8,0,14.3,8.1,1019.5,32.3,4.5,167.6,7,0.0,0
2023,11,24,21.94,10.94,15.89,76.0,0,16.1,8.1,1020.8,25.0,4.2,160.7,7,0.0,0
2023,11,25,21.94,12.94,16.0,77.7,0,12.3,9.2,1022.6,49.1,4.3,143.6,6,0.0,0
2023,11,26,23.94,10.94,16.22,74.0,0,12.1,6.9,1024.4,34.4,4.1,175.5,7,0.0,0
2023,11,27,21.94,10.56,15.44,75.5,0,15.7,10.3,1022.6,64.9,4.8,133.6,6,0.0,0
2023,11,28,20.94,12.94,16.06,74.4,0,13.9,9.2,1020.8,83.8,4.6,148.6,6,0.9,1
2023,11,29,21.94,10.94,15.56,74.8,0,14.3,11.4,1021.3,40.8,4.3,156.3,6,0.5,1
2023,11,30,18.94,9.94,14.17,80.3,0,14.1,4.7,1022.4,60.2,3.7,145.6,6,0.0,0
2023,12,1,21.94,10.94,15.17,72.8,0,13.0,11.4,1021.8,45.9,4.2,153.3,6,0.1,1
2023,12,2,22.94,9.94,14.94,68.2,0,15.9,8.1,1021.9,29.2,5.0,172.5,7,0.0,0
2023,12,3,21.94,7.94,14.22,65.7,0,17.0,5.8,1022.3,30.3,4.9,183.4,7,0.0,0
2023,12,4,17.94,8.94,13.44,67.2,0,14.3,4.7,1021.5,68.0,4.0,88.7,5,0.0,0
2023,12,5,21.94,8.94,14.72,69.4,0,17.7,12.8,1019.6,53.8,4.2,147.8,6,0.0,0
2023,12,6,19.94,8.94,13.72,75.7,0,17.4,5.8,1021.6,68.0,4.0,169.1,7,0.0,0
2023,12,7,14.94,9.94,11.94,88.7,0,12.1,5.8,1020.3,80.1,2.6,61.3,2,0.0,0
2023,12,8,19.94,8.94,12.89,79.0,0,17.4,9.2,1018.5,43.8,3.3,134.9,7,0.0,0
2023,12,9,19.94,7.94,12.83,75.6,0,15.9,11.4,1018.7,50.1,4.2,129.9,5,0.0,0
2023,12,10,18.94,6.94,12.22,73.6,0,15.7,8.1,1017.2,30.8,4.3,151.5,6,0.0,0
2023,12,11,18.94,7.94,12.5,73.6,0,15.0,10.3,1019.3,43.9,4.0,113.5,5,0.0,0
2023,12,12,18.94,6.94,12.5,72.0,100,16.8,9.2,1018.0,44.3,4.5,133.2,6,4.2,1
2023,12,13,17.94,6.94,11.89,72.8,0,15.7,10.3,1018.2,46.5,4.2,158.5,6,0.4,1
2023,12,14,18.94,5.94,11.39,76.6,0,13.4,10.3,1019.7,37.0,4.2,150.6,6,0.0,0
2023,12,15,17.94,6.94,11.39,78.7,0,14.8,8.1,1021.5,29.2,3.6,169.1,7,0.0,0
2023,12,16,17.94,7.94,12.06,74.2,0,15.4,6.9,1019.9,59.1,3.5,167.9,6,0.0,0
2023,12,17,19.94,8.94,13.11,71.9,0,15.2,9.2,1020.5,50.7,3.7,154.9,6,0.0,0
2023,12,18,18.94,8.94,12.22,72.8,0,16.1,10.3,1021.2,48.5,4.2,171.5,7,0.0,0
2023,12,19,17.94,5.94,11.11,72.4,0,15.9,8.1,1022.0,40.7,4.2,152.2,6,0.0,0
2023,12,20,18.94,5.94,11.0,73.7,0,14.5,6.9,1022.6,57.0,4.4,153.8,6,0.0,0
2023,12,21,19.94,4.94,11.56,69.6,0,14.8,9.2,1021.1,41.2,3.8,173.3,7,0.0,0
2023,12,22,18.94,5.94,11.67,69.2,0,14.1,8.1,1021.6,61.2,4.0,165.4,7,0.0,0
2023,12,23,19.94,6.94,12.17,68.9,0,13.6,5.8,1024.3,41.3,3.7,141.9,6,0.0,0
2023,12,24,18.94,5.94,11.56,72.6,0,17.9,10.3,1024.6,24.1,4.5,159.4,6,0.0,0
2023,12,25,18.94,5.94,11.94,73.4,0,13.6,11.4,1023.5,30.8,4.4,174.4,7,0.0,0
2023,12,26,19.94,5.94,12.56,76.2,0,13.2,6.9,1023.2,27.1,4.3,174.8,7,0.0,0
2023,12,27,19.94,8.94,13.06,75.5,0,14.8,8.1,1024.0,35.7,4.3,168.0,6,0.0,0
2023,12,28,19.94,8.94,13.33,73.8,0,13.2,8.1,1022.9,59.0,4.1,134.7,5,0.9,1
2023,12,29,19.94,7.94,13.06,74.8,0,12.1,8.1,1023.1,28.7,4.0,160.3,6,0.0,0
2023,12,30,19.94,6.94,12.5,76.1,0,13.2,11.4,1021.5,27.1,5.2,152.2,6,0.0,0
2023,12,31,19.94,7.94,12.56,74.6,0,13.9,10.3,1021.1,28.7,4.4,153.3,6,0.0,0
2024,1,1,17.94,6.94,11.89,76.5,0,15.7,10.3,1020.1,30.3,4.5,155.5,6,0.0,0
2024,1,2,17.94,5.94,11.56,73.4,0,14.5,8.1,1019.8,25.0,4.4,151.6,6,0.0,0
2024,1,3,17.94,5.94,11.17,73.9,0,16.1,9.2,1020.1,42.8,4.3,159.4,6,0.0,0
2024,1,4,16.94,5.94,10.72,70.6,0,18.6,11.4,1020.0,25.0,4.3,172.1,7,0.0,0
2024,1,5,18.94,4.94,10.72,67.1,0,17.2,12.8,1020.6,26.0,4.3,168.9,6,0.0,0
2024,1,6,17.94,4.94,10.94,70.6,0,15.0,10.3,1021.7,25.0,3.8,155.4,6,0.0,0
2024,1,7,18.94,4.94,10.83,72.1,0,16.1,10.3,1022.0,26.0,3.5,175.1,7,0.0,0
2024,1,8,17.94,5.94,11.0,72.4,0,18.3,11.4,1021.8,25.0,3.6,145.1,6,0.0,0
2024,1,9,18.94,5.94,11.22,70.2,0,17.2,6.9,1020.5,25.4,3.8,164.8,7,0.0,0
2024,1,10,18.94,4.94,11.39,68.6,0,19.0,11.4,1018.0,25.0,4.1,172.1,7,0.0,0
2024,1,11,18.94,6.94,11.28,70.4,0,16.6,11.4,1019.3,32.3,4.0,167.8,7,0.0,0
2024,1,12,18.94,4.94,11.39,70.6,0,13.2,8.1,1019.4,25.0,3.6,159.5,6,0.0,0
2024,1,13,20.94,5.94,12.11,67.4,0,14.5,9.2,1019.3,25.0,3.7,178.0,7,0.0,0
2024,1,14,19.94,5.94,11.83,69.1,0,13.9,11.4,1019.6,25.0,3.9,160.0,6,0.0,0
2024,1,15,18.94,5.94,11.44,69.1,0,11.4,11.4,1018.8,32.3,4.3,111.9,4,0.3,1
2024,1,16,17.94,5.94,11.28,69.8,0,13.4,9.2,1018.0,42.3,4.5,138.8,6,0.2,1
2024,1,17,17.94,5.94,11.0,71.1,0,15.2,12.8,1017.5,41.3,4.7,132.4,5,2.2,1
2024,1,18,16.94,4.94,10.39,72.0,0,15.9,10.3,1017.8,32.8,4.4,149.6,6,0.1,1
2024,1,19,15.94,5.94,10.39,73.5,0,14.8,11.4,1019.5,41.3,3.4,118.7,5,0.0,0
2024,1,20,16.94,4.94,10.39,73.2,0,15.7,10.3,1019.5,36.5,3.2,145.8,6,0.0,0
2024,1,21,16.94,5.94,10.5,67.2,0,16.3,9.2,1017.8,30.2,3.6,165.8,7,0.0,0
2024,1,22,16.94,4.94,10.06,64.8,0,13.9,10.3,1020.8,27.3,3.8,182.8,7,0.0,0
2024,1,23,16.94,4.94,9.94,69.5,0,15.9,8.1,1019.5,34.9,3.7,163.7,7,0.1,1
2024,1,24,16.94,4.94,9.89,70.0,0,13.9,9.2,1019.5,47.5,3.7,120.2,5,0.6,1
2024,1,25,15.94,3.94,9.61,66.9,0,16.8,10.3,1021.5,28.1,3.8,177.2,7,0.0,0
2024,1,26,15.94,3.94,9.44,66.0,0,18.6,10.3,1022.4,26.0,3.9,155.5,6,0.0,0
2024,1,27,15.94,2.94,8.94,64.4,0,15.7,12.8,1020.8,27.3,3.9,140.6,5,0.0,0
2024,1,28,16.94,2.94,9.39,62.9,0,15.0,9.2,1021.5,29.9,3.7,140.6,6,0.0,0
2024,1,29,18.94,3.94,10.11,67.4,0,16.6,11.4,1020.5,25.4,3.7,162.7,7,0.0,0
2024,1,30,15.94,4.94,9.89,73.3,0,15.7,8.1,1019.9,38.0,2.8,140.4,6,0.0,0
2024,1,31,16.94,4.94,10.5,74.0,0,17.0,11.4,1019.5,42.8,2.7,140.9,6,0.0,0
2024,2,1,14.94,6.94,10.28,77.1,0,15.0,11.4,1020.7,59.6,2.5,113.4,5,0.0,0
2024,2,2,17.94,5.94,10.94,67.6,0,19.7,10.3,1017.8,35.5,4.1,201.7,8,0.0,0
2024,2,3,18.94,3.94,10.5,68.2,0,17.7,9.2,1016.5,25.0,4.1,208.9,8,0.0,0
2024,2,4,13.94,5.94,9.72,79.5,0,18.6,9.2,1020.2,57.0,3.0,141.0,7,2.0,1
2024,2,5,17.94,7.94,11.56,73.8,0,19.7,11.4,1019.8,54.4,3.2,170.0,6,1.6,1
2024,2,6,18.94,4.94,11.0,65.7,0,19.9,11.4,1019.2,42.8,4.2,214.6,8,0.0,0
2024,2,7,19.94,3.94,10.89,61.1,0,20.4,15.0,1017.9,40.2,4.3,206.6,8,0.0,0
2024,2,8,17.94,3.94,10.11,64.3,0,19.9,12.8,1016.8,25.0,4.3,193.9,7,0.0,0
2024,2,9,17.94,4.94,10.61,68.2,0,17.4,10.3,1021.7,32.3,3.6,200.9,7,0.0,0
2024,2,10,20.94,4.94,12.22,65.1,0,17.0,11.4,1024.0,25.0,3.2,213.3,8,0.0,0
2024,2,11,20.94,4.94,12.78,60.3,0,15.7,12.8,1024.0,25.0,4.3,215.6,8,0.0,0
2024,2,12,20.94,5.94,13.0,61.6,0,19.0,13.9,1023.9,27.1,3.9,223.9,8,0.0,0
2024,2,13,21.94,7.94,13.61,57.4,0,17.7,11.4,1023.4,61.7,3.8,211.4,8,0.0,0
2024,2,14,16.94,7.94,12.0,62.8,0,12.8,5.8,1022.2,64.3,3.2,97.3,4,0.6,1
2024,2,15,19.94,5.94,12.83,60.7,0,18.8,10.3,1022.8,26.0,4.3,229.9,8,0.0,0
2024,2,16,20.94,6.94,13.61,64.7,0,17.7,8.1,1022.7,25.0,3.6,218.1,8,0.0,0
2024,2,17,19.94,7.94,13.33,69.7,0,20.1,15.0,1018.1,29.2,3.1,205.5,8,0.0,0
2024,2,18,20.94,7.94,13.44,61.4,0,17.7,12.8,1017.7,32.3,3.5,184.6,8,0.0,0
2024,2,19,20.94,7.94,13.94,67.2,0,17.7,11.4,1019.0,29.2,3.1,192.2,7,0.0,0
2024,2,20,21.94,8.94,14.89,64.1,0,28.0,13.9,1016.7,41.3,3.3,205.2,8,0.7,1
2024,2,21,19.94,10.94,14.72,61.1,0,25.7,9.2,1014.2,67.0,3.9,199.0,8,0.0,0
2024,2,22,18.94,5.94,11.72,69.0,0,14.8,12.8,1015.9,62.2,4.1,164.3,6,1.9,1
2024,2,23,17.94,4.94,10.67,68.8,0,15.2,11.4,1018.0,26.0,4.3,233.2,8,0.0,0
2024,2,24,16.94,4.94,11.33,60.8,0,19.9,11.4,1019.6,54.5,4.7,219.5,8,0.0,0
2024,2,25,19.94,4.94,11.89,55.8,0,22.8,12.8,1020.2,48.0,4.7,250.6,9,0.0,0
2024,2,26,19.94,5.94,13.0,53.9,0,22.6,11.4,1021.3,62.3,4.6,210.5,8,0.0,0
2024,2,27,20.94,6.94,13.39,52.2,0,22.6,12.8,1019.9,58.0,4.6,236.9,8,0.0,0
2024,2,28,21.94,5.94,13.83,52.8,0,23.5,11.4,1016.7,25.0,4.3,240.9,8,0.0,0
2024,2,29,21.94,7.94,14.33,63.0,0,20.1,16.1,1017.5,25.0,3.9,221.3,8,0.0,0
2024,3,1,21.94,8.94,14.78,66.6,0,19.2,13.9,1019.5,33.4,3.6,226.8,8,0.0,0
2024,3,2,21.94,12.94,16.56,65.5,0,20.4,11.4,1019.4,84.8,3.4,200.6,8,0.7,1
2024,3,3,17.94,11.94,14.61,78.5,0,21.5,12.8,1019.0,86.9,3.9,139.8,7,13.1,1
2024,3,4,21.94,9.94,15.0,71.9,0,20.1,10.3,1017.9,51.7,4.7,220.1,8,0.1,1
2024,3,5,22.94,8.94,15.5,54.2,0,24.6,16.1,1017.6,25.0,5.0,267.7,9,0.0,0
2024,3,6,22.94,7.94,15.56,48.7,0,23.9,13.9,1017.1,41.3,5.1,249.7,9,0.0,0
2024,3,7,22.94,8.94,15.94,50.4,0,23.3,12.8,1016.4,27.1,4.8,244.2,8,0.0,0
2024,3,8,22.94,8.94,15.44,58.6,0,22.6,13.9,1016.9,25.0,4.3,262.8,9,0.0,0
2024,3,9,22.94,9.94,15.72,61.4,0,22.1,16.1,1017.7,26.0,3.6,257.5,9,0.0,0
2024,3,10,22.94,9.94,15.72,62.6,0,18.6,16.1,1019.9,26.0,3.9,256.1,9,0.0,0
2024,3,11,23.94,11.94,17.22,62.8,0,17.9,12.8,1021.1,46.0,3.6,243.2,9,0.0,0
2024,3,12,24.94,10.94,17.72,61.6,0,21.9,15.0,1017.4,25.0,3.8,260.4,9,0.0,0
2024,3,13,24.94,10.94,17.67,50.7,0,19.7,15.0,1017.0,25.0,4.6,242.9,9,0.0,0
2024,3,14,23.94,10.94,17.56,47.3,0,23.5,13.9,1017.9,25.0,4.5,263.6,9,0.0,0
2024,3,15,24.94,10.94,17.56,46.5,0,20.8,11.4,1018.3,25.0,4.7,280.0,9,0.0,0
2024,3,16,24.94,10.94,17.56,43.0,0,21.3,13.9,1020.5,36.8,4.6,264.6,9,0.0,0
2024,3,17,24.94,9.94,17.56,38.9,0,19.9,10.3,1020.4,33.9,4.7,289.4,10,0.0,0
2024,3,18,24.94,10.94,17.78,38.7,0,21.0,13.9,1019.0,31.3,4.0,275.8,10,0.0,0
2024,3,19,24.94,9.94,17.61,44.6,0,19.2,12.8,1019.8,41.3,4.2,241.8,9,0.2,1
2024,3,20,16.94,11.94,13.44,79.9,0,15.9,8.1,1019.8,91.5,2.9,99.1,5,7.4,1
2024,3,21,18.94,10.94,14.0,83.7,0,15.7,10.3,1019.3,87.8,2.6,167.0,6,7.2,1
2024,3,22,19.94,12.94,15.72,77.5,0,21.5,11.4,1015.1,84.8,3.6,185.7,8,0.5,1
2024,3,23,19.94,12.94,15.56,82.6,0,22.1,5.8,1013.8,88.5,3.5,129.3,6,12.0,1
2024,3,24,22.94,13.94,17.5,78.1,0,15.9,17.2,1016.7,81.0,3.2,235.9,8,0.5,1
2024,3,25,22.94,12.94,18.0,70.0,0,20.8,11.4,1017.8,62.3,3.9,208.1,7,2.6,1
2024,3,26,22.94,13.94,18.06,74.7,0,19.2,16.1,1018.2,81.7,3.7,214.7,8,4.6,1
2024,3,27,20.94,14.94,18.06,78.2,0,17.7,10.3,1020.1,88.0,3.1,207.3,8,4.0,1
2024,3,28,18.94,13.94,16.33,89.0,100,16.1,5.8,1018.5,90.5,3.4,176.2,7,3.2,1
2024,3,29,24.94,13.72,19.61,74.1,100,13.0,9.2,1017.5,80.0,4.3,99.7,3,2.1,1
2024,3,30,26.94,14.94,20.28,70.2,100,23.0,15.0,1018.3,55.4,4.2,203.8,7,11.3,1
2024,3,31,26.94,13.94,19.67,62.1,100,38.5,16.1,1017.8,38.6,4.5,275.6,9,0.0,0
2024,4,1,26.94,12.94,20.06,52.4,0,23.9,11.4,1012.6,36.0,5.2,301.3,10,0.0,0
2024,4,2,28.94,13.94,20.61,52.4,0,24.2,17.2,1012.0,40.2,4.2,297.4,10,0.0,0
2024,4,3,27.94,13.94,20.94,50.6,0,22.4,16.1,1014.4,33.4,3.7,291.1,10,0.0,0
2024,4,4,28.94,14.94,21.89,43.9,0,28.0,16.1,1015.2,61.2,4.2,287.1,10,0.0,0
2024,4,5,28.94,15.94,22.17,43.9,0,19.7,13.9,1013.9,78.5,3.9,230.1,8,0.0,0
2024,4,6,27.94,14.94,21.61,42.5,0,23.7,15.0,1014.4,68.0,3.7,234.3,9,0.0,0
2024,4,7,27.94,13.94,21.17,38.7,0,18.8,16.1,1014.3,47.5,3.8,285.7,10,0.0,0
2024,4,8,26.94,13.94,20.61,35.3,0,19.7,16.1,1016.6,28.2,4.1,288.5,10,0.0,0
2024,4,9,26.94,12.94,19.61,39.5,0,20.4,13.9,1018.3,47.0,3.3,295.3,10,0.0,0
2024,4,10,26.94,12.94,19.94,41.0,0,22.4,15.0,1019.0,46.5,3.0,304.3,10,0.0,0
2024,4,11,25.94,12.94,18.06,52.4,100,31.1,18.3,1020.7,53.3,3.3,299.5,10,1.0,1
2024,4,12,24.94,11.94,18.56,64.0,100,21.3,8.1,1019.8,51.2,3.8,299.8,10,1.5,1
2024,4,13,26.94,14.94,20.44,57.6,0,23.3,12.8,1019.5,43.8,3.4,282.0,9,0.0,0
2024,4,14,29.67,15.94,22.0,52.4,0,23.0,11.4,1019.6,39.9,3.9,285.6,10,0.0,0
2024,4,15,27.94,15.94,22.11,54.3,0,21.7,12.8,1019.0,44.4,3.6,269.3,10,0.0,0
2024,4,16,28.94,17.94,22.83,56.4,0,23.5,16.1,1015.4,57.5,3.4,263.5,9,0.0,0
2024,4,17,27.94,15.94,22.5,53.0,0,21.9,20.8,1012.9,29.4,4.0,280.2,10,0.0,0
2024,4,18,27.94,16.94,22.22,57.4,0,20.4,16.1,1012.6,52.3,3.7,268.2,9,0.0,0
2024,4,19,28.94,17.94,23.22,56.5,0,27.1,15.0,1010.0,29.2,3.5,302.3,10,0.0,0
2024,4,20,29.94,17.94,24.33,44.4,0,35.3,15.0,1010.0,25.0,4.0,300.3,10,0.0,0
2024,4,21,30.94,15.94,23.72,32.8,0,24.8,13.9,1011.4,38.1,4.4,325.8,10,0.0,0
2024,4,22,30.94,16.94,23.72,34.5,0,32.4,24.2,1013.0,48.5,3.8,306.1,10,0.0,0
2024,4,23,28.94,15.94,23.22,34.9,0,27.1,13.9,1013.0,25.0,4.8,295.8,10,0.0,0
2024,4,24,28.94,15.94,22.94,33.8,0,26.6,15.0,1012.2,26.0,4.3,304.8,10,0.0,0
2024,4,25,29.94,14.94,23.22,32.2,0,20.8,12.8,1012.5,25.0,3.5,331.8,10,0.0,0
2024,4,26,29.94,14.94,23.06,34.6,0,22.4,11.4,1012.5,25.2,2.9,327.6,10,0.0,0
2024,4,27,29.94,16.94,23.78,37.2,0,30.2,13.9,1013.9,44.9,3.1,287.5,9,0.0,0
2024,4,28,30.94,16.94,24.39,38.4,0,26.6,15.0,1013.0,28.1,3.9,328.5,10,0.0,0
2024,4,29,30.94,16.94,24.17,32.3,0,27.5,13.9,1013.7,25.0,3.9,328.8,10,0.0,0
2024,4,30,30.94,16.94,24.44,31.3,0,28.0,13.9,1010.1,25.0,3.8,329.4,10,0.0,0
2024,5,1,30.94,16.94,24.22,28.2,0,25.3,17.2,1008.4,25.0,4.1,275.3,9,0.0,0
2024,5,2,28.94,14.94,21.89,25.2,0,24.6,17.2,1009.8,25.0,4.3,334.0,10,0.0,0
2024,5,3,29.94,14.94,22.22,31.7,0,20.1,17.2,1013.0,25.0,3.1,340.7,10,0.0,0
2024,5,4,26.94,15.94,22.11,40.2,0,24.4,11.4,1014.1,67.0,3.3,297.5,10,0.0,0
2024,5,5,27.94,15.94,21.78,52.9,0,22.8,10.3,1010.9,49.1,3.5,292.9,10,0.0,0
2024,5,6,28.94,17.94,22.28,59.7,100,43.8,27.7,1013.4,65.0,4.3,292.9,10,2.0,1
2024,5,7,23.94,15.94,18.67,68.9,100,17.4,15.0,1017.1,79.6,4.3,190.6,9,1.0,1
2024,5,8,21.94,15.94,17.83,78.9,100,16.8,11.4,1018.3,88.5,4.2,107.9,4,12.7,1
2024,5,9,26.94,15.94,19.78,72.0,100,17.2,11.4,1018.5,88.0,4.2,228.5,8,0.0,0
2024,5,10,25.94,16.17,20.72,75.1,100,14.3,10.3,1016.5,81.8,4.3,251.2,7,8.9,1
2024,5,11,26.94,18.94,22.56,70.7,0,17.7,12.8,1017.2,71.2,4.2,261.9,8,0.0,0
2024,5,12,23.94,17.94,19.89,84.8,100,17.0,12.8,1018.3,69.6,4.1,216.0,8,4.6,1
2024,5,13,24.94,16.94,20.78,76.2,0,17.0,6.9,1018.3,63.3,4.3,185.1,7,0.0,0
2024,5,14,27.94,16.94,22.83,70.1,0,17.9,12.8,1018.0,43.3,4.4,275.2,9,0.0,0
2024,5,15,27.94,18.94,23.39,66.0,0,15.9,11.4,1019.0,51.7,4.1,257.7,9,0.0,0
2024,5,16,29.94,18.94,24.11,55.1,0,18.6,12.8,1018.3,39.6,4.6,292.4,9,0.0,0
2024,5,17,30.94,17.94,24.61,50.8,0,19.7,12.8,1015.8,55.4,4.2,268.4,9,0.0,0
2024,5,18,30.94,19.94,25.83,53.5,0,20.6,13.9,1013.4,70.1,3.9,268.5,8,0.0,0
2024,5,19,29.94,18.94,24.5,62.4,100,19.7,12.8,1011.9,69.0,4.1,276.3,9,2.5,1
2024,5,20,25.94,17.94,22.0,71.0,100,15.9,12.8,1013.1,65.4,4.1,248.0,8,4.3,1
2024,5,21,27.94,19.94,23.22,67.1,0,18.3,13.9,1014.0,73.3,4.6,261.3,9,0.0,0
2024,5,22,27.94,19.94,22.61,75.3,100,17.9,18.3,1014.5,82.2,4.5,248.2,9,3.3,1
2024,5,23,27.94,19.94,23.44,70.9,100,23.7,8.1,1013.6,73.8,4.6,238.7,8,0.5,1
2024,5,24,29.94,19.94,24.5,68.8,0,14.8,16.1,1012.5,68.5,4.3,289.5,9,0.0,0
2024,5,25,29.94,20.94,25.0,74.2,100,14.8,13.9,1010.8,74.3,4.8,268.7,9,5.6,1
2024,5,26,28.94,20.94,24.72,76.4,0,15.9,8.1,1009.9,62.8,4.3,237.5,8,1.9,1
2024,5,27,30.94,20.94,24.72,74.5,100,18.1,19.7,1006.7,54.9,4.6,235.8,8,0.0,0
2024,5,28,27.94,20.94,23.67,82.3,100,21.0,8.1,1005.4,84.8,4.4,210.9,6,8.3,1
2024,5,29,29.94,19.94,25.33,73.0,0,16.8,12.8,1007.0,47.5,4.0,254.2,8,0.0,0
2024,5,30,31.94,20.94,26.17,64.6,0,38.0,15.0,1009.8,48.6,4.3,297.7,9,0.0,0
2024,5,31,30.94,20.94,24.94,67.1,100,20.8,16.1,1010.6,70.6,4.4,275.5,8,1.5,1
2024,6,1,29.94,20.94,23.78,68.6,0,15.4,12.8,1012.6,60.7,4.4,241.8,8,1.5,1
2024,6,2,28.94,19.94,24.17,68.9,100,21.7,13.9,1013.2,65.9,4.5,260.9,9,0.0,0
2024,6,3,28.94,19.94,24.5,68.4,0,23.0,10.3,1012.2,61.2,4.4,255.8,8,0.0,0
2024,6,4,27.94,18.94,23.11,68.6,100,22.4,11.4,1012.6,60.1,4.7,270.6,9,22.6,1
2024,6,5,28.94,17.94,23.44,69.9,100,20.4,16.1,1013.4,58.5,4.7,252.2,9,1.0,1
2024,6,6,28.94,18.94,23.78,71.7,100,17.2,12.8,1013.6,59.5,4.7,265.3,8,3.6,1
2024,6,7,28.94,20.94,24.28,71.4,0,17.4,13.9,1011.3,73.3,4.8,239.9,8,0.0,0
2024,6,8,28.94,20.94,25.11,71.8,100,19.7,12.8,1010.1,70.1,4.6,245.2,8,2.3,1
2024,6,9,30.94,21.94,26.17,69.2,0,19.2,12.8,1009.6,49.6,4.4,278.4,8,0.0,0
2024,6,10,31.94,21.94,27.0,63.8,0,22.6,13.9,1010.3,26.0,4.4,296.4,9,0.0,0
2024,6,11,30.94,22.94,26.56,69.9,0,17.4,15.0,1010.3,66.5,4.0,263.5,9,0.0,0
2024,6,12,30.94,22.94,26.67,66.8,0,16.6,10.3,1010.5,52.7,4.0,276.8,9,0.0,0
2024,6,13,30.94,20.56,26.89,66.0,0,20.1,12.8,1008.9,38.4,4.6,261.2,8,0.0,0
2024,6,14,30.94,23.94,27.06,69.5,0,21.9,11.4,1008.0,66.9,3.7,251.3,8,0.0,0
2024,6,15,31.94,23.94,27.22,69.9,100,28.0,13.9,1008.0,70.6,3.6,245.2,8,0.0,0
2024,6,16,30.94,21.94,26.0,75.1,100,25.3,13.9,1009.3,83.6,4.5,183.5,7,2.8,1
2024,6,17,28.94,20.17,24.78,84.0,100,19.2,10.3,1009.5,86.9,4.3,134.1,5,13.2,1
2024,6,18,28.94,22.94,24.39,91.0,100,24.4,13.9,1006.8,89.0,3.2,119.2,6,23.6,1
2024,6,19,28.94,20.94,24.78,82.2,100,31.3,15.0,1005.3,82.2,4.0,98.0,4,4.8,1
2024,6,20,28.94,19.44,24.17,80.7,100,28.4,13.9,1006.6,72.7,5.1,171.8,8,36.1,1
2024,6,21,27.94,21.94,24.89,73.3,0,14.3,11.4,1009.3,63.3,5.7,142.7,5,0.0,0
2024,6,22,29.94,21.94,25.33,76.5,100,16.8,11.4,1010.0,72.2,4.7,137.1,6,5.1,1
2024,6,23,28.94,22.94,25.83,75.7,100,17.0,11.4,1010.5,80.1,4.7,237.6,8,0.3,1
2024,6,24,28.94,22.94,26.17,71.6,100,16.1,16.1,1009.7,77.5,5.2,180.9,7,0.8,1
2024,6,25,29.94,22.17,25.94,75.0,100,15.9,16.1,1007.8,77.0,4.2,183.9,8,0.0,0
2024,6,26,25.94,21.94,23.94,86.7,100,14.1,10.3,1010.5,88.0,4.3,68.1,3,50.3,1
2024,6,27,27.94,21.94,24.89,82.7,100,10.7,6.9,1012.3,88.0,4.3,89.6,5,0.3,1
2024,6,28,27.94,20.94,24.33,84.5,100,13.2,15.0,1009.9,90.0,4.7,149.9,5,19.6,1
2024,6,29,26.94,21.94,24.5,83.5,100,13.6,10.3,1008.6,89.0,4.9,144.4,5,12.7,1
2024,6,30,26.94,21.94,23.83,91.7,100,16.3,8.1,1008.1,88.0,4.3,128.5,6,56.6,1
2024,7,1,27.94,21.94,24.06,89.2,100,15.4,12.8,1006.0,88.0,4.5,172.9,7,39.6,1
2024,7,2,24.94,20.94,22.39,99.1,100,17.7,9.2,1005.5,91.5,3.9,157.0,6,32.8,1
2024,7,3,27.94,21.94,23.67,91.9,100,15.9,11.4,1008.5,88.0,4.5,81.3,3,6.6,1
2024,7,4,26.94,21.94,23.89,92.0,100,18.6,9.2,1010.0,86.4,4.4,149.4,5,21.1,1
2024,7,5,26.94,21.94,23.56,89.9,100,22.8,13.9,1008.3,88.0,4.3,71.1,3,20.3,1
2024,7,6,21.94,19.94,21.11,100.0,100,23.3,10.3,1008.5,96.0,3.3,39.3,1,48.4,1
2024,7,7,25.94,20.94,22.44,96.2,100,15.4,8.1,1011.8,89.5,4.1,113.0,4,30.7,1
2024,7,8,26.94,21.94,23.94,88.6,100,15.4,10.3,1012.0,83.3,4.3,156.9,7,2.0,1
2024,7,9,26.94,21.94,24.44,86.0,100,16.3,12.8,1012.3,88.0,4.3,185.2,7,0.5,1
2024,7,10,25.94,20.94,23.39,92.2,100,16.8,13.9,1012.3,88.5,3.6,71.1,3,18.0,1
2024,7,11,24.94,20.94,22.61,96.0,100,20.4,6.9,1008.9,89.4,3.6,57.4,2,40.6,1
2024,7,12,25.94,20.94,22.83,92.6,100,19.5,11.4,1007.2,90.5,4.1,82.1,5,29.7,1
2024,7,13,28.94,20.94,24.39,82.8,100,18.3,11.4,1006.9,87.3,4.5,132.0,7,24.4,1
2024,7,14,28.94,21.94,24.94,83.9,100,12.8,11.4,1007.4,83.3,4.7,187.8,7,1.0,1
2024,7,15,28.94,22.94,25.78,79.1,100,14.1,12.8,1010.6,80.1,4.5,177.0,6,13.0,1
2024,7,16,28.94,22.94,25.06,85.9,100,14.3,8.1,1011.8,88.0,5.0,150.7,6,0.0,0
2024,7,17,27.94,21.22,24.28,92.0,100,13.4,15.0,1011.0,88.5,4.6,144.5,6,25.4,1
2024,7,18,29.94,21.94,24.89,86.3,100,16.3,10.3,1009.8,88.0,4.6,156.6,6,9.8,1
2024,7,19,28.94,20.94,25.28,80.1,100,15.4,8.1,1008.9,78.0,5.2,131.8,8,25.7,1
2024,7,20,29.94,22.94,25.22,85.5,100,15.0,9.2,1009.3,86.4,4.8,205.1,7,1.5,1
2024,7,21,26.94,21.94,24.39,90.2,0,12.5,9.2,1009.7,88.0,4.2,108.4,4,23.8,1
2024,7,22,27.94,20.94,24.39,89.5,0,14.3,8.1,1009.4,89.0,4.5,133.6,6,7.6,1
2024,7,23,26.94,20.94,23.78,90.5,0,12.5,8.1,1008.0,88.5,4.3,126.8,4,10.7,1
2024,7,24,28.94,21.94,24.5,88.6,0,13.4,9.2,1004.8,88.0,4.7,141.9,5,28.2,1
2024,7,25,28.94,21.94,24.56,89.0,0,16.3,9.2,1003.7,88.0,4.6,107.5,5,29.8,1
2024,7,26,28.94,21.94,25.22,85.5,0,16.1,11.4,1005.5,88.0,4.7,170.9,6,12.2,1
2024,7,27,29.94,22.94,26.39,81.8,0,15.0,10.3,1007.7,88.0,5.0,190.5,7,3.3,1
2024,7,28,28.94,20.94,24.89,90.3,0,13.2,8.1,1008.7,90.0,4.6,171.0,6,24.8,1
2024,7,29,30.94,21.94,25.44,86.7,0,13.9,10.3,1008.5,86.3,4.6,113.0,7,44.0,1
2024,7,30,28.94,21.94,25.11,88.4,0,15.4,11.4,1009.8,88.0,4.4,217.9,6,18.0,1
2024,7,31,29.94,19.94,25.17,78.1,100,15.4,11.4,1010.7,68.5,5.0,227.9,8,62.5,1
2024,8,1,27.94,22.94,24.94,84.7,100,15.9,15.0,1009.2,71.7,4.6,171.7,8,0.3,1
2024,8,2,28.94,20.94,23.83,87.5,100,14.3,11.4,1007.4,88.0,4.5,171.9,7,0.8,1
2024,8,3,28.94,21.94,24.78,81.0,100,26.4,13.9,1009.5,80.6,5.1,110.8,4,5.6,1
2024,8,4,27.94,20.94,24.67,81.1,0,17.4,13.9,1012.2,72.6,5.5,166.5,5,0.0,0
2024,8,5,28.94,21.94,24.72,83.8,100,14.3,12.8,1012.1,74.3,4.7,178.3,7,1.0,1
2024,8,6,25.94,20.94,22.83,91.6,100,11.6,10.3,1011.0,93.5,3.7,47.5,2,73.4,1
2024,8,7,26.94,20.94,23.28,91.8,100,17.9,10.3,1011.8,86.4,4.4,111.4,5,25.9,1
2024,8,8,27.94,20.94,22.94,94.3,100,18.6,8.1,1012.7,88.0,4.1,165.0,8,20.8,1
2024,8,9,25.94,20.94,22.78,94.3,100,18.3,9.2,1013.6,88.0,4.0,137.4,5,5.1,1
2024,8,10,25.94,20.94,23.17,89.5,100,17.2,8.1,1012.3,88.5,4.1,88.7,3,0.8,1
2024,8,11,25.94,20.94,22.83,94.8,100,14.1,10.3,1011.8,89.0,3.9,72.3,3,29.0,1
2024,8,12,26.94,21.94,24.06,88.3,100,15.0,12.8,1012.4,88.0,4.6,177.7,7,22.2,1
2024,8,13,28.94,21.94,23.94,90.3,100,13.9,13.9,1013.5,83.8,4.1,138.7,6,15.2,1
2024,8,14,28.94,20.94,24.22,85.9,100,13.9,39.1,1014.2,89.5,4.0,96.5,3,14.7,1
2024,8,15,29.94,21.94,24.22,82.9,100,16.8,19.7,1013.2,81.7,4.9,221.3,8,1.3,1
2024,8,16,28.94,18.94,23.89,81.9,100,14.3,11.4,1012.7,72.8,4.7,226.2,7,1.8,1
2024,8,17,29.94,20.94,24.89,82.0,100,13.6,12.8,1013.5,76.9,4.7,244.3,9,13.7,1
2024,8,18,28.94,19.94,23.5,88.0,100,13.6,12.8,1014.9,88.3,4.3,200.1,7,27.7,1
2024,8,19,27.94,20.94,23.39,90.4,100,17.0,10.3,1013.3,88.0,4.1,204.7,7,7.9,1
2024,8,20,25.94,19.94,22.39,92.5,100,13.4,9.2,1014.1,88.0,4.2,34.5,1,6.9,1
2024,8,21,23.94,19.94,21.39,98.3,0,13.4,9.2,1014.9,90.0,3.3,133.6,4,1.3,1
2024,8,22,26.94,19.94,22.83,91.0,0,14.1,9.2,1014.0,88.0,4.2,110.9,4,6.5,1
2024,8,23,27.94,21.94,23.67,90.3,0,16.1,9.2,1014.4,88.0,4.2,145.0,6,7.7,1
2024,8,24,28.94,20.94,24.22,86.7,0,18.8,15.0,1014.3,84.8,4.5,210.0,7,5.6,1
2024,8,25,28.94,20.94,24.06,84.5,0,13.4,13.9,1012.8,70.6,4.7,217.7,7,4.0,1
2024,8,26,28.94,20.94,22.78,92.3,0,12.5,15.0,1013.1,81.6,4.0,170.0,7,8.7,1
2024,8,27,27.94,19.94,22.56,90.7,100,17.7,9.2,1014.6,88.0,4.2,169.8,8,7.6,1
2024,8,28,28.94,20.94,24.56,84.0,0,15.0,12.8,1014.3,81.7,4.5,206.2,8,0.0,0
2024,8,29,28.94,20.94,23.61,89.0,100,15.9,12.8,1014.5,84.8,4.1,189.0,8,2.8,1
2024,8,30,30.94,19.94,24.89,78.1,100,16.1,12.8,1014.8,44.9,5.3,247.5,9,6.6,1
2024,8,31,30.94,21.94,25.28,85.1,100,16.1,13.9,1014.3,73.8,4.2,220.9,8,0.5,1
2024,9,1,22.94,20.94,21.78,99.3,100,15.7,8.1,1015.6,90.0,3.7,59.8,2,0.0,0
2024,9,2,28.94,20.94,24.17,83.0,100,14.8,11.4,1015.9,83.3,4.5,185.6,7,0.0,0
2024,9,3,27.94,19.94,23.39,88.1,100,15.0,9.2,1015.9,75.9,4.3,211.4,8,4.0894,1
2024,9,4,27.94,20.94,23.56,86.6,0,15.7,13.9,1012.7,86.4,4.3,177.1,7,0.0,0
2024,9,5,25.94,19.94,22.83,89.1,0,14.3,106.0,1011.1,88.0,3.9,125.9,5,17.4,1
2024,9,6,27.94,19.94,23.28,87.2,0,23.3,13.9,1013.5,83.3,4.6,144.7,8,33.2,1
2024,9,7,29.94,20.94,24.72,80.5,0,15.4,11.4,1013.7,61.2,5.3,187.8,9,5.0,1
2024,9,8,29.94,20.94,25.0,77.3,0,14.5,15.0,1013.5,61.7,5.0,209.6,8,0.0,0
2024,9,9,28.94,20.94,24.5,83.5,0,16.3,11.4,1012.0,73.8,4.5,165.6,7,0.0,0
2024,9,10,29.94,21.94,25.06,82.1,0,15.0,12.8,1011.3,62.2,4.7,203.1,8,0.0,0
2024,9,11,29.94,21.94,25.22,79.9,0,19.5,12.8,1011.9,55.3,5.2,200.6,8,0.0,0
2024,9,12,27.94,21.94,24.17,82.1,100,19.2,9.2,1012.9,75.9,4.4,151.8,6,0.8,1
2024,9,13,28.94,19.94,23.39,86.3,0,15.0,11.4,1011.5,71.7,4.6,181.2,7,6.2,1
2024,9,14,25.94,19.94,22.11,90.1,100,17.9,15.0,1010.7,76.9,4.3,116.8,6,0.5,1
2024,9,15,26.94,18.94,22.33,86.3,100,17.4,11.4,1011.1,88.0,4.3,125.6,5,1.0,1
2024,9,16,26.94,19.94,22.78,84.9,100,10.5,6.9,1013.0,88.0,4.8,77.8,3,22.6,1
2024,9,17,27.94,20.94,23.56,85.4,100,17.0,6.9,1015.0,77.5,4.4,128.4,5,0.0,0
2024,9,18,29.94,19.94,24.72,80.1,0,15.7,10.3,1014.8,38.6,4.7,235.7,8,3.7,1
2024,9,19,29.94,21.94,25.61,79.4,0,14.3,10.3,1014.4,52.2,4.7,227.5,8,0.0,0
2024,9,20,28.94,21.94,24.33,88.5,100,12.3,11.4,1014.5,81.7,4.2,177.3,7,1.3,1
2024,9,21,29.94,20.94,25.0,79.1,100,13.2,10.3,1015.6,84.8,4.8,156.6,7,12.8,1
2024,9,22,30.94,22.94,25.78,73.4,0,12.8,9.2,1015.0,63.8,4.7,247.6,8,0.0,0
2024,9,23,31.94,21.94,26.06,73.9,0,13.6,10.3,1015.2,46.5,4.9,231.7,8,2.9,1
2024,9,24,27.94,22.94,24.22,81.9,100,14.8,10.3,1015.1,81.2,4.1,177.5,8,0.0,0
2024,9,25,26.94,19.94,23.28,83.4,100,12.8,8.1,1015.4,88.0,4.3,95.6,3,0.8,1
2024,9,26,23.94,19.94,22.39,88.2,0,34.0,9.2,1014.7,88.0,4.4,49.9,3,0.0,0
2024,9,27,19.94,17.94,18.89,100.0,100,35.1,6.9,1015.9,95.5,3.0,13.5,0,97.0,1
2024,9,28,18.94,16.94,17.89,99.9,100,24.8,5.8,1016.3,96.5,3.1,18.5,1,164.3,1
2024,9,29,25.94,16.94,20.94,87.0,100,17.4,9.2,1017.0,79.0,4.3,196.8,7,0.0,0
2024,9,30,26.94,18.94,22.44,87.3,0,18.1,10.3,1015.2,68.0,4.8,173.4,6,0.0,0
2024,10,1,28.94,20.94,24.06,84.3,0,16.1,11.4,1012.8,63.3,4.9,182.0,6,0.0,0
2024,10,2,27.94,21.94,24.28,84.1,100,12.3,15.0,1012.4,82.8,4.3,180.8,6,1.0,1
2024,10,3,26.94,19.94,23.11,86.7,100,14.1,10.3,1013.0,80.6,4.2,88.3,5,4.6,1
2024,10,4,26.94,20.94,23.0,84.2,0,16.8,10.3,1013.6,71.7,4.7,166.0,7,0.0,0
2024,10,5,25.94,19.94,22.83,83.0,0,6.3,10.3,1015.7,86.4,4.6,179.6,7,0.0,0
2024,10,6,26.94,18.94,22.61,80.6,0,14.1,9.2,1019.0,80.1,4.5,177.2,7,0.0,0
2024,10,7,26.94,18.06,22.56,81.5,0,14.5,10.3,1021.3,63.2,4.6,167.8,6,0.0,0
2024,10,8,26.94,19.94,22.67,78.3,0,14.8,10.3,1020.6,58.5,5.2,201.1,7,0.0,0
2024,10,9,26.94,17.94,22.33,75.3,0,16.3,11.4,1017.9,41.7,5.0,211.5,8,0.0,0
2024,10,10,26.94,17.94,21.72,77.1,0,16.8,9.2,1016.7,62.8,4.7,201.8,8,0.0,0
2024,10,11,26.94,17.94,21.89,72.6,0,17.0,12.8,1016.1,52.3,4.3,199.8,8,0.0,0
2024,10,12,25.94,17.94,21.17,74.8,0,17.2,10.3,1017.7,62.3,4.4,188.5,8,0.0,0
2024,10,13,24.94,15.94,20.28,79.9,0,8.3,10.3,1018.9,36.0,4.5,220.0,8,0.0,0
2024,10,14,24.94,17.94,20.89,77.3,0,17.4,10.3,1018.9,67.5,4.3,153.9,5,0.0,0
2024,10,15,24.94,15.94,20.17,81.5,0,17.0,8.1,1017.5,33.3,4.1,171.0,6,0.0,0
2024,10,16,24.94,16.94,20.22,78.6,0,15.7,9.2,1017.6,70.3,4.0,190.9,7,0.0,0
2024,10,17,23.94,16.94,19.89,80.7,0,15.9,9.2,1018.3,63.3,3.5,174.3,7,0.0,0
2024,10,18,23.94,15.94,19.56,81.6,100,14.8,9.2,1017.8,59.7,4.0,173.2,7,0.0,0
2024,10,19,23.94,14.94,19.22,77.9,0,14.5,8.1,1018.6,50.6,3.6,175.0,7,0.0,0
2024,10,20,23.94,16.94,19.5,76.7,0,16.8,12.8,1020.5,61.7,3.8,179.8,7,0.0,0
2024,10,21,24.94,13.94,18.83,77.9,0,8.1,10.3,1020.8,36.5,3.9,215.6,8,0.0,0
2024,10,22,26.94,14.94,20.06,70.8,0,16.1,11.4,1021.1,35.5,4.3,203.5,8,0.0,0
2024,10,23,27.94,14.94,20.89,70.3,0,13.6,8.1,1020.1,35.5,4.9,200.8,8,0.0,0
2024,10,24,25.94,16.94,20.56,73.5,0,16.6,11.4,1018.8,32.8,4.6,203.9,8,0.2,1
2024,10,25,23.94,16.94,19.72,81.0,0,17.0,11.4,1017.8,60.7,4.5,191.0,7,0.3,1
2024,10,26,23.94,15.94,19.72,82.8,0,11.6,9.2,1018.3,52.8,4.5,213.8,8,0.0,0
2024,10,27,25.94,16.94,21.06,81.6,0,14.8,11.4,1017.6,43.8,4.6,204.2,8,0.3,1
2024,10,28,25.94,15.17,21.22,80.1,0,6.3,9.2,1016.4,45.5,5.0,219.7,8,0.0,0
2024,10,29,25.94,16.94,21.06,76.9,0,15.9,10.3,1016.9,40.7,4.9,209.1,8,0.0,0
2024,10,30,25.94,15.94,20.67,75.0,0,15.9,9.2,1017.5,31.8,4.7,153.9,7,0.5,1
2024,10,31,24.94,15.94,20.33,77.0,0,14.1,10.3,1018.1,41.8,4.2,117.7,6,0.0,0
2024,11,1,24.94,15.94,20.22,80.1,0,13.6,12.8,1019.2,52.3,3.9,131.6,5,1.6,1
2024,11,2,23.94,18.94,20.5,78.6,0,11.4,6.9,1020.7,88.0,3.4,144.1,6,0.6,1
2024,11,3,24.94,16.94,19.72,87.0,0,12.5,9.2,1021.4,83.8,3.2,165.0,6,6.7,1
2024,11,4,20.94,15.94,17.72,87.3,0,11.6,11.4,1020.9,86.4,4.1,111.1,5,12.2,1
2024,11,5,24.94,13.94,18.28,75.5,100,10.5,11.4,1022.3,59.6,5.1,182.5,7,0.1,1
2024,11,6,23.94,12.94,17.94,75.0,0,13.2,11.4,1022.3,32.8,4.7,204.5,8,0.0,0
2024,11,7,23.94,12.94,18.11,75.0,0,12.8,10.3,1021.4,25.0,4.9,205.0,8,0.0,0
2024,11,8,22.94,13.94,18.17,79.3,0,14.5,9.2,1021.3,48.5,4.4,181.5,6,0.0,0
2024,11,9,22.94,14.94,18.39,77.5,0,9.4,9.2,1021.4,60.6,4.2,113.1,4,0.0,0
2024,11,10,22.94,14.94,18.44,75.3,0,10.7,9.2,1021.7,61.6,4.2,122.8,5,0.4,1
2024,11,11,23.94,13.94,18.11,74.5,0,14.8,10.3,1020.8,42.6,4.7,154.6,6,0.0,0
2024,11,12,23.94,12.94,17.56,78.1,0,14.8,10.3,1019.9,33.4,4.0,151.5,6,0.0,0
2024,11,13,23.94,11.94,16.94,70.9,0,15.2,8.1,1018.7,27.1,3.7,140.6,5,0.0,0
2024,11,14,22.94,12.94,17.17,80.3,0,16.1,9.2,1020.0,40.5,3.5,153.1,6,0.0,0
2024,11,15,22.94,11.94,16.72,80.0,0,15.2,9.2,1018.9,25.0,3.4,143.4,6,0.0,0
2024,11,16,21.94,12.94,16.61,80.6,0,16.3,8.1,1017.9,44.4,3.4,155.3,6,0.0,0
2024,11,17,21.94,12.94,16.61,75.6,0,8.5,9.2,1018.4,51.2,3.7,182.7,7,0.0,0
2024,11,18,21.94,11.94,15.72,74.2,100,15.0,8.1,1020.2,36.0,3.8,151.3,6,0.0,0
2024,11,19,21.94,9.94,15.33,74.6,100,13.4,8.1,1021.2,29.2,4.3,136.2,6,0.0,0
2024,11,20,20.94,9.94,14.89,74.6,100,13.0,9.2,1020.3,32.8,4.6,125.3,5,1.3,1
2024,11,21,20.94,9.94,15.0,73.4,100,13.0,10.3,1019.3,45.4,4.8,130.9,5,1.0,1
2024,11,22,19.94,10.94,14.5,77.2,0,7.8,10.3,1019.5,42.3,4.1,117.6,6,0.0,0
2024,11,23,19.94,9.94,14.22,78.4,0,13.4,10.3,1020.0,35.5,4.6,105.0,5,0.0,0
2024,11,24,19.94,8.94,13.78,78.0,0,17.9,12.8,1019.4,29.2,4.4,136.4,6,0.0,0
2024,11,25,19.94,8.94,14.06,73.4,0,18.1,11.4,1019.3,41.3,4.1,137.4,6,0.0,0
2024,11,26,19.94,9.94,14.28,74.5,0,15.0,9.2,1019.1,34.4,3.3,106.5,4,0.0,0
2024,11,27,18.94,8.94,13.78,71.9,100,14.5,9.2,1019.1,31.3,3.7,140.7,6,0.5,1
2024,11,28,19.94,8.94,13.56,72.3,0,13.2,9.2,1021.0,27.1,3.7,152.5,6,0.2,1
2024,11,29,19.94,8.94,13.39,74.9,0,15.2,10.3,1021.8,25.0,3.8,172.5,7,0.0,0
2024,11,30,19.94,7.94,13.28,73.4,0,14.5,8.1,1019.5,25.0,4.2,176.5,7,0.0,0
2024,12,1,19.94,7.94,13.22,74.6,0,15.7,9.2,1017.5,25.0,4.1,167.7,7,0.0,0
2024,12,2,19.94,7.94,13.22,78.1,0,17.0,12.8,1017.8,25.0,3.9,163.2,6,0.0,0
2024,12,3,19.94,7.94,12.89,76.9,0,16.8,10.3,1018.8,32.3,4.1,172.3,7,0.0,0
2024,12,4,20.94,6.94,12.89,70.2,0,18.1,10.3,1017.2,25.0,4.2,166.0,6,0.0,0
2024,12,5,18.94,6.94,12.28,75.6,0,17.7,6.9,1017.0,28.7,3.9,154.4,6,0.0,0
2024,12,6,18.94,9.94,12.89,79.6,0,17.9,10.3,1015.9,47.0,3.3,141.4,6,0.0,0
2024,12,7,18.94,9.94,13.22,78.8,0,16.6,9.2,1017.0,57.0,2.7,147.4,6,0.0,0
2024,12,8,18.94,8.94,13.06,74.7,0,16.6,12.8,1018.0,53.8,2.9,163.0,6,0.0,0
2024,12,9,17.94,6.94,11.78,78.1,0,15.7,10.3,1017.6,44.7,3.6,133.7,5,0.0,0
2024,12,10,16.94,6.94,11.17,67.6,0,16.8,8.1,1017.3,28.7,3.7,161.8,6,0.0,0
2024,12,11,18.94,4.94,10.5,68.8,0,17.0,10.3,1018.8,25.0,3.6,176.5,7,0.0,0
2024,12,12,18.94,3.94,10.5,72.9,0,17.9,10.3,1018.0,25.0,3.6,176.2,7,0.0,0
2024,12,13,18.94,3.94,10.5,63.5,0,18.3,10.3,1018.0,29.7,4.2,179.7,7,0.0,0
2024,12,14,17.94,2.94,9.89,61.8,0,14.8,8.1,1020.1,25.0,4.2,163.5,6,0.0,0
2024,12,15,18.94,3.94,10.78,75.6,0,12.3,5.8,1022.7,25.0,3.7,172.1,7,0.0,0
2024,12,16,20.94,5.94,12.0,67.0,0,15.0,6.9,1021.5,25.0,3.8,173.8,7,0.0,0
2024,12,17,19.94,5.94,11.83,66.9,0,16.1,9.2,1020.3,25.0,3.9,173.2,7,0.0,0
2024,12,18,18.94,4.94,11.61,71.1,0,17.0,11.4,1019.2,25.0,4.1,175.8,7,0.0,0
2024,12,19,18.94,5.94,11.06,73.3,0,15.9,9.2,1020.1,28.7,3.9,159.3,6,0.0,0
2024,12,20,18.94,5.94,11.33,74.8,0,16.3,5.8,1018.4,24.0,4.4,173.2,7,0.0,0
2024,12,21,17.94,4.94,10.67,71.6,0,15.7,9.2,1018.5,25.0,4.0,158.8,7,0.0,0
2024,12,22,16.94,4.94,10.61,76.6,0,18.3,10.3,1019.6,25.0,4.0,164.2,6,0.0,0
2024,12,23,17.94,4.94,10.72,73.7,0,16.3,6.9,1020.0,25.0,3.6,161.0,7,0.0,0
2024,12,24,16.94,4.94,10.61,74.6,0,14.5,6.9,1020.3,50.2,3.4,155.1,6,0.0,0
2024,12,25,18.94,7.94,12.33,68.9,0,15.7,10.3,1021.5,51.8,3.9,127.1,5,0.2,1
2024,12,26,18.94,4.94,11.17,67.2,0,19.2,9.2,1024.0,25.0,4.2,174.7,7,0.0,0
2024,12,27,19.94,4.94,11.39,69.4,0,14.3,4.7,1024.1,25.0,3.7,175.9,7,0.0,0
2024,12,28,15.94,6.94,10.83,76.6,0,14.5,4.7,1023.8,71.2,2.8,67.2,3,2.0,1
2024,12,29,19.94,6.94,12.67,68.3,0,15.2,11.4,1021.4,43.4,3.3,137.5,6,1.6,1
2024,12,30,17.94,5.94,11.33,71.1,0,13.6,8.1,1020.5,25.0,4.1,150.8,6,0.0,0
2024,12,31,17.94,5.94,11.44,74.8,0,15.0,10.3,1021.7,26.0,3.6,155.8,6,0.0,0
2025,1,1,18.94,5.94,11.56,74.0,0,14.5,8.1,1019.3,26.0,3.7,161.4,6,0.0,0
2025,1,2,18.94,5.94,11.78,73.6,0,13.9,8.1,1019.5,25.0,3.7,176.8,7,0.0,0
2025,1,3,19.94,6.94,12.33,70.8,0,15.0,9.2,1020.5,44.3,4.4,172.0,7,0.0,0
2025,1,4,19.94,6.94,12.56,73.6,0,14.3,8.1,1020.1,25.0,4.0,178.7,7,0.0,0
2025,1,5,16.94,6.94,11.11,90.0,0,14.3,5.8,1021.3,68.0,3.1,131.3,5,0.0,0
2025,1,6,19.94,7.94,12.61,79.7,0,16.1,9.2,1019.8,52.3,3.3,173.9,7,0.0,0
2025,1,7,16.94,8.94,11.78,77.5,0,17.7,10.3,1016.7,54.9,88.6,116.1,5,0.0,0
2025,1,8,17.94,5.94,11.17,76.0,0,14.5,6.9,1015.7,35.2,4.4,145.8,6,0.0,0
2025,1,9,17.94,4.94,10.39,76.9,0,16.3,8.1,1019.0,29.7,3.7,134.4,6,0.0,0
2025,1,10,17.94,4.94,10.72,70.7,0,14.5,6.9,1022.7,25.0,4.1,153.4,6,0.0,0
2025,1,11,19.94,4.94,11.39,68.7,0,15.0,6.9,1023.7,25.0,4.1,182.5,7,0.0,0
2025,1,12,18.94,4.94,11.06,73.6,0,14.3,11.4,1023.0,46.5,3.9,145.9,6,0.1,1
2025,1,13,17.94,5.94,11.06,70.8,0,17.7,10.3,1019.8,26.0,3.9,177.5,7,0.0,0
2025,1,14,17.94,5.94,11.06,72.5,0,17.2,10.3,1021.5,25.0,3.6,181.0,7,0.0,0
2025,1,15,18.94,5.94,11.28,74.2,0,14.5,9.2,1023.3,40.2,3.7,170.2,6,0.0,0
2025,1,16,18.94,7.94,12.06,73.3,0,15.2,8.1,1023.3,84.8,3.6,173.9,7,0.0,0
2025,1,17,18.94,6.94,11.94,69.4,0,17.4,11.4,1021.8,67.0,3.9,182.8,7,0.0,0
2025,1,18,19.94,4.94,11.33,63.9,0,17.2,9.2,1020.1,25.0,4.2,190.0,7,0.0,0
2025,1,19,21.94,4.94,12.44,61.7,0,18.3,10.3,1018.0,25.0,4.0,189.8,7,0.0,0
2025,1,20,23.94,5.94,13.33,62.2,0,18.8,6.9,1015.8,25.0,3.7,189.6,7,0.0,0
2025,1,21,23.94,5.94,14.28,58.0,0,19.5,8.1,1015.4,25.0,4.1,192.2,7,0.0,0
2025,1,22,24.94,6.94,14.89,52.5,0,19.2,12.8,1016.8,25.0,4.3,188.9,7,0.0,0
2025,1,23,23.94,6.94,14.44,48.6,0,19.7,13.9,1016.8,27.1,5.0,193.4,7,0.0,0
2025,1,24,19.94,7.94,13.0,54.6,0,23.3,13.9,1015.4,25.0,4.5,193.0,7,0.0,0
2025,1,25,19.94,4.94,11.72,64.2,0,19.2,10.3,1015.2,25.0,3.8,164.9,7,0.0,0
2025,1,26,17.94,7.94,12.56,71.8,0,14.8,10.3,1017.2,55.4,3.4,96.5,4,0.0,0
2025,1,27,19.94,6.94,12.44,73.7,0,13.6,9.2,1015.3,25.0,3.1,148.6,6,0.0,0
2025,1,28,18.94,7.94,12.78,73.4,0,13.4,11.4,1016.1,55.3,3.2,143.6,6,0.0,0
2025,1,29,19.94,8.94,13.56,72.0,0,17.9,10.3,1019.0,42.8,3.4,135.5,6,0.0,0
2025,1,30,19.94,9.94,13.56,74.4,0,20.4,9.2,1014.7,43.4,3.5,183.9,7,0.0,0
2025,1,31,20.94,6.94,12.89,69.8,0,19.2,12.8,1014.7,26.0,3.4,199.6,7,0.0,0
2025,2,1,20.94,5.94,12.72,67.3,0,22.1,10.3,1016.8,25.0,3.7,205.3,8,0.0,0
2025,2,2,21.94,4.94,12.72,52.0,0,21.7,9.2,1016.7,25.0,4.3,213.6,8,0.0,0
2025,2,3,20.94,4.94,12.72,60.1,0,18.8,10.3,1016.5,25.0,3.8,210.9,7,0.0,0
2025,2,4,21.94,6.94,13.72,67.8,0,19.9,9.2,1017.7,30.8,3.5,194.7,8,0.0,0
2025,2,5,22.94,8.94,15.72,57.5,0,29.8,17.2,1015.9,32.3,4.3,210.0,8,0.0,0
2025,2,6,22.94,7.94,14.61,53.6,0,22.4,13.9,1016.0,25.0,4.3,218.1,8,0.0,0
2025,2,7,22.94,5.94,13.5,45.5,0,19.9,12.8,1016.3,25.0,4.5,222.7,8,0.0,0
2025,2,8,19.94,4.94,12.11,56.9,0,17.2,13.9,1016.8,29.8,4.2,199.5,8,0.0,0
2025,2,9,19.94,8.94,13.72,68.5,0,19.9,10.3,1017.1,45.5,3.0,162.1,7,0.0,0
2025,2,10,20.94,7.94,13.72,71.7,0,23.7,13.9,1017.2,25.0,2.9,183.1,7,0.0,0
2025,2,11,19.94,7.72,13.22,64.7,0,24.2,16.1,1015.3,30.5,5.9,210.0,8,0.0,0
2025,2,12,19.94,7.94,13.39,61.0,0,22.4,16.1,1015.3,30.8,3.7,181.8,7,0.0,0
2025,2,13,19.94,6.94,12.94,65.0,0,21.9,11.4,1014.3,27.1,3.7,197.6,8,0.0,0
2025,2,14,18.94,7.94,12.28,75.1,0,18.6,15.0,1013.1,31.8,3.1,184.0,8,0.0,0
2025,2,15,15.94,7.94,11.89,72.4,0,17.7,6.9,1015.2,72.2,3.2,120.8,5,0.0,0
2025,2,16,18.94,7.94,12.72,74.1,0,17.9,11.4,1016.3,41.8,3.2,189.3,8,0.0,0
2025,2,17,18.94,8.94,13.22,74.6,0,17.2,12.8,1019.5,48.0,2.9,170.7,6,0.0,0
2025,2,18,19.94,8.94,13.5,74.0,0,17.9,15.0,1018.4,46.0,3.3,160.1,6,0.0,0
2025,2,19,19.94,7.94,13.89,68.7,0,18.8,8.1,1017.7,39.6,3.3,207.8,8,0.0,0
2025,2,20,20.94,8.94,14.39,66.9,0,18.3,15.0,1020.1,58.0,3.2,202.1,8,0.0,0
2025,2,21,20.94,8.94,14.33,66.2,0,22.6,13.9,1019.8,39.5,4.2,215.5,8,0.0,0
2025,2,22,21.94,7.94,14.44,60.3,0,20.1,11.4,1019.8,26.0,4.0,216.9,8,0.0,0
2025,2,23,19.94,8.94,14.11,59.6,0,17.2,13.9,1021.0,43.8,4.0,191.1,8,0.0,0
2025,2,24,19.94,8.94,14.06,69.8,0,17.9,11.4,1021.6,39.1,3.4,193.4,8,0.0,0
2025,2,25,20.94,8.94,14.44,71.5,0,20.1,13.9,1022.9,48.0,3.5,211.2,8,0.0,0
2025,2,26,20.94,9.94,14.94,70.7,0,18.8,11.4,1023.3,50.2,3.3,229.5,8,0.0,0
2025,2,27,21.94,10.94,15.56,73.1,0,14.1,13.9,1020.6,67.4,3.2,132.3,5,0.0,0
2025,2,28,19.94,9.94,14.72,78.5,100,30.4,9.2,1020.3,86.4,3.2,92.8,4,3.0,1
2025,3,1,21.94,10.94,14.56,78.1,100,30.9,10.3,1018.7,67.5,4.6,216.1,9,9.3,1
2025,3,2,23.94,6.94,15.11,66.3,0,20.4,11.4,1013.9,25.0,4.6,258.5,9,0.0,0
2025,3,3,23.94,8.94,16.22,63.4,0,20.8,10.3,1014.3,24.1,5.2,253.1,9,0.0,0
2025,3,4,23.94,9.94,16.78,57.7,0,27.3,12.8,1014.3,25.0,4.6,242.8,9,0.0,0
2025,3,5,22.94,9.94,15.83,63.5,0,21.9,23.0,1011.7,25.0,4.4,240.9,9,0.0,0
2025,3,6,19.94,9.94,14.39,72.8,0,18.6,16.1,1014.9,58.6,3.8,168.8,6,0.0,0
2025,3,7,19.94,11.94,15.44,64.9,0,17.2,13.9,1014.3,74.3,3.9,114.7,4,0.0,0
2025,3,8,18.94,11.94,15.28,68.0,0,17.7,13.9,1013.7,78.0,3.7,175.4,7,0.0,0
2025,3,9,20.94,10.94,15.56,70.9,0,15.0,13.9,1019.1,77.0,3.2,164.6,6,0.0,0
2025,3,10,22.94,11.94,17.17,70.1,100,17.0,9.2,1022.3,66.4,2.9,176.7,6,1.5,1
2025,3,11,22.94,11.56,17.22,70.1,0,18.8,12.8,1018.5,75.0,4.9,178.8,7,1.4,1
2025,3,12,22.94,12.72,17.83,74.2,0,17.0,12.8,1014.3,84.6,3.4,184.0,7,3.1,1
2025,3,13,24.94,13.94,17.61,74.4,100,24.4,12.8,1013.3,62.3,3.3,208.1,7,1.3,1
2025,3,14,25.94,10.94,18.28,57.3,100,27.5,12.8,1015.0,26.0,4.8,266.2,9,0.3,1
2025,3,15,26.94,12.94,19.89,56.8,0,28.9,13.9,1017.7,41.8,4.5,261.1,9,0.0,0
2025,3,16,25.94,12.94,19.22,52.5,0,32.2,12.8,1017.5,46.5,4.8,216.2,8,0.0,0
2025,3,17,25.94,11.94,19.22,45.2,0,32.4,13.9,1015.9,39.1,4.8,243.7,8,0.0,0
2025,3,18,25.94,10.94,18.22,39.3,0,22.4,11.4,1015.3,38.1,5.2,285.3,10,0.0,0
2025,3,19,27.94,10.94,18.67,45.4,0,22.6,13.9,1018.7,26.0,4.6,272.7,9,0.0,0
2025,3,20,26.94,11.94,19.22,47.5,0,27.3,12.8,1020.5,27.1,4.4,267.0,10,0.0,0
2025,3,21,24.94,12.94,18.33,52.0,0,21.9,17.2,1019.6,40.7,3.9,235.8,9,0.0,0
2025,3,22,22.94,12.94,17.39,52.0,0,28.9,17.2,1019.7,61.2,4.8,239.6,9,0.0,0
2025,3,23,22.94,10.94,16.78,52.9,0,16.8,10.3,1021.0,49.6,5.1,246.1,8,0.0,0
2025,3,24,23.94,10.94,17.5,55.9,0,18.3,9.2,1020.8,27.1,4.5,288.3,9,0.0,0
2025,3,25,26.94,11.94,19.06,56.0,0,17.4,10.3,1016.8,25.0,3.9,295.2,10,0.0,0
2025,3,26,25.94,13.94,19.89,56.3,0,21.9,16.1,1013.4,23.6,5.2,268.6,9,0.0,0
2025,3,27,27.94,14.94,21.17,59.9,0,21.0,11.4,1011.8,22.2,4.2,284.2,10,0.0,0
2025,3,28,28.94,14.94,22.0,51.8,0,26.6,16.1,1011.4,22.1,4.7,276.6,9,0.0,0
2025,3,29,29.94,13.94,21.78,46.7,0,25.9,12.8,1012.3,25.0,3.4,295.5,10,0.0,0
2025,3,30,28.94,13.94,20.89,49.7,0,20.1,36.9,1015.5,29.7,2.6,294.2,10,0.0,0
2025,3,31,27.94,13.94,20.56,47.2,0,23.9,11.4,1016.5,26.0,2.4,290.3,10,0.0,0
2025,4,1,28.94,13.94,20.56,41.1,0,22.6,11.4,1015.9,25.0,2.5,295.7,10,0.0,0
2025,4,2,27.94,12.94,20.11,40.3,0,24.6,9.2,1017.2,73.3,3.1,255.3,9,0.0,0
2025,4,3,27.94,12.94,19.72,39.4,0,25.5,12.8,1018.6,49.5,1.9,298.8,10,0.0,0
2025,4,4,26.94,11.56,19.94,34.1,0,23.7,9.2,1016.7,42.3,5.1,286.2,9,0.0,0
2025,4,5,26.94,12.94,19.83,38.7,0,21.0,9.2,1015.9,40.2,2.6,296.6,10,0.0,0
2025,4,6,26.94,13.94,20.5,41.5,0,17.9,12.8,1016.3,39.1,2.8,292.1,10,0.0,0
2025,4,7,26.94,13.94,20.33,53.6,0,17.0,10.3,1018.7,59.1,2.2,286.8,10,0.0,0
2025,4,8,26.94,15.94,21.17,62.3,0,15.2,8.1,1021.5,78.0,2.1,209.7,8,0.0,0
2025,4,9,26.94,15.94,20.0,68.8,0,15.0,8.1,1019.2,64.3,2.6,223.9,8,4.8,1
2025,4,10,18.94,14.06,16.67,87.6,100,16.8,10.3,1013.6,89.9,5.1,127.7,6,8.9,1
2025,4,11,23.94,13.67,18.17,81.4,100,18.6,11.4,1012.7,75.8,4.1,195.4,7,4.8,1
2025,4,12,24.94,13.94,18.17,75.8,100,30.0,13.9,1015.1,43.8,4.2,283.1,10,8.1,1
2025,4,13,27.94,13.94,18.5,64.3,0,20.1,16.1,1017.0,62.0,4.4,269.2,10,4.8,1
2025,4,14,25.94,12.94,18.22,67.1,100,21.0,11.4,1018.1,53.4,4.7,238.1,8,0.8,1
2025,4,15,25.94,12.94,18.94,68.4,0,16.8,16.1,1018.5,53.8,4.3,277.5,9,0.1,1
2025,4,16,24.94,16.94,20.33,73.9,100,15.2,10.3,1017.0,66.5,4.0,260.5,9,0.3,1
2025,4,17,24.94,16.94,19.11,81.3,0,20.8,17.2,1015.1,75.4,3.5,226.8,7,1.8,1
2025,4,18,24.94,14.94,19.89,78.1,100,16.8,13.9,1013.8,53.8,4.6,226.6,9,2.5,1
2025,4,19,23.94,17.94,20.11,84.5,100,13.6,5.8,1014.9,83.3,4.0,189.1,7,5.6,1
2025,4,20,27.94,15.94,21.89,72.3,0,19.5,10.3,1014.3,31.8,4.4,254.8,8,0.0,0
2025,4,21,29.94,17.94,23.89,64.2,0,23.3,10.3,1016.0,28.1,4.2,295.6,10,0.0,0
2025,4,22,29.94,18.94,24.83,55.9,0,25.7,12.8,1015.4,25.0,4.1,302.1,10,0.0,0
2025,4,23,31.94,17.94,24.83,43.5,0,24.6,13.9,1011.9,25.2,4.6,314.6,10,0.0,0
2025,4,24,31.94,17.94,24.72,37.1,0,25.3,11.4,1011.4,25.0,4.3,314.4,10,0.0,0
2025,4,25,30.94,15.94,23.83,35.9,0,24.4,12.8,1013.3,25.0,4.3,316.9,10,0.0,0
2025,4,26,30.94,16.94,24.39,36.5,0,24.8,10.3,1013.8,32.3,4.2,307.2,10,0.0,0
2025,4,27,27.94,15.94,21.17,55.4,0,19.5,17.2,1016.8,54.4,3.9,272.7,9,1.5,1
2025,4,28,21.94,14.94,17.22,77.7,100,17.9,9.2,1016.3,86.4,4.1,146.2,7,3.0,1
2025,4,29,24.94,13.94,18.78,74.8,100,15.2,11.4,1015.8,68.5,4.5,194.6,6,4.3,1
2025,4,30,24.94,16.94,20.72,67.4,0,11.9,10.3,1017.0,83.3,4.4,186.8,6,2.0,1
2025,5,1,22.94,14.94,19.17,73.9,0,18.6,10.3,1019.5,79.0,4.8,186.8,6,11.8,1
2025,5,2,24.94,13.94,19.39,70.3,0,15.4,11.4,1018.0,53.3,4.5,250.5,8,3.1,1
2025,5,3,22.94,16.94,19.83,77.0,0,15.9,13.9,1015.3,67.5,4.2,236.9,8,0.7,1
2025,5,4,23.94,15.94,18.94,84.8,0,18.3,6.9,1015.2,79.0,4.6,232.4,8,16.9,1
2025,5,5,24.94,15.94,20.33,73.9,0,19.0,13.9,1015.2,65.4,4.4,246.1,9,4.8,1
2025,5,6,21.94,16.94,18.39,89.0,0,14.5,16.1,1015.0,78.0,3.9,167.8,5,6.3,1
2025,5,7,26.94,14.94,20.89,72.0,0,20.1,12.8,1014.0,31.8,4.8,270.7,9,8.1,1
2025,5,8,28.94,17.94,22.94,65.5,0,29.1,13.4,1014.6,29.2,5.1,285.4,9,0.0,0
2025,5,9,29.94,16.94,23.67,63.1,0,28.2,13.9,1015.7,41.8,4.9,260.9,8,0.0,0
2025,5,10,29.94,18.33,24.78,53.2,100,23.7,12.8,1014.7,33.6,6.0,279.7,9,0.0,0
2025,5,11,29.94,19.94,24.94,56.4,0,22.1,11.4,1013.5,45.4,4.9,260.5,8,0.0,0
2025,5,12,28.94,19.94,24.61,59.9,0,24.2,13.9,1011.4,58.6,4.4,237.3,8,0.0,0
2025,5,13,28.94,19.94,24.67,61.6,0,19.9,13.9,1011.5,47.0,4.6,280.9,9,0.0,0
2025,5,14,30.94,20.94,25.22,59.9,0,24.2,15.0,1012.6,48.0,4.8,268.3,8,0.0,0
2025,5,15,30.94,18.94,25.0,56.5,0,21.0,11.4,1013.2,48.6,4.7,284.8,8,0.0,0
2025,5,16,29.94,18.94,23.0,73.6,100,20.1,15.0,1013.6,69.6,4.0,252.0,8,2.0,1
2025,5,17,26.94,16.94,21.5,74.1,100,19.5,18.3,1013.1,52.3,4.3,247.3,8,3.6,1
2025,5,18,25.94,18.94,20.94,80.7,100,19.5,11.4,1014.2,75.9,4.0,240.5,8,30.5,1
2025,5,19,25.94,18.94,21.72,83.9,0,15.7,15.0,1013.2,87.7,4.2,134.6,5,0.0,0
2025,5,20,26.94,16.94,21.83,80.8,100,15.7,17.2,1011.8,72.2,4.9,123.7,5,15.2,1
2025,5,21,25.94,18.94,21.39,83.8,100,23.0,13.9,1012.9,66.4,4.5,238.8,8,10.9,1
2025,5,22,25.94,16.94,21.72,74.8,0,15.9,9.2,1013.1,72.4,5.1,247.0,9,0.0,0
2025,5,23,25.94,18.94,22.22,79.2,0,18.1,10.3,1011.6,84.8,4.1,215.2,7,0.0,0
2025,5,24,26.94,18.94,22.5,81.2,100,19.5,11.4,1012.8,83.3,4.6,218.2,8,22.1,1
2025,5,25,27.94,19.44,23.0,79.3,100,17.0,10.3,1013.7,68.5,5.3,221.5,9,0.5,1
2025,5,26,26.94,19.94,22.83,83.7,100,18.1,15.0,1012.1,81.7,4.7,186.3,7,3.0,1
2025,5,27,27.94,20.94,23.72,79.2,100,16.8,12.8,1009.7,80.1,5.1,219.4,8,0.0,0
2025,5,28,28.94,20.94,24.5,80.9,0,23.0,13.9,1008.3,79.6,4.8,236.4,8,0.0,0
2025,5,29,28.94,18.94,24.11,77.6,100,19.0,11.4,1006.5,52.2,5.5,229.2,8,43.4,1
2025,5,30,27.94,20.94,24.28,80.0,100,21.0,11.4,1004.3,68.0,5.5,206.2,7,6.4,1
2025,5,31,28.94,21.94,24.78,77.6,100,18.8,10.3,1007.1,79.0,4.6,217.0,8,2.3,1
2025,6,1,28.94,19.94,24.61,69.4,100,22.4,15.0,1007.4,67.0,4.5,294.1,10,1.0,1
2025,6,2,28.94,18.94,24.0,62.5,100,22.8,11.4,1007.5,60.2,4.7,289.2,9,0.0,0
2025,6,3,25.94,19.94,22.89,68.7,0,12.8,8.1,1009.8,81.2,4.2,152.3,5,0.0,0
2025,6,4,24.94,18.94,20.78,83.3,100,12.5,9.2,1012.3,83.3,4.6,128.3,4,2.5,1
2025,6,5,26.94,17.94,21.56,78.6,100,16.8,13.9,1015.2,78.5,4.7,186.3,9,1.0,1
2025,6,6,25.94,17.94,22.0,71.3,0,17.4,17.2,1015.2,57.5,5.0,266.1,8,0.0,0
2025,6,7,28.94,17.94,23.56,67.9,0,15.7,10.3,1014.2,31.3,5.2,283.8,9,0.0,0
2025,6,8,29.94,19.94,24.83,69.6,0,15.9,10.3,1013.0,40.1,4.7,262.1,9,0.0,0
2025,6,9,30.94,21.94,26.06,72.0,0,14.5,9.2,1011.8,42.2,4.3,295.5,9,0.0,0
2025,6,10,30.94,22.94,26.06,74.4,100,6.7,16.1,1011.4,66.9,3.7,319.3,10,1.5,1
2025,6,11,29.94,21.94,25.28,84.8,100,7.6,13.9,1012.5,83.3,3.9,313.4,10,16.8,1
2025,6,12,27.94,22.94,24.39,90.3,100,6.3,17.2,1012.7,86.4,3.7,277.1,9,0.3,1
2025,6,13,26.94,20.22,23.28,93.1,100,31.1,19.7,1012.7,85.7,4.9,180.9,6,25.9,1
2025,6,14,29.94,19.94,25.06,79.2,100,5.8,10.3,1010.6,72.6,5.1,220.1,10,0.0,0
2025,6,15,27.94,20.94,23.83,87.1,100,4.9,13.9,1010.0,88.5,4.1,240.9,9,9.7,1
2025,6,16,27.94,21.94,23.72,89.4,100,7.2,11.4,1009.8,88.0,4.1,221.5,10,5.3,1
2025,6,17,28.94,20.94,24.06,85.5,100,5.8,16.1,1009.3,81.7,4.7,215.2,9,41.1,1
2025,6,18,27.94,20.94,24.06,96.8,0,6.3,11.4,1007.5,88.0,5.0,263.0,8,0.0,0
2025,6,19,27.94,21.94,23.83,91.5,100,4.7,8.1,1007.0,90.0,4.2,55.3,2,23.6,1
2025,6,20,27.94,21.94,23.56,91.2,100,5.1,11.4,1008.7,88.0,4.3,222.3,9,32.8,1
2025,6,21,27.94,21.94,24.44,87.4,100,4.7,16.1,1009.4,83.3,5.0,254.5,9,6.6,1
2025,6,22,28.94,20.94,24.89,86.9,100,28.9,17.2,1009.5,88.5,4.6,222.7,9,0.8,1
2025,6,23,26.94,19.94,23.11,91.8,100,4.9,12.8,1007.6,88.4,4.7,281.7,9,60.5,1
2025,6,24,27.94,20.94,23.67,88.4,100,5.8,12.8,1007.0,79.0,4.7,222.2,7,17.0,1
2025,6,25,27.94,20.94,24.17,86.1,100,4.7,13.9,1010.5,81.7,4.4,220.5,7,8.9,1
2025,6,26,28.94,21.94,24.83,85.9,100,5.6,11.4,1011.7,75.9,4.6,301.5,9,9.9,1
2025,6,27,27.94,20.94,24.83,84.0,100,5.8,12.8,1010.3,80.1,5.1,266.0,9,18.8,1
2025,6,28,27.94,21.94,24.5,84.3,100,4.9,11.4,1009.3,86.4,4.5,262.4,7,3.8,1
2025,6,29,27.94,21.94,23.06,94.2,100,4.9,16.1,1006.8,88.0,4.4,153.8,6,19.9898,1
2025,6,30,24.94,20.33,21.72,90.7,100,6.9,3.4,1004.5,93.2,9.3,79.8,3,13.0048,1
